pays,code_pays,annee,indicateur,valeur,source
Burkina Faso,BFA,2000,Croissance du PIB réel (%),1.89,Banque mondiale (WDI)
Burkina Faso,BFA,2001,Croissance du PIB réel (%),6.61,Banque mondiale (WDI)
Burkina Faso,BFA,2002,Croissance du PIB réel (%),4.35,Banque mondiale (WDI)
Burkina Faso,BFA,2003,Croissance du PIB réel (%),7.8,Banque mondiale (WDI)
Burkina Faso,BFA,2004,Croissance du PIB réel (%),4.48,Banque mondiale (WDI)
Burkina Faso,BFA,2005,Croissance du PIB réel (%),8.66,Banque mondiale (WDI)
Burkina Faso,BFA,2006,Croissance du PIB réel (%),6.25,Banque mondiale (WDI)
Burkina Faso,BFA,2007,Croissance du PIB réel (%),4.11,Banque mondiale (WDI)
Burkina Faso,BFA,2008,Croissance du PIB réel (%),5.8,Banque mondiale (WDI)
Burkina Faso,BFA,2009,Croissance du PIB réel (%),2.96,Banque mondiale (WDI)
Burkina Faso,BFA,2010,Croissance du PIB réel (%),8.45,Banque mondiale (WDI)
Burkina Faso,BFA,2011,Croissance du PIB réel (%),6.62,Banque mondiale (WDI)
Burkina Faso,BFA,2012,Croissance du PIB réel (%),6.45,Banque mondiale (WDI)
Burkina Faso,BFA,2013,Croissance du PIB réel (%),5.79,Banque mondiale (WDI)
Burkina Faso,BFA,2014,Croissance du PIB réel (%),4.33,Banque mondiale (WDI)
Burkina Faso,BFA,2015,Croissance du PIB réel (%),3.92,Banque mondiale (WDI)
Burkina Faso,BFA,2016,Croissance du PIB réel (%),5.96,Banque mondiale (WDI)
Burkina Faso,BFA,2017,Croissance du PIB réel (%),6.2,Banque mondiale (WDI)
Burkina Faso,BFA,2018,Croissance du PIB réel (%),6.6,Banque mondiale (WDI)
Burkina Faso,BFA,2019,Croissance du PIB réel (%),5.89,Banque mondiale (WDI)
Burkina Faso,BFA,2020,Croissance du PIB réel (%),2.01,Banque mondiale (WDI)
Burkina Faso,BFA,2021,Croissance du PIB réel (%),6.94,Banque mondiale (WDI)
Burkina Faso,BFA,2022,Croissance du PIB réel (%),1.63,Banque mondiale (WDI)
Burkina Faso,BFA,2023,Croissance du PIB réel (%),3.0,Banque mondiale (WDI)
Burkina Faso,BFA,2024,Croissance du PIB réel (%),4.83,Banque mondiale (WDI)
Burkina Faso,BFA,2025,Croissance du PIB réel (%),5.29,Banque mondiale (WDI)
Bénin,BEN,2000,Croissance du PIB réel (%),5.86,Banque mondiale (WDI)
Bénin,BEN,2001,Croissance du PIB réel (%),5.33,Banque mondiale (WDI)
Bénin,BEN,2002,Croissance du PIB réel (%),4.64,Banque mondiale (WDI)
Bénin,BEN,2003,Croissance du PIB réel (%),3.44,Banque mondiale (WDI)
Bénin,BEN,2004,Croissance du PIB réel (%),4.43,Banque mondiale (WDI)
Bénin,BEN,2005,Croissance du PIB réel (%),1.71,Banque mondiale (WDI)
Bénin,BEN,2006,Croissance du PIB réel (%),3.94,Banque mondiale (WDI)
Bénin,BEN,2007,Croissance du PIB réel (%),5.99,Banque mondiale (WDI)
Bénin,BEN,2008,Croissance du PIB réel (%),4.9,Banque mondiale (WDI)
Bénin,BEN,2009,Croissance du PIB réel (%),2.32,Banque mondiale (WDI)
Bénin,BEN,2010,Croissance du PIB réel (%),2.11,Banque mondiale (WDI)
Bénin,BEN,2011,Croissance du PIB réel (%),2.96,Banque mondiale (WDI)
Bénin,BEN,2012,Croissance du PIB réel (%),4.81,Banque mondiale (WDI)
Bénin,BEN,2013,Croissance du PIB réel (%),7.19,Banque mondiale (WDI)
Bénin,BEN,2014,Croissance du PIB réel (%),6.36,Banque mondiale (WDI)
Bénin,BEN,2015,Croissance du PIB réel (%),1.78,Banque mondiale (WDI)
Bénin,BEN,2016,Croissance du PIB réel (%),3.34,Banque mondiale (WDI)
Bénin,BEN,2017,Croissance du PIB réel (%),5.67,Banque mondiale (WDI)
Bénin,BEN,2018,Croissance du PIB réel (%),6.7,Banque mondiale (WDI)
Bénin,BEN,2019,Croissance du PIB réel (%),6.87,Banque mondiale (WDI)
Bénin,BEN,2020,Croissance du PIB réel (%),3.85,Banque mondiale (WDI)
Bénin,BEN,2021,Croissance du PIB réel (%),7.16,Banque mondiale (WDI)
Bénin,BEN,2022,Croissance du PIB réel (%),6.25,Banque mondiale (WDI)
Bénin,BEN,2023,Croissance du PIB réel (%),6.35,Banque mondiale (WDI)
Bénin,BEN,2024,Croissance du PIB réel (%),7.45,Banque mondiale (WDI)
Bénin,BEN,2025,Croissance du PIB réel (%),8.07,Banque mondiale (WDI)
Côte d'Ivoire,CIV,2000,Croissance du PIB réel (%),-0.27,Banque mondiale (WDI)
Côte d'Ivoire,CIV,2001,Croissance du PIB réel (%),-2.15,Banque mondiale (WDI)
Côte d'Ivoire,CIV,2002,Croissance du PIB réel (%),-2.73,Banque mondiale (WDI)
Côte d'Ivoire,CIV,2003,Croissance du PIB réel (%),-4.73,Banque mondiale (WDI)
Côte d'Ivoire,CIV,2004,Croissance du PIB réel (%),3.19,Banque mondiale (WDI)
Côte d'Ivoire,CIV,2005,Croissance du PIB réel (%),1.0,Banque mondiale (WDI)
Côte d'Ivoire,CIV,2006,Croissance du PIB réel (%),2.82,Banque mondiale (WDI)
Côte d'Ivoire,CIV,2007,Croissance du PIB réel (%),1.1,Banque mondiale (WDI)
Côte d'Ivoire,CIV,2008,Croissance du PIB réel (%),4.78,Banque mondiale (WDI)
Côte d'Ivoire,CIV,2009,Croissance du PIB réel (%),3.6,Banque mondiale (WDI)
Côte d'Ivoire,CIV,2010,Croissance du PIB réel (%),6.85,Banque mondiale (WDI)
Côte d'Ivoire,CIV,2011,Croissance du PIB réel (%),-5.37,Banque mondiale (WDI)
Côte d'Ivoire,CIV,2012,Croissance du PIB réel (%),7.62,Banque mondiale (WDI)
Côte d'Ivoire,CIV,2013,Croissance du PIB réel (%),10.76,Banque mondiale (WDI)
Côte d'Ivoire,CIV,2014,Croissance du PIB réel (%),9.37,Banque mondiale (WDI)
Côte d'Ivoire,CIV,2015,Croissance du PIB réel (%),7.19,Banque mondiale (WDI)
Côte d'Ivoire,CIV,2016,Croissance du PIB réel (%),7.17,Banque mondiale (WDI)
Côte d'Ivoire,CIV,2017,Croissance du PIB réel (%),7.41,Banque mondiale (WDI)
Côte d'Ivoire,CIV,2018,Croissance du PIB réel (%),4.84,Banque mondiale (WDI)
Côte d'Ivoire,CIV,2019,Croissance du PIB réel (%),6.72,Banque mondiale (WDI)
Côte d'Ivoire,CIV,2020,Croissance du PIB réel (%),0.7,Banque mondiale (WDI)
Côte d'Ivoire,CIV,2021,Croissance du PIB réel (%),7.06,Banque mondiale (WDI)
Côte d'Ivoire,CIV,2022,Croissance du PIB réel (%),6.4,Banque mondiale (WDI)
Côte d'Ivoire,CIV,2023,Croissance du PIB réel (%),6.6,Banque mondiale (WDI)
Côte d'Ivoire,CIV,2024,Croissance du PIB réel (%),6.02,Banque mondiale (WDI)
Côte d'Ivoire,CIV,2025,Croissance du PIB réel (%),6.5,Banque mondiale (WDI)
Guinée-Bissau,GNB,2000,Croissance du PIB réel (%),1.1,Banque mondiale (WDI)
Guinée-Bissau,GNB,2001,Croissance du PIB réel (%),4.79,Banque mondiale (WDI)
Guinée-Bissau,GNB,2002,Croissance du PIB réel (%),3.65,Banque mondiale (WDI)
Guinée-Bissau,GNB,2003,Croissance du PIB réel (%),-0.29,Banque mondiale (WDI)
Guinée-Bissau,GNB,2004,Croissance du PIB réel (%),1.17,Banque mondiale (WDI)
Guinée-Bissau,GNB,2005,Croissance du PIB réel (%),6.56,Banque mondiale (WDI)
Guinée-Bissau,GNB,2006,Croissance du PIB réel (%),2.67,Banque mondiale (WDI)
Guinée-Bissau,GNB,2007,Croissance du PIB réel (%),2.56,Banque mondiale (WDI)
Guinée-Bissau,GNB,2008,Croissance du PIB réel (%),4.52,Banque mondiale (WDI)
Guinée-Bissau,GNB,2009,Croissance du PIB réel (%),2.45,Banque mondiale (WDI)
Guinée-Bissau,GNB,2010,Croissance du PIB réel (%),5.61,Banque mondiale (WDI)
Guinée-Bissau,GNB,2011,Croissance du PIB réel (%),8.09,Banque mondiale (WDI)
Guinée-Bissau,GNB,2012,Croissance du PIB réel (%),-1.71,Banque mondiale (WDI)
Guinée-Bissau,GNB,2013,Croissance du PIB réel (%),3.26,Banque mondiale (WDI)
Guinée-Bissau,GNB,2014,Croissance du PIB réel (%),0.96,Banque mondiale (WDI)
Guinée-Bissau,GNB,2015,Croissance du PIB réel (%),6.13,Banque mondiale (WDI)
Guinée-Bissau,GNB,2016,Croissance du PIB réel (%),5.43,Banque mondiale (WDI)
Guinée-Bissau,GNB,2017,Croissance du PIB réel (%),4.66,Banque mondiale (WDI)
Guinée-Bissau,GNB,2018,Croissance du PIB réel (%),3.76,Banque mondiale (WDI)
Guinée-Bissau,GNB,2019,Croissance du PIB réel (%),5.33,Banque mondiale (WDI)
Guinée-Bissau,GNB,2020,Croissance du PIB réel (%),2.89,Banque mondiale (WDI)
Guinée-Bissau,GNB,2021,Croissance du PIB réel (%),5.02,Banque mondiale (WDI)
Guinée-Bissau,GNB,2022,Croissance du PIB réel (%),5.46,Banque mondiale (WDI)
Guinée-Bissau,GNB,2023,Croissance du PIB réel (%),4.63,Banque mondiale (WDI)
Guinée-Bissau,GNB,2024,Croissance du PIB réel (%),4.41,Banque mondiale (WDI)
Guinée-Bissau,GNB,2025,Croissance du PIB réel (%),5.82,Banque mondiale (WDI)
Mali,MLI,2000,Croissance du PIB réel (%),-0.74,Banque mondiale (WDI)
Mali,MLI,2001,Croissance du PIB réel (%),15.81,Banque mondiale (WDI)
Mali,MLI,2002,Croissance du PIB réel (%),3.04,Banque mondiale (WDI)
Mali,MLI,2003,Croissance du PIB réel (%),9.8,Banque mondiale (WDI)
Mali,MLI,2004,Croissance du PIB réel (%),1.48,Banque mondiale (WDI)
Mali,MLI,2005,Croissance du PIB réel (%),2.54,Banque mondiale (WDI)
Mali,MLI,2006,Croissance du PIB réel (%),3.69,Banque mondiale (WDI)
Mali,MLI,2007,Croissance du PIB réel (%),1.76,Banque mondiale (WDI)
Mali,MLI,2008,Croissance du PIB réel (%),3.64,Banque mondiale (WDI)
Mali,MLI,2009,Croissance du PIB réel (%),5.45,Banque mondiale (WDI)
Mali,MLI,2010,Croissance du PIB réel (%),5.58,Banque mondiale (WDI)
Mali,MLI,2011,Croissance du PIB réel (%),2.94,Banque mondiale (WDI)
Mali,MLI,2012,Croissance du PIB réel (%),-1.07,Banque mondiale (WDI)
Mali,MLI,2013,Croissance du PIB réel (%),3.29,Banque mondiale (WDI)
Mali,MLI,2014,Croissance du PIB réel (%),6.5,Banque mondiale (WDI)
Mali,MLI,2015,Croissance du PIB réel (%),6.24,Banque mondiale (WDI)
Mali,MLI,2016,Croissance du PIB réel (%),6.01,Banque mondiale (WDI)
Mali,MLI,2017,Croissance du PIB réel (%),5.38,Banque mondiale (WDI)
Mali,MLI,2018,Croissance du PIB réel (%),4.87,Banque mondiale (WDI)
Mali,MLI,2019,Croissance du PIB réel (%),5.0,Banque mondiale (WDI)
Mali,MLI,2020,Croissance du PIB réel (%),-1.17,Banque mondiale (WDI)
Mali,MLI,2021,Croissance du PIB réel (%),3.1,Banque mondiale (WDI)
Mali,MLI,2022,Croissance du PIB réel (%),3.7,Banque mondiale (WDI)
Mali,MLI,2023,Croissance du PIB réel (%),4.76,Banque mondiale (WDI)
Mali,MLI,2024,Croissance du PIB réel (%),5.02,Banque mondiale (WDI)
Mali,MLI,2025,Croissance du PIB réel (%),5.6,Banque mondiale (WDI)
Niger,NER,2000,Croissance du PIB réel (%),-1.21,Banque mondiale (WDI)
Niger,NER,2001,Croissance du PIB réel (%),7.27,Banque mondiale (WDI)
Niger,NER,2002,Croissance du PIB réel (%),4.92,Banque mondiale (WDI)
Niger,NER,2003,Croissance du PIB réel (%),2.17,Banque mondiale (WDI)
Niger,NER,2004,Croissance du PIB réel (%),0.36,Banque mondiale (WDI)
Niger,NER,2005,Croissance du PIB réel (%),7.33,Banque mondiale (WDI)
Niger,NER,2006,Croissance du PIB réel (%),5.93,Banque mondiale (WDI)
Niger,NER,2007,Croissance du PIB réel (%),3.14,Banque mondiale (WDI)
Niger,NER,2008,Croissance du PIB réel (%),7.73,Banque mondiale (WDI)
Niger,NER,2009,Croissance du PIB réel (%),1.96,Banque mondiale (WDI)
Niger,NER,2010,Croissance du PIB réel (%),8.58,Banque mondiale (WDI)
Niger,NER,2011,Croissance du PIB réel (%),2.36,Banque mondiale (WDI)
Niger,NER,2012,Croissance du PIB réel (%),10.55,Banque mondiale (WDI)
Niger,NER,2013,Croissance du PIB réel (%),5.32,Banque mondiale (WDI)
Niger,NER,2014,Croissance du PIB réel (%),6.64,Banque mondiale (WDI)
Niger,NER,2015,Croissance du PIB réel (%),4.39,Banque mondiale (WDI)
Niger,NER,2016,Croissance du PIB réel (%),4.28,Banque mondiale (WDI)
Niger,NER,2017,Croissance du PIB réel (%),5.53,Banque mondiale (WDI)
Niger,NER,2018,Croissance du PIB réel (%),6.89,Banque mondiale (WDI)
Niger,NER,2019,Croissance du PIB réel (%),6.08,Banque mondiale (WDI)
Niger,NER,2020,Croissance du PIB réel (%),4.45,Banque mondiale (WDI)
Niger,NER,2021,Croissance du PIB réel (%),1.12,Banque mondiale (WDI)
Niger,NER,2022,Croissance du PIB réel (%),12.22,Banque mondiale (WDI)
Niger,NER,2023,Croissance du PIB réel (%),2.64,Banque mondiale (WDI)
Niger,NER,2024,Croissance du PIB réel (%),8.32,Banque mondiale (WDI)
Niger,NER,2025,Croissance du PIB réel (%),7.01,Banque mondiale (WDI)
Sénégal,SEN,2000,Croissance du PIB réel (%),3.89,Banque mondiale (WDI)
Sénégal,SEN,2001,Croissance du PIB réel (%),4.31,Banque mondiale (WDI)
Sénégal,SEN,2002,Croissance du PIB réel (%),0.07,Banque mondiale (WDI)
Sénégal,SEN,2003,Croissance du PIB réel (%),5.59,Banque mondiale (WDI)
Sénégal,SEN,2004,Croissance du PIB réel (%),4.64,Banque mondiale (WDI)
Sénégal,SEN,2005,Croissance du PIB réel (%),4.31,Banque mondiale (WDI)
Sénégal,SEN,2006,Croissance du PIB réel (%),2.33,Banque mondiale (WDI)
Sénégal,SEN,2007,Croissance du PIB réel (%),2.83,Banque mondiale (WDI)
Sénégal,SEN,2008,Croissance du PIB réel (%),3.7,Banque mondiale (WDI)
Sénégal,SEN,2009,Croissance du PIB réel (%),2.75,Banque mondiale (WDI)
Sénégal,SEN,2010,Croissance du PIB réel (%),3.39,Banque mondiale (WDI)
Sénégal,SEN,2011,Croissance du PIB réel (%),1.33,Banque mondiale (WDI)
Sénégal,SEN,2012,Croissance du PIB réel (%),4.0,Banque mondiale (WDI)
Sénégal,SEN,2013,Croissance du PIB réel (%),2.41,Banque mondiale (WDI)
Sénégal,SEN,2014,Croissance du PIB réel (%),6.22,Banque mondiale (WDI)
Sénégal,SEN,2015,Croissance du PIB réel (%),6.37,Banque mondiale (WDI)
Sénégal,SEN,2016,Croissance du PIB réel (%),6.36,Banque mondiale (WDI)
Sénégal,SEN,2017,Croissance du PIB réel (%),7.41,Banque mondiale (WDI)
Sénégal,SEN,2018,Croissance du PIB réel (%),6.21,Banque mondiale (WDI)
Sénégal,SEN,2019,Croissance du PIB réel (%),4.61,Banque mondiale (WDI)
Sénégal,SEN,2020,Croissance du PIB réel (%),1.34,Banque mondiale (WDI)
Sénégal,SEN,2021,Croissance du PIB réel (%),6.54,Banque mondiale (WDI)
Sénégal,SEN,2022,Croissance du PIB réel (%),3.85,Banque mondiale (WDI)
Sénégal,SEN,2023,Croissance du PIB réel (%),4.26,Banque mondiale (WDI)
Sénégal,SEN,2024,Croissance du PIB réel (%),6.46,Banque mondiale (WDI)
Sénégal,SEN,2025,Croissance du PIB réel (%),6.68,Banque mondiale (WDI)
Togo,TGO,2000,Croissance du PIB réel (%),-0.78,Banque mondiale (WDI)
Togo,TGO,2001,Croissance du PIB réel (%),0.82,Banque mondiale (WDI)
Togo,TGO,2002,Croissance du PIB réel (%),3.83,Banque mondiale (WDI)
Togo,TGO,2003,Croissance du PIB réel (%),6.72,Banque mondiale (WDI)
Togo,TGO,2004,Croissance du PIB réel (%),-0.98,Banque mondiale (WDI)
Togo,TGO,2005,Croissance du PIB réel (%),-4.67,Banque mondiale (WDI)
Togo,TGO,2006,Croissance du PIB réel (%),2.65,Banque mondiale (WDI)
Togo,TGO,2007,Croissance du PIB réel (%),-1.18,Banque mondiale (WDI)
Togo,TGO,2008,Croissance du PIB réel (%),4.04,Banque mondiale (WDI)
Togo,TGO,2009,Croissance du PIB réel (%),5.45,Banque mondiale (WDI)
Togo,TGO,2010,Croissance du PIB réel (%),5.85,Banque mondiale (WDI)
Togo,TGO,2011,Croissance du PIB réel (%),5.82,Banque mondiale (WDI)
Togo,TGO,2012,Croissance du PIB réel (%),6.3,Banque mondiale (WDI)
Togo,TGO,2013,Croissance du PIB réel (%),5.82,Banque mondiale (WDI)
Togo,TGO,2014,Croissance du PIB réel (%),5.63,Banque mondiale (WDI)
Togo,TGO,2015,Croissance du PIB réel (%),5.47,Banque mondiale (WDI)
Togo,TGO,2016,Croissance du PIB réel (%),4.21,Banque mondiale (WDI)
Togo,TGO,2017,Croissance du PIB réel (%),4.01,Banque mondiale (WDI)
Togo,TGO,2018,Croissance du PIB réel (%),4.8,Banque mondiale (WDI)
Togo,TGO,2019,Croissance du PIB réel (%),4.92,Banque mondiale (WDI)
Togo,TGO,2020,Croissance du PIB réel (%),2.16,Banque mondiale (WDI)
Togo,TGO,2021,Croissance du PIB réel (%),5.14,Banque mondiale (WDI)
Togo,TGO,2022,Croissance du PIB réel (%),6.29,Banque mondiale (WDI)
Togo,TGO,2023,Croissance du PIB réel (%),6.2,Banque mondiale (WDI)
Togo,TGO,2024,Croissance du PIB réel (%),6.53,Banque mondiale (WDI)
Togo,TGO,2025,Croissance du PIB réel (%),6.31,Banque mondiale (WDI)
Burkina Faso,BFA,2002,Dette publique (% du PIB),43.3,FMI (WEO)
Burkina Faso,BFA,2003,Dette publique (% du PIB),39.7,FMI (WEO)
Burkina Faso,BFA,2004,Dette publique (% du PIB),40.7,FMI (WEO)
Burkina Faso,BFA,2005,Dette publique (% du PIB),39.2,FMI (WEO)
Burkina Faso,BFA,2006,Dette publique (% du PIB),20.1,FMI (WEO)
Burkina Faso,BFA,2007,Dette publique (% du PIB),22.4,FMI (WEO)
Burkina Faso,BFA,2008,Dette publique (% du PIB),24.9,FMI (WEO)
Burkina Faso,BFA,2009,Dette publique (% du PIB),25.9,FMI (WEO)
Burkina Faso,BFA,2010,Dette publique (% du PIB),23.7,FMI (WEO)
Burkina Faso,BFA,2011,Dette publique (% du PIB),24.5,FMI (WEO)
Burkina Faso,BFA,2012,Dette publique (% du PIB),25.2,FMI (WEO)
Burkina Faso,BFA,2013,Dette publique (% du PIB),25.9,FMI (WEO)
Burkina Faso,BFA,2014,Dette publique (% du PIB),26.1,FMI (WEO)
Burkina Faso,BFA,2015,Dette publique (% du PIB),31.3,FMI (WEO)
Burkina Faso,BFA,2016,Dette publique (% du PIB),32.9,FMI (WEO)
Burkina Faso,BFA,2017,Dette publique (% du PIB),33.9,FMI (WEO)
Burkina Faso,BFA,2018,Dette publique (% du PIB),38.1,FMI (WEO)
Burkina Faso,BFA,2019,Dette publique (% du PIB),41.7,FMI (WEO)
Burkina Faso,BFA,2020,Dette publique (% du PIB),43.6,FMI (WEO)
Burkina Faso,BFA,2021,Dette publique (% du PIB),55.5,FMI (WEO)
Burkina Faso,BFA,2022,Dette publique (% du PIB),59.2,FMI (WEO)
Burkina Faso,BFA,2023,Dette publique (% du PIB),56.8,FMI (WEO)
Burkina Faso,BFA,2024,Dette publique (% du PIB),57.2,FMI (WEO)
Burkina Faso,BFA,2025,Dette publique (% du PIB),52.0,FMI (WEO)
Bénin,BEN,2000,Dette publique (% du PIB),39.6,FMI (WEO)
Bénin,BEN,2001,Dette publique (% du PIB),38.0,FMI (WEO)
Bénin,BEN,2002,Dette publique (% du PIB),30.8,FMI (WEO)
Bénin,BEN,2003,Dette publique (% du PIB),23.4,FMI (WEO)
Bénin,BEN,2004,Dette publique (% du PIB),21.5,FMI (WEO)
Bénin,BEN,2005,Dette publique (% du PIB),27.0,FMI (WEO)
Bénin,BEN,2006,Dette publique (% du PIB),8.4,FMI (WEO)
Bénin,BEN,2007,Dette publique (% du PIB),14.3,FMI (WEO)
Bénin,BEN,2008,Dette publique (% du PIB),18.3,FMI (WEO)
Bénin,BEN,2009,Dette publique (% du PIB),18.7,FMI (WEO)
Bénin,BEN,2010,Dette publique (% du PIB),21.0,FMI (WEO)
Bénin,BEN,2011,Dette publique (% du PIB),21.9,FMI (WEO)
Bénin,BEN,2012,Dette publique (% du PIB),19.5,FMI (WEO)
Bénin,BEN,2013,Dette publique (% du PIB),18.5,FMI (WEO)
Bénin,BEN,2014,Dette publique (% du PIB),22.3,FMI (WEO)
Bénin,BEN,2015,Dette publique (% du PIB),30.9,FMI (WEO)
Bénin,BEN,2016,Dette publique (% du PIB),35.9,FMI (WEO)
Bénin,BEN,2017,Dette publique (% du PIB),39.4,FMI (WEO)
Bénin,BEN,2018,Dette publique (% du PIB),40.8,FMI (WEO)
Bénin,BEN,2019,Dette publique (% du PIB),40.4,FMI (WEO)
Bénin,BEN,2020,Dette publique (% du PIB),46.1,FMI (WEO)
Bénin,BEN,2021,Dette publique (% du PIB),55.6,FMI (WEO)
Bénin,BEN,2022,Dette publique (% du PIB),59.7,FMI (WEO)
Bénin,BEN,2023,Dette publique (% du PIB),61.3,FMI (WEO)
Bénin,BEN,2024,Dette publique (% du PIB),60.5,FMI (WEO)
Bénin,BEN,2025,Dette publique (% du PIB),57.3,FMI (WEO)
Côte d'Ivoire,CIV,2000,Dette publique (% du PIB),74.0,FMI (WEO)
Côte d'Ivoire,CIV,2001,Dette publique (% du PIB),71.2,FMI (WEO)
Côte d'Ivoire,CIV,2002,Dette publique (% du PIB),63.0,FMI (WEO)
Côte d'Ivoire,CIV,2003,Dette publique (% du PIB),56.4,FMI (WEO)
Côte d'Ivoire,CIV,2004,Dette publique (% du PIB),56.7,FMI (WEO)
Côte d'Ivoire,CIV,2005,Dette publique (% du PIB),58.2,FMI (WEO)
Côte d'Ivoire,CIV,2006,Dette publique (% du PIB),57.5,FMI (WEO)
Côte d'Ivoire,CIV,2007,Dette publique (% du PIB),53.5,FMI (WEO)
Côte d'Ivoire,CIV,2008,Dette publique (% du PIB),51.2,FMI (WEO)
Côte d'Ivoire,CIV,2009,Dette publique (% du PIB),46.5,FMI (WEO)
Côte d'Ivoire,CIV,2010,Dette publique (% du PIB),45.6,FMI (WEO)
Côte d'Ivoire,CIV,2011,Dette publique (% du PIB),50.0,FMI (WEO)
Côte d'Ivoire,CIV,2012,Dette publique (% du PIB),24.7,FMI (WEO)
Côte d'Ivoire,CIV,2013,Dette publique (% du PIB),24.6,FMI (WEO)
Côte d'Ivoire,CIV,2014,Dette publique (% du PIB),26.7,FMI (WEO)
Côte d'Ivoire,CIV,2015,Dette publique (% du PIB),29.2,FMI (WEO)
Côte d'Ivoire,CIV,2016,Dette publique (% du PIB),31.1,FMI (WEO)
Côte d'Ivoire,CIV,2017,Dette publique (% du PIB),32.6,FMI (WEO)
Côte d'Ivoire,CIV,2018,Dette publique (% du PIB),35.3,FMI (WEO)
Côte d'Ivoire,CIV,2019,Dette publique (% du PIB),37.2,FMI (WEO)
Côte d'Ivoire,CIV,2020,Dette publique (% du PIB),46.3,FMI (WEO)
Côte d'Ivoire,CIV,2021,Dette publique (% du PIB),50.2,FMI (WEO)
Côte d'Ivoire,CIV,2022,Dette publique (% du PIB),56.0,FMI (WEO)
Côte d'Ivoire,CIV,2023,Dette publique (% du PIB),56.7,FMI (WEO)
Côte d'Ivoire,CIV,2024,Dette publique (% du PIB),59.5,FMI (WEO)
Côte d'Ivoire,CIV,2025,Dette publique (% du PIB),56.3,FMI (WEO)
Guinée-Bissau,GNB,2000,Dette publique (% du PIB),217.1,FMI (WEO)
Guinée-Bissau,GNB,2001,Dette publique (% du PIB),204.4,FMI (WEO)
Guinée-Bissau,GNB,2002,Dette publique (% du PIB),197.5,FMI (WEO)
Guinée-Bissau,GNB,2003,Dette publique (% du PIB),183.4,FMI (WEO)
Guinée-Bissau,GNB,2004,Dette publique (% du PIB),202.0,FMI (WEO)
Guinée-Bissau,GNB,2005,Dette publique (% du PIB),203.7,FMI (WEO)
Guinée-Bissau,GNB,2006,Dette publique (% du PIB),190.4,FMI (WEO)
Guinée-Bissau,GNB,2007,Dette publique (% du PIB),164.0,FMI (WEO)
Guinée-Bissau,GNB,2008,Dette publique (% du PIB),148.8,FMI (WEO)
Guinée-Bissau,GNB,2009,Dette publique (% du PIB),148.3,FMI (WEO)
Guinée-Bissau,GNB,2010,Dette publique (% du PIB),61.7,FMI (WEO)
Guinée-Bissau,GNB,2011,Dette publique (% du PIB),45.6,FMI (WEO)
Guinée-Bissau,GNB,2012,Dette publique (% du PIB),47.4,FMI (WEO)
Guinée-Bissau,GNB,2013,Dette publique (% du PIB),49.6,FMI (WEO)
Guinée-Bissau,GNB,2014,Dette publique (% du PIB),60.1,FMI (WEO)
Guinée-Bissau,GNB,2015,Dette publique (% du PIB),56.3,FMI (WEO)
Guinée-Bissau,GNB,2016,Dette publique (% du PIB),59.1,FMI (WEO)
Guinée-Bissau,GNB,2017,Dette publique (% du PIB),51.8,FMI (WEO)
Guinée-Bissau,GNB,2018,Dette publique (% du PIB),59.1,FMI (WEO)
Guinée-Bissau,GNB,2019,Dette publique (% du PIB),65.1,FMI (WEO)
Guinée-Bissau,GNB,2020,Dette publique (% du PIB),77.6,FMI (WEO)
Guinée-Bissau,GNB,2021,Dette publique (% du PIB),78.8,FMI (WEO)
Guinée-Bissau,GNB,2022,Dette publique (% du PIB),80.7,FMI (WEO)
Guinée-Bissau,GNB,2023,Dette publique (% du PIB),79.4,FMI (WEO)
Guinée-Bissau,GNB,2024,Dette publique (% du PIB),82.4,FMI (WEO)
Guinée-Bissau,GNB,2025,Dette publique (% du PIB),75.3,FMI (WEO)
Mali,MLI,2000,Dette publique (% du PIB),77.0,FMI (WEO)
Mali,MLI,2001,Dette publique (% du PIB),66.3,FMI (WEO)
Mali,MLI,2002,Dette publique (% du PIB),36.0,FMI (WEO)
Mali,MLI,2003,Dette publique (% du PIB),37.7,FMI (WEO)
Mali,MLI,2004,Dette publique (% du PIB),36.1,FMI (WEO)
Mali,MLI,2005,Dette publique (% du PIB),39.5,FMI (WEO)
Mali,MLI,2006,Dette publique (% du PIB),15.4,FMI (WEO)
Mali,MLI,2007,Dette publique (% du PIB),15.6,FMI (WEO)
Mali,MLI,2008,Dette publique (% du PIB),17.3,FMI (WEO)
Mali,MLI,2009,Dette publique (% du PIB),18.8,FMI (WEO)
Mali,MLI,2010,Dette publique (% du PIB),21.8,FMI (WEO)
Mali,MLI,2011,Dette publique (% du PIB),20.1,FMI (WEO)
Mali,MLI,2012,Dette publique (% du PIB),21.3,FMI (WEO)
Mali,MLI,2013,Dette publique (% du PIB),22.2,FMI (WEO)
Mali,MLI,2014,Dette publique (% du PIB),22.6,FMI (WEO)
Mali,MLI,2015,Dette publique (% du PIB),25.8,FMI (WEO)
Mali,MLI,2016,Dette publique (% du PIB),30.1,FMI (WEO)
Mali,MLI,2017,Dette publique (% du PIB),30.1,FMI (WEO)
Mali,MLI,2018,Dette publique (% du PIB),31.4,FMI (WEO)
Mali,MLI,2019,Dette publique (% du PIB),34.3,FMI (WEO)
Mali,MLI,2020,Dette publique (% du PIB),39.8,FMI (WEO)
Mali,MLI,2021,Dette publique (% du PIB),43.2,FMI (WEO)
Mali,MLI,2022,Dette publique (% du PIB),42.9,FMI (WEO)
Mali,MLI,2023,Dette publique (% du PIB),44.3,FMI (WEO)
Mali,MLI,2024,Dette publique (% du PIB),44.0,FMI (WEO)
Mali,MLI,2025,Dette publique (% du PIB),41.9,FMI (WEO)
Niger,NER,2000,Dette publique (% du PIB),82.1,FMI (WEO)
Niger,NER,2001,Dette publique (% du PIB),74.0,FMI (WEO)
Niger,NER,2002,Dette publique (% du PIB),69.0,FMI (WEO)
Niger,NER,2003,Dette publique (% du PIB),60.6,FMI (WEO)
Niger,NER,2004,Dette publique (% du PIB),55.0,FMI (WEO)
Niger,NER,2005,Dette publique (% du PIB),49.5,FMI (WEO)
Niger,NER,2006,Dette publique (% du PIB),18.3,FMI (WEO)
Niger,NER,2007,Dette publique (% du PIB),17.8,FMI (WEO)
Niger,NER,2008,Dette publique (% du PIB),14.2,FMI (WEO)
Niger,NER,2009,Dette publique (% du PIB),15.9,FMI (WEO)
Niger,NER,2010,Dette publique (% du PIB),15.1,FMI (WEO)
Niger,NER,2011,Dette publique (% du PIB),14.7,FMI (WEO)
Niger,NER,2012,Dette publique (% du PIB),18.1,FMI (WEO)
Niger,NER,2013,Dette publique (% du PIB),19.6,FMI (WEO)
Niger,NER,2014,Dette publique (% du PIB),22.1,FMI (WEO)
Niger,NER,2015,Dette publique (% du PIB),29.9,FMI (WEO)
Niger,NER,2016,Dette publique (% du PIB),32.8,FMI (WEO)
Niger,NER,2017,Dette publique (% du PIB),36.5,FMI (WEO)
Niger,NER,2018,Dette publique (% du PIB),37.0,FMI (WEO)
Niger,NER,2019,Dette publique (% du PIB),39.8,FMI (WEO)
Niger,NER,2020,Dette publique (% du PIB),45.0,FMI (WEO)
Niger,NER,2021,Dette publique (% du PIB),51.3,FMI (WEO)
Niger,NER,2022,Dette publique (% du PIB),50.7,FMI (WEO)
Niger,NER,2023,Dette publique (% du PIB),51.8,FMI (WEO)
Niger,NER,2024,Dette publique (% du PIB),47.7,FMI (WEO)
Niger,NER,2025,Dette publique (% du PIB),45.4,FMI (WEO)
Sénégal,SEN,2000,Dette publique (% du PIB),57.5,FMI (WEO)
Sénégal,SEN,2001,Dette publique (% du PIB),53.2,FMI (WEO)
Sénégal,SEN,2002,Dette publique (% du PIB),52.0,FMI (WEO)
Sénégal,SEN,2003,Dette publique (% du PIB),42.9,FMI (WEO)
Sénégal,SEN,2004,Dette publique (% du PIB),38.0,FMI (WEO)
Sénégal,SEN,2005,Dette publique (% du PIB),36.1,FMI (WEO)
Sénégal,SEN,2006,Dette publique (% du PIB),17.5,FMI (WEO)
Sénégal,SEN,2007,Dette publique (% du PIB),19.0,FMI (WEO)
Sénégal,SEN,2008,Dette publique (% du PIB),19.1,FMI (WEO)
Sénégal,SEN,2009,Dette publique (% du PIB),29.9,FMI (WEO)
Sénégal,SEN,2010,Dette publique (% du PIB),34.6,FMI (WEO)
Sénégal,SEN,2011,Dette publique (% du PIB),32.9,FMI (WEO)
Sénégal,SEN,2012,Dette publique (% du PIB),34.5,FMI (WEO)
Sénégal,SEN,2013,Dette publique (% du PIB),36.9,FMI (WEO)
Sénégal,SEN,2014,Dette publique (% du PIB),42.4,FMI (WEO)
Sénégal,SEN,2015,Dette publique (% du PIB),44.5,FMI (WEO)
Sénégal,SEN,2016,Dette publique (% du PIB),47.5,FMI (WEO)
Sénégal,SEN,2017,Dette publique (% du PIB),61.1,FMI (WEO)
Sénégal,SEN,2018,Dette publique (% du PIB),61.5,FMI (WEO)
Sénégal,SEN,2019,Dette publique (% du PIB),81.5,FMI (WEO)
Sénégal,SEN,2020,Dette publique (% du PIB),90.1,FMI (WEO)
Sénégal,SEN,2021,Dette publique (% du PIB),98.7,FMI (WEO)
Sénégal,SEN,2022,Dette publique (% du PIB),104.7,FMI (WEO)
Sénégal,SEN,2023,Dette publique (% du PIB),118.4,FMI (WEO)
Sénégal,SEN,2024,Dette publique (% du PIB),132.4,FMI (WEO)
Sénégal,SEN,2025,Dette publique (% du PIB),130.2,FMI (WEO)
Togo,TGO,2005,Dette publique (% du PIB),63.1,FMI (WEO)
Togo,TGO,2006,Dette publique (% du PIB),67.7,FMI (WEO)
Togo,TGO,2007,Dette publique (% du PIB),70.5,FMI (WEO)
Togo,TGO,2008,Dette publique (% du PIB),67.3,FMI (WEO)
Togo,TGO,2009,Dette publique (% du PIB),57.6,FMI (WEO)
Togo,TGO,2010,Dette publique (% du PIB),33.5,FMI (WEO)
Togo,TGO,2011,Dette publique (% du PIB),37.0,FMI (WEO)
Togo,TGO,2012,Dette publique (% du PIB),34.3,FMI (WEO)
Togo,TGO,2013,Dette publique (% du PIB),41.1,FMI (WEO)
Togo,TGO,2014,Dette publique (% du PIB),44.9,FMI (WEO)
Togo,TGO,2015,Dette publique (% du PIB),52.4,FMI (WEO)
Togo,TGO,2016,Dette publique (% du PIB),59.9,FMI (WEO)
Togo,TGO,2017,Dette publique (% du PIB),57.1,FMI (WEO)
Togo,TGO,2018,Dette publique (% du PIB),58.0,FMI (WEO)
Togo,TGO,2019,Dette publique (% du PIB),54.9,FMI (WEO)
Togo,TGO,2020,Dette publique (% du PIB),61.4,FMI (WEO)
Togo,TGO,2021,Dette publique (% du PIB),63.3,FMI (WEO)
Togo,TGO,2022,Dette publique (% du PIB),63.0,FMI (WEO)
Togo,TGO,2023,Dette publique (% du PIB),64.1,FMI (WEO)
Togo,TGO,2024,Dette publique (% du PIB),66.2,FMI (WEO)
Togo,TGO,2025,Dette publique (% du PIB),63.0,FMI (WEO)
,SDN,2000,Dette publique (% du PIB),143.2,FMI (WEO)
,ALB,2000,Dette publique (% du PIB),63.8,FMI (WEO)
,DZA,2000,Dette publique (% du PIB),53.4,FMI (WEO)
,AGO,2000,Dette publique (% du PIB),118.2,FMI (WEO)
,ATG,2000,Dette publique (% du PIB),96.4,FMI (WEO)
,ARG,2000,Dette publique (% du PIB),40.8,FMI (WEO)
,ARM,2000,Dette publique (% du PIB),39.6,FMI (WEO)
,ABW,2000,Dette publique (% du PIB),38.6,FMI (WEO)
,AUS,2000,Dette publique (% du PIB),19.5,FMI (WEO)
,AUT,2000,Dette publique (% du PIB),66.1,FMI (WEO)
,AZE,2000,Dette publique (% du PIB),13.1,FMI (WEO)
,BHR,2000,Dette publique (% du PIB),24.7,FMI (WEO)
,BRB,2000,Dette publique (% du PIB),53.6,FMI (WEO)
,BEL,2000,Dette publique (% du PIB),109.6,FMI (WEO)
,BTN,2000,Dette publique (% du PIB),44.0,FMI (WEO)
,BOL,2000,Dette publique (% du PIB),66.5,FMI (WEO)
,BIH,2000,Dette publique (% du PIB),34.6,FMI (WEO)
,BWA,2000,Dette publique (% du PIB),8.2,FMI (WEO)
,BRA,2000,Dette publique (% du PIB),62.2,FMI (WEO)
,BRN,2000,Dette publique (% du PIB),0.0,FMI (WEO)
,BGR,2000,Dette publique (% du PIB),73.3,FMI (WEO)
,BDI,2000,Dette publique (% du PIB),120.0,FMI (WEO)
,CPV,2000,Dette publique (% du PIB),71.9,FMI (WEO)
,KHM,2000,Dette publique (% du PIB),34.1,FMI (WEO)
,CMR,2000,Dette publique (% du PIB),75.9,FMI (WEO)
,CAN,2000,Dette publique (% du PIB),80.4,FMI (WEO)
,CAF,2000,Dette publique (% du PIB),94.7,FMI (WEO)
,TCD,2000,Dette publique (% du PIB),52.4,FMI (WEO)
,CHL,2000,Dette publique (% du PIB),13.1,FMI (WEO)
,CHN,2000,Dette publique (% du PIB),22.7,FMI (WEO)
,COL,2000,Dette publique (% du PIB),38.0,FMI (WEO)
,COM,2000,Dette publique (% du PIB),60.7,FMI (WEO)
,COD,2000,Dette publique (% du PIB),135.0,FMI (WEO)
,CRI,2000,Dette publique (% du PIB),38.9,FMI (WEO)
,HRV,2000,Dette publique (% du PIB),35.4,FMI (WEO)
,CYP,2000,Dette publique (% du PIB),56.0,FMI (WEO)
,CZE,2000,Dette publique (% du PIB),16.9,FMI (WEO)
,DNK,2000,Dette publique (% du PIB),53.6,FMI (WEO)
,DMA,2000,Dette publique (% du PIB),68.9,FMI (WEO)
,DOM,2000,Dette publique (% du PIB),16.7,FMI (WEO)
,EGY,2000,Dette publique (% du PIB),71.7,FMI (WEO)
,SLV,2000,Dette publique (% du PIB),29.6,FMI (WEO)
,GNQ,2000,Dette publique (% du PIB),36.6,FMI (WEO)
,ERI,2000,Dette publique (% du PIB),219.1,FMI (WEO)
,EST,2000,Dette publique (% du PIB),5.1,FMI (WEO)
,SWZ,2000,Dette publique (% du PIB),18.2,FMI (WEO)
,ETH,2000,Dette publique (% du PIB),93.6,FMI (WEO)
,FJI,2000,Dette publique (% du PIB),35.9,FMI (WEO)
,FIN,2000,Dette publique (% du PIB),42.4,FMI (WEO)
,FRA,2000,Dette publique (% du PIB),59.7,FMI (WEO)
,GAB,2000,Dette publique (% du PIB),72.5,FMI (WEO)
,GEO,2000,Dette publique (% du PIB),58.5,FMI (WEO)
,DEU,2000,Dette publique (% du PIB),59.2,FMI (WEO)
,GHA,2000,Dette publique (% du PIB),74.5,FMI (WEO)
,GRC,2000,Dette publique (% du PIB),108.9,FMI (WEO)
,GRD,2000,Dette publique (% du PIB),41.6,FMI (WEO)
,GTM,2000,Dette publique (% du PIB),18.0,FMI (WEO)
,GIN,2000,Dette publique (% du PIB),91.5,FMI (WEO)
,GUY,2000,Dette publique (% du PIB),97.2,FMI (WEO)
,HTI,2000,Dette publique (% du PIB),32.5,FMI (WEO)
,HND,2000,Dette publique (% du PIB),65.8,FMI (WEO)
,HUN,2000,Dette publique (% du PIB),55.6,FMI (WEO)
,ISL,2000,Dette publique (% du PIB),74.8,FMI (WEO)
,IND,2000,Dette publique (% du PIB),74.9,FMI (WEO)
,IDN,2000,Dette publique (% du PIB),87.4,FMI (WEO)
,IRN,2000,Dette publique (% du PIB),18.2,FMI (WEO)
,IRL,2000,Dette publique (% du PIB),36.4,FMI (WEO)
,ISR,2000,Dette publique (% du PIB),77.2,FMI (WEO)
,ITA,2000,Dette publique (% du PIB),108.7,FMI (WEO)
,JAM,2000,Dette publique (% du PIB),89.5,FMI (WEO)
,JPN,2000,Dette publique (% du PIB),118.5,FMI (WEO)
,JOR,2000,Dette publique (% du PIB),89.9,FMI (WEO)
,KEN,2000,Dette publique (% du PIB),43.1,FMI (WEO)
,KIR,2000,Dette publique (% du PIB),12.7,FMI (WEO)
,KOR,2000,Dette publique (% du PIB),16.1,FMI (WEO)
,KWT,2000,Dette publique (% du PIB),21.4,FMI (WEO)
,KGZ,2000,Dette publique (% du PIB),123.3,FMI (WEO)
,LVA,2000,Dette publique (% du PIB),15.1,FMI (WEO)
,LBN,2000,Dette publique (% du PIB),148.1,FMI (WEO)
,LSO,2000,Dette publique (% du PIB),88.5,FMI (WEO)
,LBR,2000,Dette publique (% du PIB),468.1,FMI (WEO)
,LTU,2000,Dette publique (% du PIB),23.5,FMI (WEO)
,LUX,2000,Dette publique (% du PIB),7.5,FMI (WEO)
,MDG,2000,Dette publique (% du PIB),90.2,FMI (WEO)
,MYS,2000,Dette publique (% du PIB),32.5,FMI (WEO)
,MDV,2000,Dette publique (% du PIB),39.0,FMI (WEO)
,MLT,2000,Dette publique (% du PIB),64.4,FMI (WEO)
,MHL,2000,Dette publique (% du PIB),27.3,FMI (WEO)
,MRT,2000,Dette publique (% du PIB),55.5,FMI (WEO)
,MUS,2000,Dette publique (% du PIB),56.9,FMI (WEO)
,MEX,2000,Dette publique (% du PIB),38.5,FMI (WEO)
,FSM,2000,Dette publique (% du PIB),27.1,FMI (WEO)
,MDA,2000,Dette publique (% du PIB),89.1,FMI (WEO)
,MAR,2000,Dette publique (% du PIB),64.9,FMI (WEO)
,MOZ,2000,Dette publique (% du PIB),95.8,FMI (WEO)
,MMR,2000,Dette publique (% du PIB),164.5,FMI (WEO)
,NAM,2000,Dette publique (% du PIB),20.9,FMI (WEO)
,NPL,2000,Dette publique (% du PIB),50.8,FMI (WEO)
,NLD,2000,Dette publique (% du PIB),52.2,FMI (WEO)
,NZL,2000,Dette publique (% du PIB),30.0,FMI (WEO)
,NIC,2000,Dette publique (% du PIB),95.2,FMI (WEO)
,NGA,2000,Dette publique (% du PIB),40.9,FMI (WEO)
,MKD,2000,Dette publique (% du PIB),45.6,FMI (WEO)
,NOR,2000,Dette publique (% du PIB),28.8,FMI (WEO)
,OMN,2000,Dette publique (% du PIB),21.7,FMI (WEO)
,PAK,2000,Dette publique (% du PIB),61.7,FMI (WEO)
,PLW,2000,Dette publique (% du PIB),37.1,FMI (WEO)
,PAN,2000,Dette publique (% du PIB),58.0,FMI (WEO)
,PNG,2000,Dette publique (% du PIB),42.3,FMI (WEO)
,PRY,2000,Dette publique (% du PIB),33.6,FMI (WEO)
,PER,2000,Dette publique (% du PIB),44.9,FMI (WEO)
,PHL,2000,Dette publique (% du PIB),59.2,FMI (WEO)
,POL,2000,Dette publique (% du PIB),36.3,FMI (WEO)
,PRT,2000,Dette publique (% du PIB),54.2,FMI (WEO)
,QAT,2000,Dette publique (% du PIB),51.6,FMI (WEO)
,COG,2000,Dette publique (% du PIB),145.0,FMI (WEO)
,ROU,2000,Dette publique (% du PIB),29.6,FMI (WEO)
,RUS,2000,Dette publique (% du PIB),55.9,FMI (WEO)
,RWA,2000,Dette publique (% du PIB),87.2,FMI (WEO)
,WSM,2000,Dette publique (% du PIB),55.8,FMI (WEO)
,SAU,2000,Dette publique (% du PIB),86.7,FMI (WEO)
,SRB,2000,Dette publique (% du PIB),200.6,FMI (WEO)
,SYC,2000,Dette publique (% du PIB),177.8,FMI (WEO)
,SGP,2000,Dette publique (% du PIB),82.3,FMI (WEO)
,SVK,2000,Dette publique (% du PIB),50.6,FMI (WEO)
,SVN,2000,Dette publique (% du PIB),26.1,FMI (WEO)
,SLB,2000,Dette publique (% du PIB),37.4,FMI (WEO)
,ZAF,2000,Dette publique (% du PIB),37.9,FMI (WEO)
,ESP,2000,Dette publique (% du PIB),57.8,FMI (WEO)
,LKA,2000,Dette publique (% du PIB),79.2,FMI (WEO)
,KNA,2000,Dette publique (% du PIB),92.9,FMI (WEO)
,LCA,2000,Dette publique (% du PIB),32.8,FMI (WEO)
,VCT,2000,Dette publique (% du PIB),54.2,FMI (WEO)
,SUR,2000,Dette publique (% du PIB),48.4,FMI (WEO)
,SWE,2000,Dette publique (% du PIB),50.4,FMI (WEO)
,CHE,2000,Dette publique (% du PIB),51.7,FMI (WEO)
,SYR,2000,Dette publique (% du PIB),152.1,FMI (WEO)
,TWN,2000,Dette publique (% du PIB),26.2,FMI (WEO)
,TJK,2000,Dette publique (% du PIB),111.4,FMI (WEO)
,THA,2000,Dette publique (% du PIB),57.8,FMI (WEO)
,BHS,2000,Dette publique (% du PIB),19.2,FMI (WEO)
,GMB,2000,Dette publique (% du PIB),73.3,FMI (WEO)
,TON,2000,Dette publique (% du PIB),43.6,FMI (WEO)
,TTO,2000,Dette publique (% du PIB),52.3,FMI (WEO)
,TUN,2000,Dette publique (% du PIB),62.9,FMI (WEO)
,TUR,2000,Dette publique (% du PIB),51.2,FMI (WEO)
,TKM,2000,Dette publique (% du PIB),55.1,FMI (WEO)
,UGA,2000,Dette publique (% du PIB),48.5,FMI (WEO)
,UKR,2000,Dette publique (% du PIB),43.7,FMI (WEO)
,ARE,2000,Dette publique (% du PIB),3.1,FMI (WEO)
,GBR,2000,Dette publique (% du PIB),37.5,FMI (WEO)
,URY,2000,Dette publique (% du PIB),30.5,FMI (WEO)
,UZB,2000,Dette publique (% du PIB),26.5,FMI (WEO)
,VUT,2000,Dette publique (% du PIB),32.6,FMI (WEO)
,VEN,2000,Dette publique (% du PIB),27.7,FMI (WEO)
,VNM,2000,Dette publique (% du PIB),24.8,FMI (WEO)
,WBG,2000,Dette publique (% du PIB),20.0,FMI (WEO)
,ZMB,2000,Dette publique (% du PIB),261.0,FMI (WEO)
,AFQ,2000,Dette publique (% du PIB),62.1,FMI (WEO)
,SSQ,2000,Dette publique (% du PIB),60.7,FMI (WEO)
,AS5,2000,Dette publique (% du PIB),66.8,FMI (WEO)
,APQ,2000,Dette publique (% du PIB),81.9,FMI (WEO)
,AZQ,2000,Dette publique (% du PIB),20.7,FMI (WEO)
,CBQ,2000,Dette publique (% du PIB),53.2,FMI (WEO)
,CMQ,2000,Dette publique (% du PIB),35.5,FMI (WEO)
,EAQ,2000,Dette publique (% du PIB),89.5,FMI (WEO)
,EEQ,2000,Dette publique (% du PIB),45.7,FMI (WEO)
,DA,2000,Dette publique (% du PIB),43.4,FMI (WEO)
,EDE,2000,Dette publique (% du PIB),50.5,FMI (WEO)
,OEMDC,2000,Dette publique (% du PIB),46.0,FMI (WEO)
,EURO,2000,Dette publique (% du PIB),69.2,FMI (WEO)
,EUQ,2000,Dette publique (% du PIB),60.3,FMI (WEO)
,EU,2000,Dette publique (% du PIB),66.6,FMI (WEO)
,WE,2000,Dette publique (% du PIB),44.6,FMI (WEO)
,MEQ,2000,Dette publique (% du PIB),43.7,FMI (WEO)
,NAQ,2000,Dette publique (% du PIB),64.8,FMI (WEO)
,OAE,2000,Dette publique (% du PIB),34.9,FMI (WEO)
,PIQ,2000,Dette publique (% du PIB),40.5,FMI (WEO)
,SMQ,2000,Dette publique (% du PIB),48.3,FMI (WEO)
,SAQ,2000,Dette publique (% du PIB),72.5,FMI (WEO)
,SEQ,2000,Dette publique (% du PIB),64.5,FMI (WEO)
,SSA,2000,Dette publique (% du PIB),58.1,FMI (WEO)
,WEQ,2000,Dette publique (% du PIB),61.5,FMI (WEO)
,SDN,2001,Dette publique (% du PIB),125.6,FMI (WEO)
,ALB,2001,Dette publique (% du PIB),60.6,FMI (WEO)
,DZA,2001,Dette publique (% du PIB),50.0,FMI (WEO)
,AND,2001,Dette publique (% du PIB),15.8,FMI (WEO)
,AGO,2001,Dette publique (% du PIB),100.2,FMI (WEO)
,ATG,2001,Dette publique (% du PIB),107.6,FMI (WEO)
,ARG,2001,Dette publique (% du PIB),48.0,FMI (WEO)
,ARM,2001,Dette publique (% du PIB),38.1,FMI (WEO)
,ABW,2001,Dette publique (% du PIB),44.3,FMI (WEO)
,AUS,2001,Dette publique (% du PIB),17.1,FMI (WEO)
,AUT,2001,Dette publique (% du PIB),67.2,FMI (WEO)
,AZE,2001,Dette publique (% du PIB),13.0,FMI (WEO)
,BHR,2001,Dette publique (% du PIB),25.0,FMI (WEO)
,BRB,2001,Dette publique (% du PIB),59.0,FMI (WEO)
,BEL,2001,Dette publique (% du PIB),108.2,FMI (WEO)
,BLZ,2001,Dette publique (% du PIB),49.5,FMI (WEO)
,BTN,2001,Dette publique (% du PIB),52.4,FMI (WEO)
,BOL,2001,Dette publique (% du PIB),74.4,FMI (WEO)
,BIH,2001,Dette publique (% du PIB),35.1,FMI (WEO)
,BWA,2001,Dette publique (% du PIB),7.5,FMI (WEO)
,BRA,2001,Dette publique (% du PIB),67.3,FMI (WEO)
,BRN,2001,Dette publique (% du PIB),0.0,FMI (WEO)
,BGR,2001,Dette publique (% du PIB),67.1,FMI (WEO)
,BDI,2001,Dette publique (% du PIB),113.6,FMI (WEO)
,CPV,2001,Dette publique (% du PIB),62.2,FMI (WEO)
,KHM,2001,Dette publique (% du PIB),33.6,FMI (WEO)
,CMR,2001,Dette publique (% du PIB),62.2,FMI (WEO)
,CAN,2001,Dette publique (% du PIB),81.5,FMI (WEO)
,CAF,2001,Dette publique (% du PIB),103.1,FMI (WEO)
,TCD,2001,Dette publique (% du PIB),43.5,FMI (WEO)
,CHL,2001,Dette publique (% du PIB),14.3,FMI (WEO)
,CHN,2001,Dette publique (% du PIB),24.3,FMI (WEO)
,COL,2001,Dette publique (% du PIB),41.1,FMI (WEO)
,COM,2001,Dette publique (% du PIB),53.0,FMI (WEO)
,COD,2001,Dette publique (% du PIB),185.4,FMI (WEO)
,CRI,2001,Dette publique (% du PIB),39.6,FMI (WEO)
,HRV,2001,Dette publique (% du PIB),36.6,FMI (WEO)
,CYP,2001,Dette publique (% du PIB),57.5,FMI (WEO)
,CZE,2001,Dette publique (% du PIB),22.6,FMI (WEO)
,TLS,2001,Dette publique (% du PIB),0.0,FMI (WEO)
,DNK,2001,Dette publique (% du PIB),50.1,FMI (WEO)
,DMA,2001,Dette publique (% du PIB),98.5,FMI (WEO)
,DOM,2001,Dette publique (% du PIB),20.4,FMI (WEO)
,ECU,2001,Dette publique (% du PIB),63.8,FMI (WEO)
,EGY,2001,Dette publique (% du PIB),79.1,FMI (WEO)
,SLV,2001,Dette publique (% du PIB),37.8,FMI (WEO)
,GNQ,2001,Dette publique (% du PIB),25.5,FMI (WEO)
,ERI,2001,Dette publique (% du PIB),238.6,FMI (WEO)
,EST,2001,Dette publique (% du PIB),4.9,FMI (WEO)
,SWZ,2001,Dette publique (% du PIB),21.7,FMI (WEO)
,ETH,2001,Dette publique (% du PIB),97.3,FMI (WEO)
,FJI,2001,Dette publique (% du PIB),41.9,FMI (WEO)
,FIN,2001,Dette publique (% du PIB),40.9,FMI (WEO)
,FRA,2001,Dette publique (% du PIB),59.3,FMI (WEO)
,GAB,2001,Dette publique (% du PIB),81.0,FMI (WEO)
,GEO,2001,Dette publique (% du PIB),53.0,FMI (WEO)
,DEU,2001,Dette publique (% du PIB),58.1,FMI (WEO)
,GHA,2001,Dette publique (% du PIB),57.8,FMI (WEO)
,GRC,2001,Dette publique (% du PIB),110.5,FMI (WEO)
,GRD,2001,Dette publique (% du PIB),44.6,FMI (WEO)
,GTM,2001,Dette publique (% du PIB),19.1,FMI (WEO)
,GIN,2001,Dette publique (% du PIB),90.4,FMI (WEO)
,GUY,2001,Dette publique (% du PIB),104.6,FMI (WEO)
,HTI,2001,Dette publique (% du PIB),28.8,FMI (WEO)
,HND,2001,Dette publique (% du PIB),63.4,FMI (WEO)
,HUN,2001,Dette publique (% du PIB),52.2,FMI (WEO)
,ISL,2001,Dette publique (% du PIB),82.5,FMI (WEO)
,IND,2001,Dette publique (% du PIB),80.1,FMI (WEO)
,IDN,2001,Dette publique (% du PIB),73.7,FMI (WEO)
,IRN,2001,Dette publique (% du PIB),21.0,FMI (WEO)
,IRL,2001,Dette publique (% du PIB),33.6,FMI (WEO)
,ISR,2001,Dette publique (% du PIB),81.1,FMI (WEO)
,ITA,2001,Dette publique (% du PIB),108.5,FMI (WEO)
,JAM,2001,Dette publique (% du PIB),105.3,FMI (WEO)
,JPN,2001,Dette publique (% du PIB),126.8,FMI (WEO)
,JOR,2001,Dette publique (% du PIB),85.5,FMI (WEO)
,KEN,2001,Dette publique (% du PIB),41.3,FMI (WEO)
,KIR,2001,Dette publique (% du PIB),17.0,FMI (WEO)
,KOR,2001,Dette publique (% du PIB),16.6,FMI (WEO)
,KWT,2001,Dette publique (% du PIB),23.0,FMI (WEO)
,KGZ,2001,Dette publique (% du PIB),108.2,FMI (WEO)
,LAO,2001,Dette publique (% du PIB),94.7,FMI (WEO)
,LVA,2001,Dette publique (% du PIB),17.8,FMI (WEO)
,LBN,2001,Dette publique (% du PIB),163.1,FMI (WEO)
,LSO,2001,Dette publique (% du PIB),108.7,FMI (WEO)
,LBR,2001,Dette publique (% du PIB),465.2,FMI (WEO)
,LTU,2001,Dette publique (% du PIB),22.9,FMI (WEO)
,LUX,2001,Dette publique (% du PIB),7.6,FMI (WEO)
,MAC,2001,Dette publique (% du PIB),0.0,FMI (WEO)
,MDG,2001,Dette publique (% du PIB),82.1,FMI (WEO)
,MYS,2001,Dette publique (% du PIB),38.1,FMI (WEO)
,MDV,2001,Dette publique (% du PIB),41.8,FMI (WEO)
,MLT,2001,Dette publique (% du PIB),70.0,FMI (WEO)
,MHL,2001,Dette publique (% du PIB),32.7,FMI (WEO)
,MRT,2001,Dette publique (% du PIB),63.5,FMI (WEO)
,MUS,2001,Dette publique (% du PIB),58.2,FMI (WEO)
,MEX,2001,Dette publique (% du PIB),37.3,FMI (WEO)
,FSM,2001,Dette publique (% du PIB),23.8,FMI (WEO)
,MDA,2001,Dette publique (% du PIB),85.4,FMI (WEO)
,MAR,2001,Dette publique (% du PIB),60.4,FMI (WEO)
,MOZ,2001,Dette publique (% du PIB),99.8,FMI (WEO)
,MMR,2001,Dette publique (% du PIB),262.0,FMI (WEO)
,NAM,2001,Dette publique (% du PIB),24.4,FMI (WEO)
,NPL,2001,Dette publique (% du PIB),50.8,FMI (WEO)
,NLD,2001,Dette publique (% du PIB),49.4,FMI (WEO)
,NZL,2001,Dette publique (% du PIB),28.2,FMI (WEO)
,NIC,2001,Dette publique (% du PIB),87.5,FMI (WEO)
,NGA,2001,Dette publique (% du PIB),37.7,FMI (WEO)
,MKD,2001,Dette publique (% du PIB),45.2,FMI (WEO)
,NOR,2001,Dette publique (% du PIB),27.3,FMI (WEO)
,OMN,2001,Dette publique (% du PIB),22.5,FMI (WEO)
,PAK,2001,Dette publique (% du PIB),65.1,FMI (WEO)
,PLW,2001,Dette publique (% du PIB),34.6,FMI (WEO)
,PAN,2001,Dette publique (% du PIB),62.1,FMI (WEO)
,PNG,2001,Dette publique (% du PIB),47.7,FMI (WEO)
,PRY,2001,Dette publique (% du PIB),37.1,FMI (WEO)
,PER,2001,Dette publique (% du PIB),43.8,FMI (WEO)
,PHL,2001,Dette publique (% du PIB),59.5,FMI (WEO)
,POL,2001,Dette publique (% du PIB),37.0,FMI (WEO)
,PRT,2001,Dette publique (% du PIB),57.4,FMI (WEO)
,QAT,2001,Dette publique (% du PIB),59.2,FMI (WEO)
,COG,2001,Dette publique (% du PIB),180.1,FMI (WEO)
,ROU,2001,Dette publique (% du PIB),27.4,FMI (WEO)
,RUS,2001,Dette publique (% du PIB),44.4,FMI (WEO)
,RWA,2001,Dette publique (% du PIB),85.2,FMI (WEO)
,WSM,2001,Dette publique (% du PIB),53.8,FMI (WEO)
,SMR,2001,Dette publique (% du PIB),11.6,FMI (WEO)
,STP,2001,Dette publique (% du PIB),418.4,FMI (WEO)
,SAU,2001,Dette publique (% du PIB),93.1,FMI (WEO)
,SRB,2001,Dette publique (% du PIB),95.9,FMI (WEO)
,SYC,2001,Dette publique (% du PIB),199.8,FMI (WEO)
,SLE,2001,Dette publique (% du PIB),113.5,FMI (WEO)
,SGP,2001,Dette publique (% du PIB),94.5,FMI (WEO)
,SVK,2001,Dette publique (% du PIB),51.4,FMI (WEO)
,SVN,2001,Dette publique (% du PIB),26.3,FMI (WEO)
,SLB,2001,Dette publique (% du PIB),44.6,FMI (WEO)
,ZAF,2001,Dette publique (% du PIB),38.0,FMI (WEO)
,ESP,2001,Dette publique (% du PIB),54.1,FMI (WEO)
,LKA,2001,Dette publique (% du PIB),84.4,FMI (WEO)
,KNA,2001,Dette publique (% du PIB),100.5,FMI (WEO)
,LCA,2001,Dette publique (% du PIB),38.0,FMI (WEO)
,VCT,2001,Dette publique (% du PIB),51.9,FMI (WEO)
,SUR,2001,Dette publique (% du PIB),37.2,FMI (WEO)
,SWE,2001,Dette publique (% du PIB),52.0,FMI (WEO)
,CHE,2001,Dette publique (% du PIB),50.5,FMI (WEO)
,SYR,2001,Dette publique (% du PIB),144.5,FMI (WEO)
,TWN,2001,Dette publique (% du PIB),30.1,FMI (WEO)
,TJK,2001,Dette publique (% du PIB),99.4,FMI (WEO)
,TZA,2001,Dette publique (% du PIB),50.8,FMI (WEO)
,THA,2001,Dette publique (% du PIB),57.5,FMI (WEO)
,BHS,2001,Dette publique (% du PIB),18.5,FMI (WEO)
,GMB,2001,Dette publique (% du PIB),75.2,FMI (WEO)
,TON,2001,Dette publique (% du PIB),53.4,FMI (WEO)
,TTO,2001,Dette publique (% du PIB),54.2,FMI (WEO)
,TUN,2001,Dette publique (% du PIB),52.2,FMI (WEO)
,TUR,2001,Dette publique (% du PIB),75.6,FMI (WEO)
,TKM,2001,Dette publique (% du PIB),34.1,FMI (WEO)
,UGA,2001,Dette publique (% du PIB),51.4,FMI (WEO)
,UKR,2001,Dette publique (% du PIB),35.3,FMI (WEO)
,ARE,2001,Dette publique (% du PIB),2.7,FMI (WEO)
,GBR,2001,Dette publique (% du PIB),34.8,FMI (WEO)
,USA,2001,Dette publique (% du PIB),53.5,FMI (WEO)
,URY,2001,Dette publique (% du PIB),39.4,FMI (WEO)
,UZB,2001,Dette publique (% du PIB),40.4,FMI (WEO)
,VUT,2001,Dette publique (% du PIB),33.5,FMI (WEO)
,VEN,2001,Dette publique (% du PIB),30.7,FMI (WEO)
,VNM,2001,Dette publique (% du PIB),25.4,FMI (WEO)
,WBG,2001,Dette publique (% du PIB),22.2,FMI (WEO)
,ZMB,2001,Dette publique (% du PIB),210.2,FMI (WEO)
,ADVEC,2001,Dette publique (% du PIB),67.4,FMI (WEO)
,AFQ,2001,Dette publique (% du PIB),60.2,FMI (WEO)
,SSQ,2001,Dette publique (% du PIB),57.5,FMI (WEO)
,AS5,2001,Dette publique (% du PIB),65.2,FMI (WEO)
,APQ,2001,Dette publique (% du PIB),84.8,FMI (WEO)
,AZQ,2001,Dette publique (% du PIB),18.4,FMI (WEO)
,CBQ,2001,Dette publique (% du PIB),57.5,FMI (WEO)
,CMQ,2001,Dette publique (% du PIB),37.5,FMI (WEO)
,EAQ,2001,Dette publique (% du PIB),92.3,FMI (WEO)
,EEQ,2001,Dette publique (% du PIB),40.3,FMI (WEO)
,DA,2001,Dette publique (% du PIB),43.8,FMI (WEO)
,EDE,2001,Dette publique (% du PIB),50.1,FMI (WEO)
,OEMDC,2001,Dette publique (% du PIB),47.1,FMI (WEO)
,EURO,2001,Dette publique (% du PIB),68.2,FMI (WEO)
,EUQ,2001,Dette publique (% du PIB),58.6,FMI (WEO)
,EU,2001,Dette publique (% du PIB),65.6,FMI (WEO)
,WE,2001,Dette publique (% du PIB),46.5,FMI (WEO)
,MAE,2001,Dette publique (% du PIB),71.6,FMI (WEO)
,MEQ,2001,Dette publique (% du PIB),48.0,FMI (WEO)
,NAQ,2001,Dette publique (% du PIB),65.3,FMI (WEO)
,NMQ,2001,Dette publique (% du PIB),54.1,FMI (WEO)
,OAE,2001,Dette publique (% du PIB),35.6,FMI (WEO)
,PIQ,2001,Dette publique (% du PIB),45.7,FMI (WEO)
,SMQ,2001,Dette publique (% du PIB),52.5,FMI (WEO)
,SAQ,2001,Dette publique (% du PIB),77.5,FMI (WEO)
,SEQ,2001,Dette publique (% du PIB),64.0,FMI (WEO)
,SSA,2001,Dette publique (% du PIB),54.9,FMI (WEO)
,WEQ,2001,Dette publique (% du PIB),60.3,FMI (WEO)
,WHQ,2001,Dette publique (% du PIB),53.9,FMI (WEO)
,WEOWORLD,2001,Dette publique (% du PIB),63.1,FMI (WEO)
,SDN,2002,Dette publique (% du PIB),121.7,FMI (WEO)
,AFG,2002,Dette publique (% du PIB),346.0,FMI (WEO)
,ALB,2002,Dette publique (% du PIB),64.1,FMI (WEO)
,DZA,2002,Dette publique (% du PIB),47.3,FMI (WEO)
,AND,2002,Dette publique (% du PIB),15.3,FMI (WEO)
,AGO,2002,Dette publique (% du PIB),65.1,FMI (WEO)
,ATG,2002,Dette publique (% du PIB),114.5,FMI (WEO)
,ARG,2002,Dette publique (% du PIB),147.2,FMI (WEO)
,ARM,2002,Dette publique (% du PIB),38.2,FMI (WEO)
,ABW,2002,Dette publique (% du PIB),47.1,FMI (WEO)
,AUS,2002,Dette publique (% du PIB),15.0,FMI (WEO)
,AUT,2002,Dette publique (% du PIB),67.4,FMI (WEO)
,AZE,2002,Dette publique (% du PIB),11.9,FMI (WEO)
,BHR,2002,Dette publique (% du PIB),27.2,FMI (WEO)
,BRB,2002,Dette publique (% du PIB),62.0,FMI (WEO)
,BEL,2002,Dette publique (% du PIB),105.4,FMI (WEO)
,BLZ,2002,Dette publique (% du PIB),53.2,FMI (WEO)
,BTN,2002,Dette publique (% du PIB),57.7,FMI (WEO)
,BOL,2002,Dette publique (% du PIB),77.2,FMI (WEO)
,BIH,2002,Dette publique (% du PIB),31.1,FMI (WEO)
,BWA,2002,Dette publique (% du PIB),8.4,FMI (WEO)
,BRA,2002,Dette publique (% du PIB),76.1,FMI (WEO)
,BRN,2002,Dette publique (% du PIB),0.0,FMI (WEO)
,BGR,2002,Dette publique (% du PIB),53.4,FMI (WEO)
,BDI,2002,Dette publique (% du PIB),144.8,FMI (WEO)
,CPV,2002,Dette publique (% du PIB),64.7,FMI (WEO)
,KHM,2002,Dette publique (% du PIB),37.8,FMI (WEO)
,CMR,2002,Dette publique (% du PIB),56.6,FMI (WEO)
,CAN,2002,Dette publique (% du PIB),79.6,FMI (WEO)
,CAF,2002,Dette publique (% du PIB),98.5,FMI (WEO)
,TCD,2002,Dette publique (% du PIB),42.0,FMI (WEO)
,CHL,2002,Dette publique (% du PIB),15.0,FMI (WEO)
,CHN,2002,Dette publique (% du PIB),25.6,FMI (WEO)
,COL,2002,Dette publique (% du PIB),47.5,FMI (WEO)
,COM,2002,Dette publique (% du PIB),48.2,FMI (WEO)
,COD,2002,Dette publique (% du PIB),136.0,FMI (WEO)
,CRI,2002,Dette publique (% du PIB),41.4,FMI (WEO)
,HRV,2002,Dette publique (% du PIB),36.5,FMI (WEO)
,CYP,2002,Dette publique (% du PIB),61.0,FMI (WEO)
,CZE,2002,Dette publique (% du PIB),25.7,FMI (WEO)
,TLS,2002,Dette publique (% du PIB),0.0,FMI (WEO)
,DNK,2002,Dette publique (% du PIB),50.3,FMI (WEO)
,DMA,2002,Dette publique (% du PIB),97.9,FMI (WEO)
,DOM,2002,Dette publique (% du PIB),21.5,FMI (WEO)
,ECU,2002,Dette publique (% du PIB),55.0,FMI (WEO)
,EGY,2002,Dette publique (% du PIB),85.8,FMI (WEO)
,SLV,2002,Dette publique (% du PIB),43.8,FMI (WEO)
,GNQ,2002,Dette publique (% du PIB),19.4,FMI (WEO)
,ERI,2002,Dette publique (% du PIB),243.4,FMI (WEO)
,EST,2002,Dette publique (% du PIB),5.7,FMI (WEO)
,SWZ,2002,Dette publique (% du PIB),17.2,FMI (WEO)
,ETH,2002,Dette publique (% du PIB),107.4,FMI (WEO)
,FJI,2002,Dette publique (% du PIB),44.5,FMI (WEO)
,FIN,2002,Dette publique (% du PIB),40.1,FMI (WEO)
,FRA,2002,Dette publique (% du PIB),61.3,FMI (WEO)
,GAB,2002,Dette publique (% du PIB),81.1,FMI (WEO)
,GEO,2002,Dette publique (% du PIB),50.3,FMI (WEO)
,DEU,2002,Dette publique (% du PIB),59.8,FMI (WEO)
,GHA,2002,Dette publique (% du PIB),54.1,FMI (WEO)
,GRC,2002,Dette publique (% du PIB),107.9,FMI (WEO)
,GRD,2002,Dette publique (% du PIB),79.1,FMI (WEO)
,GTM,2002,Dette publique (% du PIB),17.4,FMI (WEO)
,GIN,2002,Dette publique (% du PIB),82.6,FMI (WEO)
,GUY,2002,Dette publique (% du PIB),105.1,FMI (WEO)
,HTI,2002,Dette publique (% du PIB),32.0,FMI (WEO)
,HND,2002,Dette publique (% du PIB),64.2,FMI (WEO)
,HUN,2002,Dette publique (% du PIB),55.6,FMI (WEO)
,ISL,2002,Dette publique (% du PIB),81.3,FMI (WEO)
,IND,2002,Dette publique (% du PIB),84.3,FMI (WEO)
,IDN,2002,Dette publique (% du PIB),62.3,FMI (WEO)
,IRN,2002,Dette publique (% du PIB),23.4,FMI (WEO)
,IRL,2002,Dette publique (% du PIB),30.9,FMI (WEO)
,ISR,2002,Dette publique (% du PIB),87.2,FMI (WEO)
,ITA,2002,Dette publique (% du PIB),105.9,FMI (WEO)
,JAM,2002,Dette publique (% du PIB),115.4,FMI (WEO)
,JPN,2002,Dette publique (% du PIB),134.6,FMI (WEO)
,JOR,2002,Dette publique (% du PIB),85.9,FMI (WEO)
,KAZ,2002,Dette publique (% du PIB),17.6,FMI (WEO)
,KEN,2002,Dette publique (% du PIB),42.0,FMI (WEO)
,KIR,2002,Dette publique (% du PIB),13.3,FMI (WEO)
,KOR,2002,Dette publique (% du PIB),16.4,FMI (WEO)
,KWT,2002,Dette publique (% du PIB),21.3,FMI (WEO)
,KGZ,2002,Dette publique (% du PIB),107.9,FMI (WEO)
,LAO,2002,Dette publique (% du PIB),95.3,FMI (WEO)
,LVA,2002,Dette publique (% du PIB),15.4,FMI (WEO)
,LBN,2002,Dette publique (% du PIB),163.1,FMI (WEO)
,LSO,2002,Dette publique (% du PIB),79.6,FMI (WEO)
,LBR,2002,Dette publique (% du PIB),463.6,FMI (WEO)
,LTU,2002,Dette publique (% du PIB),22.1,FMI (WEO)
,LUX,2002,Dette publique (% du PIB),7.4,FMI (WEO)
,MAC,2002,Dette publique (% du PIB),0.0,FMI (WEO)
,MDG,2002,Dette publique (% du PIB),86.7,FMI (WEO)
,MWI,2002,Dette publique (% du PIB),101.5,FMI (WEO)
,MYS,2002,Dette publique (% du PIB),39.5,FMI (WEO)
,MDV,2002,Dette publique (% du PIB),44.3,FMI (WEO)
,MLT,2002,Dette publique (% du PIB),65.1,FMI (WEO)
,MHL,2002,Dette publique (% du PIB),37.2,FMI (WEO)
,MRT,2002,Dette publique (% du PIB),59.5,FMI (WEO)
,MUS,2002,Dette publique (% du PIB),63.0,FMI (WEO)
,MEX,2002,Dette publique (% du PIB),39.9,FMI (WEO)
,FSM,2002,Dette publique (% du PIB),24.3,FMI (WEO)
,MDA,2002,Dette publique (% du PIB),80.3,FMI (WEO)
,MNE,2002,Dette publique (% du PIB),85.7,FMI (WEO)
,MAR,2002,Dette publique (% du PIB),59.4,FMI (WEO)
,MOZ,2002,Dette publique (% du PIB),63.4,FMI (WEO)
,MMR,2002,Dette publique (% du PIB),190.6,FMI (WEO)
,NAM,2002,Dette publique (% du PIB),22.2,FMI (WEO)
,NPL,2002,Dette publique (% du PIB),51.8,FMI (WEO)
,NLD,2002,Dette publique (% du PIB),48.7,FMI (WEO)
,NZL,2002,Dette publique (% du PIB),26.4,FMI (WEO)
,NIC,2002,Dette publique (% du PIB),110.4,FMI (WEO)
,NGA,2002,Dette publique (% du PIB),30.7,FMI (WEO)
,MKD,2002,Dette publique (% du PIB),40.5,FMI (WEO)
,NOR,2002,Dette publique (% du PIB),34.0,FMI (WEO)
,OMN,2002,Dette publique (% du PIB),15.9,FMI (WEO)
,PAK,2002,Dette publique (% du PIB),60.5,FMI (WEO)
,PLW,2002,Dette publique (% du PIB),33.9,FMI (WEO)
,PAN,2002,Dette publique (% du PIB),60.9,FMI (WEO)
,PNG,2002,Dette publique (% du PIB),48.4,FMI (WEO)
,PRY,2002,Dette publique (% du PIB),50.5,FMI (WEO)
,PER,2002,Dette publique (% du PIB),45.5,FMI (WEO)
,PHL,2002,Dette publique (% du PIB),65.2,FMI (WEO)
,POL,2002,Dette publique (% du PIB),41.4,FMI (WEO)
,PRT,2002,Dette publique (% du PIB),60.0,FMI (WEO)
,QAT,2002,Dette publique (% du PIB),47.7,FMI (WEO)
,COG,2002,Dette publique (% du PIB),163.5,FMI (WEO)
,ROU,2002,Dette publique (% du PIB),27.4,FMI (WEO)
,RUS,2002,Dette publique (% du PIB),37.6,FMI (WEO)
,RWA,2002,Dette publique (% du PIB),93.4,FMI (WEO)
,WSM,2002,Dette publique (% du PIB),50.3,FMI (WEO)
,SMR,2002,Dette publique (% du PIB),17.2,FMI (WEO)
,STP,2002,Dette publique (% du PIB),366.5,FMI (WEO)
,SAU,2002,Dette publique (% du PIB),96.4,FMI (WEO)
,SRB,2002,Dette publique (% du PIB),68.4,FMI (WEO)
,SYC,2002,Dette publique (% du PIB),195.9,FMI (WEO)
,SLE,2002,Dette publique (% du PIB),99.8,FMI (WEO)
,SGP,2002,Dette publique (% du PIB),96.3,FMI (WEO)
,SVK,2002,Dette publique (% du PIB),45.6,FMI (WEO)
,SVN,2002,Dette publique (% du PIB),27.7,FMI (WEO)
,SLB,2002,Dette publique (% du PIB),55.5,FMI (WEO)
,ZAF,2002,Dette publique (% du PIB),31.8,FMI (WEO)
,ESP,2002,Dette publique (% du PIB),51.2,FMI (WEO)
,LKA,2002,Dette publique (% du PIB),96.3,FMI (WEO)
,KNA,2002,Dette publique (% du PIB),115.2,FMI (WEO)
,LCA,2002,Dette publique (% du PIB),47.7,FMI (WEO)
,VCT,2002,Dette publique (% du PIB),53.2,FMI (WEO)
,SUR,2002,Dette publique (% du PIB),37.4,FMI (WEO)
,SWE,2002,Dette publique (% du PIB),49.9,FMI (WEO)
,CHE,2002,Dette publique (% du PIB),56.9,FMI (WEO)
,SYR,2002,Dette publique (% du PIB),132.4,FMI (WEO)
,TWN,2002,Dette publique (% du PIB),29.8,FMI (WEO)
,TJK,2002,Dette publique (% du PIB),98.3,FMI (WEO)
,TZA,2002,Dette publique (% du PIB),47.4,FMI (WEO)
,THA,2002,Dette publique (% du PIB),54.9,FMI (WEO)
,BHS,2002,Dette publique (% du PIB),19.4,FMI (WEO)
,GMB,2002,Dette publique (% du PIB),93.9,FMI (WEO)
,TON,2002,Dette publique (% du PIB),60.7,FMI (WEO)
,TTO,2002,Dette publique (% du PIB),58.2,FMI (WEO)
,TUN,2002,Dette publique (% du PIB),51.6,FMI (WEO)
,TUR,2002,Dette publique (% du PIB),71.2,FMI (WEO)
,TKM,2002,Dette publique (% du PIB),24.2,FMI (WEO)
,UGA,2002,Dette publique (% du PIB),54.7,FMI (WEO)
,UKR,2002,Dette publique (% du PIB),32.3,FMI (WEO)
,ARE,2002,Dette publique (% du PIB),3.4,FMI (WEO)
,GBR,2002,Dette publique (% du PIB),35.3,FMI (WEO)
,USA,2002,Dette publique (% du PIB),55.9,FMI (WEO)
,URY,2002,Dette publique (% du PIB),90.1,FMI (WEO)
,UZB,2002,Dette publique (% du PIB),37.5,FMI (WEO)
,VUT,2002,Dette publique (% du PIB),35.1,FMI (WEO)
,VEN,2002,Dette publique (% du PIB),48.2,FMI (WEO)
,VNM,2002,Dette publique (% du PIB),27.7,FMI (WEO)
,WBG,2002,Dette publique (% du PIB),20.9,FMI (WEO)
,ZMB,2002,Dette publique (% du PIB),180.2,FMI (WEO)
,ADVEC,2002,Dette publique (% du PIB),68.5,FMI (WEO)
,AFQ,2002,Dette publique (% du PIB),55.6,FMI (WEO)
,SSQ,2002,Dette publique (% du PIB),50.9,FMI (WEO)
,AS5,2002,Dette publique (% du PIB),62.3,FMI (WEO)
,APQ,2002,Dette publique (% du PIB),85.2,FMI (WEO)
,AZQ,2002,Dette publique (% du PIB),16.4,FMI (WEO)
,CBQ,2002,Dette publique (% du PIB),62.7,FMI (WEO)
,CMQ,2002,Dette publique (% du PIB),39.0,FMI (WEO)
,CAQ,2002,Dette publique (% du PIB),66.6,FMI (WEO)
,EAQ,2002,Dette publique (% du PIB),94.1,FMI (WEO)
,EEQ,2002,Dette publique (% du PIB),38.2,FMI (WEO)
,DA,2002,Dette publique (% du PIB),44.4,FMI (WEO)
,EDE,2002,Dette publique (% du PIB),47.6,FMI (WEO)
,OEMDC,2002,Dette publique (% du PIB),50.4,FMI (WEO)
,EURO,2002,Dette publique (% du PIB),68.1,FMI (WEO)
,EUQ,2002,Dette publique (% du PIB),58.7,FMI (WEO)
,EU,2002,Dette publique (% du PIB),65.6,FMI (WEO)
,WE,2002,Dette publique (% du PIB),56.8,FMI (WEO)
,MAE,2002,Dette publique (% du PIB),73.4,FMI (WEO)
,MEQ,2002,Dette publique (% du PIB),58.4,FMI (WEO)
,MECA,2002,Dette publique (% du PIB),57.3,FMI (WEO)
,NAQ,2002,Dette publique (% du PIB),65.9,FMI (WEO)
,NMQ,2002,Dette publique (% du PIB),56.3,FMI (WEO)
,OAE,2002,Dette publique (% du PIB),35.8,FMI (WEO)
,PIQ,2002,Dette publique (% du PIB),47.3,FMI (WEO)
,SMQ,2002,Dette publique (% du PIB),72.2,FMI (WEO)
,SAQ,2002,Dette publique (% du PIB),80.6,FMI (WEO)
,SEQ,2002,Dette publique (% du PIB),60.7,FMI (WEO)
,SSA,2002,Dette publique (% du PIB),48.2,FMI (WEO)
,WEQ,2002,Dette publique (% du PIB),60.7,FMI (WEO)
,WHQ,2002,Dette publique (% du PIB),57.3,FMI (WEO)
,WEOWORLD,2002,Dette publique (% du PIB),64.8,FMI (WEO)
,SDN,2003,Dette publique (% du PIB),117.4,FMI (WEO)
,AFG,2003,Dette publique (% du PIB),270.6,FMI (WEO)
,ALB,2003,Dette publique (% du PIB),60.2,FMI (WEO)
,DZA,2003,Dette publique (% du PIB),38.2,FMI (WEO)
,AND,2003,Dette publique (% du PIB),15.2,FMI (WEO)
,AGO,2003,Dette publique (% du PIB),50.8,FMI (WEO)
,ATG,2003,Dette publique (% du PIB),113.0,FMI (WEO)
,ARG,2003,Dette publique (% du PIB),125.2,FMI (WEO)
,ARM,2003,Dette publique (% du PIB),33.0,FMI (WEO)
,ABW,2003,Dette publique (% du PIB),40.8,FMI (WEO)
,AUS,2003,Dette publique (% du PIB),13.2,FMI (WEO)
,AUT,2003,Dette publique (% du PIB),66.4,FMI (WEO)
,AZE,2003,Dette publique (% du PIB),10.7,FMI (WEO)
,BHR,2003,Dette publique (% du PIB),31.1,FMI (WEO)
,BGD,2003,Dette publique (% du PIB),37.0,FMI (WEO)
,BRB,2003,Dette publique (% du PIB),61.8,FMI (WEO)
,BEL,2003,Dette publique (% du PIB),101.7,FMI (WEO)
,BLZ,2003,Dette publique (% du PIB),67.2,FMI (WEO)
,BTN,2003,Dette publique (% du PIB),68.5,FMI (WEO)
,BOL,2003,Dette publique (% du PIB),85.5,FMI (WEO)
,BIH,2003,Dette publique (% du PIB),27.6,FMI (WEO)
,BWA,2003,Dette publique (% du PIB),7.1,FMI (WEO)
,BRA,2003,Dette publique (% du PIB),71.5,FMI (WEO)
,BRN,2003,Dette publique (% du PIB),0.0,FMI (WEO)
,BGR,2003,Dette publique (% du PIB),45.4,FMI (WEO)
,BDI,2003,Dette publique (% du PIB),159.9,FMI (WEO)
,CPV,2003,Dette publique (% du PIB),65.6,FMI (WEO)
,KHM,2003,Dette publique (% du PIB),39.6,FMI (WEO)
,CMR,2003,Dette publique (% du PIB),51.5,FMI (WEO)
,CAN,2003,Dette publique (% du PIB),75.9,FMI (WEO)
,CAF,2003,Dette publique (% du PIB),95.9,FMI (WEO)
,TCD,2003,Dette publique (% du PIB),34.4,FMI (WEO)
,CHL,2003,Dette publique (% du PIB),12.6,FMI (WEO)
,CHN,2003,Dette publique (% du PIB),26.4,FMI (WEO)
,COL,2003,Dette publique (% du PIB),45.0,FMI (WEO)
,COM,2003,Dette publique (% du PIB),44.4,FMI (WEO)
,COD,2003,Dette publique (% du PIB),114.5,FMI (WEO)
,CRI,2003,Dette publique (% du PIB),40.6,FMI (WEO)
,HRV,2003,Dette publique (% du PIB),37.8,FMI (WEO)
,CYP,2003,Dette publique (% du PIB),63.0,FMI (WEO)
,CZE,2003,Dette publique (% du PIB),28.1,FMI (WEO)
,TLS,2003,Dette publique (% du PIB),0.0,FMI (WEO)
,DNK,2003,Dette publique (% du PIB),48.2,FMI (WEO)
,DMA,2003,Dette publique (% du PIB),94.9,FMI (WEO)
,DOM,2003,Dette publique (% du PIB),48.2,FMI (WEO)
,ECU,2003,Dette publique (% du PIB),47.2,FMI (WEO)
,EGY,2003,Dette publique (% du PIB),97.1,FMI (WEO)
,SLV,2003,Dette publique (% du PIB),46.0,FMI (WEO)
,GNQ,2003,Dette publique (% du PIB),6.8,FMI (WEO)
,ERI,2003,Dette publique (% du PIB),264.0,FMI (WEO)
,EST,2003,Dette publique (% du PIB),5.6,FMI (WEO)
,SWZ,2003,Dette publique (% du PIB),17.7,FMI (WEO)
,ETH,2003,Dette publique (% du PIB),103.7,FMI (WEO)
,FJI,2003,Dette publique (% du PIB),46.4,FMI (WEO)
,FIN,2003,Dette publique (% du PIB),42.7,FMI (WEO)
,FRA,2003,Dette publique (% du PIB),65.4,FMI (WEO)
,GAB,2003,Dette publique (% du PIB),70.2,FMI (WEO)
,GEO,2003,Dette publique (% du PIB),54.6,FMI (WEO)
,DEU,2003,Dette publique (% du PIB),63.3,FMI (WEO)
,GHA,2003,Dette publique (% du PIB),49.3,FMI (WEO)
,GRC,2003,Dette publique (% du PIB),104.3,FMI (WEO)
,GRD,2003,Dette publique (% du PIB),79.6,FMI (WEO)
,GTM,2003,Dette publique (% du PIB),19.8,FMI (WEO)
,GIN,2003,Dette publique (% du PIB),81.6,FMI (WEO)
,GUY,2003,Dette publique (% du PIB),95.6,FMI (WEO)
,HTI,2003,Dette publique (% du PIB),37.8,FMI (WEO)
,HND,2003,Dette publique (% du PIB),67.8,FMI (WEO)
,HUN,2003,Dette publique (% du PIB),58.2,FMI (WEO)
,ISL,2003,Dette publique (% du PIB),84.1,FMI (WEO)
,IND,2003,Dette publique (% du PIB),85.9,FMI (WEO)
,IDN,2003,Dette publique (% du PIB),55.6,FMI (WEO)
,IRN,2003,Dette publique (% du PIB),21.9,FMI (WEO)
,IRL,2003,Dette publique (% du PIB),29.8,FMI (WEO)
,ISR,2003,Dette publique (% du PIB),89.7,FMI (WEO)
,ITA,2003,Dette publique (% du PIB),105.1,FMI (WEO)
,JAM,2003,Dette publique (% du PIB),120.1,FMI (WEO)
,JPN,2003,Dette publique (% du PIB),140.2,FMI (WEO)
,JOR,2003,Dette publique (% du PIB),80.4,FMI (WEO)
,KAZ,2003,Dette publique (% du PIB),15.0,FMI (WEO)
,KEN,2003,Dette publique (% du PIB),43.8,FMI (WEO)
,KIR,2003,Dette publique (% du PIB),12.3,FMI (WEO)
,KOR,2003,Dette publique (% du PIB),19.1,FMI (WEO)
,KWT,2003,Dette publique (% du PIB),17.2,FMI (WEO)
,KGZ,2003,Dette publique (% du PIB),108.2,FMI (WEO)
,LAO,2003,Dette publique (% du PIB),90.1,FMI (WEO)
,LVA,2003,Dette publique (% du PIB),15.4,FMI (WEO)
,LBN,2003,Dette publique (% du PIB),171.3,FMI (WEO)
,LSO,2003,Dette publique (% du PIB),52.6,FMI (WEO)
,LBR,2003,Dette publique (% du PIB),600.1,FMI (WEO)
,LTU,2003,Dette publique (% du PIB),20.4,FMI (WEO)
,LUX,2003,Dette publique (% du PIB),7.4,FMI (WEO)
,MAC,2003,Dette publique (% du PIB),0.0,FMI (WEO)
,MDG,2003,Dette publique (% du PIB),85.9,FMI (WEO)
,MWI,2003,Dette publique (% du PIB),84.7,FMI (WEO)
,MYS,2003,Dette publique (% du PIB),41.4,FMI (WEO)
,MDV,2003,Dette publique (% du PIB),37.6,FMI (WEO)
,MLT,2003,Dette publique (% du PIB),68.6,FMI (WEO)
,MHL,2003,Dette publique (% du PIB),43.7,FMI (WEO)
,MRT,2003,Dette publique (% du PIB),22.9,FMI (WEO)
,MUS,2003,Dette publique (% du PIB),66.9,FMI (WEO)
,MEX,2003,Dette publique (% du PIB),42.1,FMI (WEO)
,FSM,2003,Dette publique (% du PIB),24.9,FMI (WEO)
,MDA,2003,Dette publique (% du PIB),68.1,FMI (WEO)
,MNE,2003,Dette publique (% du PIB),48.6,FMI (WEO)
,MAR,2003,Dette publique (% du PIB),56.9,FMI (WEO)
,MOZ,2003,Dette publique (% du PIB),63.2,FMI (WEO)
,MMR,2003,Dette publique (% du PIB),146.0,FMI (WEO)
,NAM,2003,Dette publique (% du PIB),27.1,FMI (WEO)
,NPL,2003,Dette publique (% du PIB),53.0,FMI (WEO)
,NLD,2003,Dette publique (% du PIB),49.8,FMI (WEO)
,NZL,2003,Dette publique (% du PIB),24.7,FMI (WEO)
,NIC,2003,Dette publique (% du PIB),109.5,FMI (WEO)
,NGA,2003,Dette publique (% du PIB),29.9,FMI (WEO)
,MKD,2003,Dette publique (% du PIB),36.5,FMI (WEO)
,NOR,2003,Dette publique (% du PIB),43.1,FMI (WEO)
,OMN,2003,Dette publique (% du PIB),13.0,FMI (WEO)
,PAK,2003,Dette publique (% du PIB),56.3,FMI (WEO)
,PLW,2003,Dette publique (% du PIB),34.8,FMI (WEO)
,PAN,2003,Dette publique (% du PIB),59.9,FMI (WEO)
,PNG,2003,Dette publique (% du PIB),40.4,FMI (WEO)
,PRY,2003,Dette publique (% du PIB),37.5,FMI (WEO)
,PER,2003,Dette publique (% du PIB),49.4,FMI (WEO)
,PHL,2003,Dette publique (% du PIB),71.4,FMI (WEO)
,POL,2003,Dette publique (% du PIB),46.2,FMI (WEO)
,PRT,2003,Dette publique (% du PIB),63.9,FMI (WEO)
,QAT,2003,Dette publique (% du PIB),38.8,FMI (WEO)
,COG,2003,Dette publique (% du PIB),185.3,FMI (WEO)
,ROU,2003,Dette publique (% du PIB),24.9,FMI (WEO)
,RUS,2003,Dette publique (% du PIB),28.3,FMI (WEO)
,RWA,2003,Dette publique (% du PIB),80.7,FMI (WEO)
,WSM,2003,Dette publique (% du PIB),42.8,FMI (WEO)
,SMR,2003,Dette publique (% du PIB),16.1,FMI (WEO)
,STP,2003,Dette publique (% du PIB),329.4,FMI (WEO)
,SAU,2003,Dette publique (% du PIB),81.6,FMI (WEO)
,SRB,2003,Dette publique (% du PIB),64.4,FMI (WEO)
,SYC,2003,Dette publique (% du PIB),177.0,FMI (WEO)
,SLE,2003,Dette publique (% du PIB),99.8,FMI (WEO)
,SGP,2003,Dette publique (% du PIB),99.1,FMI (WEO)
,SVK,2003,Dette publique (% du PIB),43.6,FMI (WEO)
,SVN,2003,Dette publique (% du PIB),27.0,FMI (WEO)
,SLB,2003,Dette publique (% du PIB),51.8,FMI (WEO)
,ZAF,2003,Dette publique (% du PIB),31.5,FMI (WEO)
,ESP,2003,Dette publique (% du PIB),47.7,FMI (WEO)
,LKA,2003,Dette publique (% du PIB),86.5,FMI (WEO)
,KNA,2003,Dette publique (% du PIB),136.6,FMI (WEO)
,LCA,2003,Dette publique (% du PIB),44.7,FMI (WEO)
,VCT,2003,Dette publique (% du PIB),55.3,FMI (WEO)
,SUR,2003,Dette publique (% du PIB),31.5,FMI (WEO)
,SWE,2003,Dette publique (% du PIB),49.5,FMI (WEO)
,CHE,2003,Dette publique (% du PIB),56.2,FMI (WEO)
,SYR,2003,Dette publique (% du PIB),133.4,FMI (WEO)
,TWN,2003,Dette publique (% du PIB),32.1,FMI (WEO)
,TJK,2003,Dette publique (% du PIB),69.8,FMI (WEO)
,TZA,2003,Dette publique (% du PIB),44.4,FMI (WEO)
,THA,2003,Dette publique (% du PIB),47.5,FMI (WEO)
,BHS,2003,Dette publique (% du PIB),20.8,FMI (WEO)
,GMB,2003,Dette publique (% du PIB),91.7,FMI (WEO)
,TON,2003,Dette publique (% du PIB),56.2,FMI (WEO)
,TTO,2003,Dette publique (% du PIB),52.4,FMI (WEO)
,TUN,2003,Dette publique (% du PIB),52.6,FMI (WEO)
,TUR,2003,Dette publique (% du PIB),63.6,FMI (WEO)
,TKM,2003,Dette publique (% du PIB),16.9,FMI (WEO)
,UGA,2003,Dette publique (% du PIB),55.1,FMI (WEO)
,UKR,2003,Dette publique (% du PIB),28.3,FMI (WEO)
,ARE,2003,Dette publique (% du PIB),3.3,FMI (WEO)
,GBR,2003,Dette publique (% du PIB),36.6,FMI (WEO)
,USA,2003,Dette publique (% du PIB),59.0,FMI (WEO)
,URY,2003,Dette publique (% du PIB),91.9,FMI (WEO)
,UZB,2003,Dette publique (% du PIB),28.3,FMI (WEO)
,VUT,2003,Dette publique (% du PIB),34.6,FMI (WEO)
,VEN,2003,Dette publique (% du PIB),56.0,FMI (WEO)
,VNM,2003,Dette publique (% du PIB),29.8,FMI (WEO)
,WBG,2003,Dette publique (% du PIB),20.7,FMI (WEO)
,ZMB,2003,Dette publique (% du PIB),159.5,FMI (WEO)
,ADVEC,2003,Dette publique (% du PIB),70.6,FMI (WEO)
,AFQ,2003,Dette publique (% du PIB),51.8,FMI (WEO)
,SSQ,2003,Dette publique (% du PIB),46.6,FMI (WEO)
,AS5,2003,Dette publique (% du PIB),59.6,FMI (WEO)
,APQ,2003,Dette publique (% du PIB),85.7,FMI (WEO)
,AZQ,2003,Dette publique (% du PIB),14.7,FMI (WEO)
,CBQ,2003,Dette publique (% du PIB),63.0,FMI (WEO)
,CMQ,2003,Dette publique (% du PIB),46.5,FMI (WEO)
,CAQ,2003,Dette publique (% du PIB),58.6,FMI (WEO)
,EAQ,2003,Dette publique (% du PIB),97.2,FMI (WEO)
,EEQ,2003,Dette publique (% du PIB),35.2,FMI (WEO)
,DA,2003,Dette publique (% du PIB),44.6,FMI (WEO)
,EDE,2003,Dette publique (% du PIB),43.4,FMI (WEO)
,OEMDC,2003,Dette publique (% du PIB),48.5,FMI (WEO)
,EURO,2003,Dette publique (% du PIB),69.4,FMI (WEO)
,EUQ,2003,Dette publique (% du PIB),59.9,FMI (WEO)
,EU,2003,Dette publique (% du PIB),66.9,FMI (WEO)
,WE,2003,Dette publique (% du PIB),57.4,FMI (WEO)
,MAE,2003,Dette publique (% du PIB),76.5,FMI (WEO)
,MEQ,2003,Dette publique (% du PIB),52.7,FMI (WEO)
,MECA,2003,Dette publique (% du PIB),51.6,FMI (WEO)
,NAQ,2003,Dette publique (% du PIB),64.8,FMI (WEO)
,NMQ,2003,Dette publique (% du PIB),59.1,FMI (WEO)
,OAE,2003,Dette publique (% du PIB),36.7,FMI (WEO)
,PIQ,2003,Dette publique (% du PIB),42.4,FMI (WEO)
,SMQ,2003,Dette publique (% du PIB),69.1,FMI (WEO)
,SAQ,2003,Dette publique (% du PIB),77.2,FMI (WEO)
,SEQ,2003,Dette publique (% du PIB),58.0,FMI (WEO)
,SSA,2003,Dette publique (% du PIB),44.1,FMI (WEO)
,WEQ,2003,Dette publique (% du PIB),62.3,FMI (WEO)
,WHQ,2003,Dette publique (% du PIB),59.8,FMI (WEO)
,WEOWORLD,2003,Dette publique (% du PIB),66.1,FMI (WEO)
,SDN,2004,Dette publique (% du PIB),97.8,FMI (WEO)
,AFG,2004,Dette publique (% du PIB),245.0,FMI (WEO)
,ALB,2004,Dette publique (% du PIB),57.5,FMI (WEO)
,DZA,2004,Dette publique (% du PIB),32.7,FMI (WEO)
,AND,2004,Dette publique (% du PIB),15.1,FMI (WEO)
,AGO,2004,Dette publique (% du PIB),41.6,FMI (WEO)
,ATG,2004,Dette publique (% du PIB),107.7,FMI (WEO)
,ARG,2004,Dette publique (% du PIB),117.9,FMI (WEO)
,ARM,2004,Dette publique (% du PIB),26.4,FMI (WEO)
,ABW,2004,Dette publique (% du PIB),42.5,FMI (WEO)
,AUS,2004,Dette publique (% du PIB),11.9,FMI (WEO)
,AUT,2004,Dette publique (% du PIB),65.9,FMI (WEO)
,AZE,2004,Dette publique (% du PIB),9.7,FMI (WEO)
,BHR,2004,Dette publique (% du PIB),28.2,FMI (WEO)
,BGD,2004,Dette publique (% du PIB),36.6,FMI (WEO)
,BRB,2004,Dette publique (% du PIB),61.0,FMI (WEO)
,BLR,2004,Dette publique (% du PIB),9.2,FMI (WEO)
,BEL,2004,Dette publique (% du PIB),97.2,FMI (WEO)
,BLZ,2004,Dette publique (% du PIB),70.7,FMI (WEO)
,BTN,2004,Dette publique (% du PIB),76.0,FMI (WEO)
,BOL,2004,Dette publique (% du PIB),80.6,FMI (WEO)
,BIH,2004,Dette publique (% du PIB),25.5,FMI (WEO)
,BWA,2004,Dette publique (% du PIB),10.7,FMI (WEO)
,BRA,2004,Dette publique (% du PIB),68.0,FMI (WEO)
,BRN,2004,Dette publique (% du PIB),0.0,FMI (WEO)
,BGR,2004,Dette publique (% du PIB),37.8,FMI (WEO)
,BDI,2004,Dette publique (% du PIB),166.1,FMI (WEO)
,CPV,2004,Dette publique (% du PIB),67.8,FMI (WEO)
,KHM,2004,Dette publique (% du PIB),38.1,FMI (WEO)
,CMR,2004,Dette publique (% du PIB),51.7,FMI (WEO)
,CAN,2004,Dette publique (% du PIB),71.9,FMI (WEO)
,CAF,2004,Dette publique (% du PIB),99.7,FMI (WEO)
,TCD,2004,Dette publique (% du PIB),25.2,FMI (WEO)
,CHL,2004,Dette publique (% du PIB),10.3,FMI (WEO)
,CHN,2004,Dette publique (% du PIB),26.0,FMI (WEO)
,COL,2004,Dette publique (% du PIB),41.5,FMI (WEO)
,COM,2004,Dette publique (% du PIB),42.4,FMI (WEO)
,COD,2004,Dette publique (% du PIB),164.1,FMI (WEO)
,CRI,2004,Dette publique (% du PIB),41.0,FMI (WEO)
,HRV,2004,Dette publique (% du PIB),40.0,FMI (WEO)
,CYP,2004,Dette publique (% du PIB),64.7,FMI (WEO)
,CZE,2004,Dette publique (% du PIB),28.3,FMI (WEO)
,TLS,2004,Dette publique (% du PIB),0.0,FMI (WEO)
,DNK,2004,Dette publique (% du PIB),46.2,FMI (WEO)
,DMA,2004,Dette publique (% du PIB),86.2,FMI (WEO)
,DOM,2004,Dette publique (% du PIB),34.3,FMI (WEO)
,ECU,2004,Dette publique (% du PIB),40.2,FMI (WEO)
,EGY,2004,Dette publique (% du PIB),96.5,FMI (WEO)
,SLV,2004,Dette publique (% du PIB),46.8,FMI (WEO)
,GNQ,2004,Dette publique (% du PIB),4.5,FMI (WEO)
,ERI,2004,Dette publique (% du PIB),193.5,FMI (WEO)
,EST,2004,Dette publique (% du PIB),5.2,FMI (WEO)
,SWZ,2004,Dette publique (% du PIB),15.0,FMI (WEO)
,ETH,2004,Dette publique (% du PIB),103.1,FMI (WEO)
,FJI,2004,Dette publique (% du PIB),45.9,FMI (WEO)
,FIN,2004,Dette publique (% du PIB),42.6,FMI (WEO)
,FRA,2004,Dette publique (% du PIB),66.9,FMI (WEO)
,GAB,2004,Dette publique (% du PIB),60.3,FMI (WEO)
,GEO,2004,Dette publique (% du PIB),44.3,FMI (WEO)
,DEU,2004,Dette publique (% du PIB),65.0,FMI (WEO)
,GHA,2004,Dette publique (% du PIB),38.4,FMI (WEO)
,GRC,2004,Dette publique (% du PIB),105.5,FMI (WEO)
,GRD,2004,Dette publique (% du PIB),94.7,FMI (WEO)
,GTM,2004,Dette publique (% du PIB),20.6,FMI (WEO)
,GIN,2004,Dette publique (% du PIB),86.9,FMI (WEO)
,GUY,2004,Dette publique (% du PIB),91.8,FMI (WEO)
,HTI,2004,Dette publique (% du PIB),30.4,FMI (WEO)
,HND,2004,Dette publique (% du PIB),60.9,FMI (WEO)
,HKG,2004,Dette publique (% du PIB),1.9,FMI (WEO)
,HUN,2004,Dette publique (% du PIB),58.9,FMI (WEO)
,ISL,2004,Dette publique (% du PIB),80.1,FMI (WEO)
,IND,2004,Dette publique (% du PIB),84.9,FMI (WEO)
,IDN,2004,Dette publique (% du PIB),51.3,FMI (WEO)
,IRN,2004,Dette publique (% du PIB),21.1,FMI (WEO)
,IRQ,2004,Dette publique (% du PIB),344.3,FMI (WEO)
,IRL,2004,Dette publique (% du PIB),28.1,FMI (WEO)
,ISR,2004,Dette publique (% du PIB),88.3,FMI (WEO)
,ITA,2004,Dette publique (% du PIB),104.7,FMI (WEO)
,JAM,2004,Dette publique (% du PIB),116.9,FMI (WEO)
,JPN,2004,Dette publique (% du PIB),148.8,FMI (WEO)
,JOR,2004,Dette publique (% du PIB),73.8,FMI (WEO)
,KAZ,2004,Dette publique (% du PIB),11.4,FMI (WEO)
,KEN,2004,Dette publique (% du PIB),40.8,FMI (WEO)
,KIR,2004,Dette publique (% du PIB),13.6,FMI (WEO)
,KOR,2004,Dette publique (% du PIB),21.6,FMI (WEO)
,KWT,2004,Dette publique (% du PIB),13.9,FMI (WEO)
,KGZ,2004,Dette publique (% du PIB),92.7,FMI (WEO)
,LAO,2004,Dette publique (% du PIB),80.7,FMI (WEO)
,LVA,2004,Dette publique (% du PIB),15.3,FMI (WEO)
,LBN,2004,Dette publique (% du PIB),169.5,FMI (WEO)
,LSO,2004,Dette publique (% du PIB),49.4,FMI (WEO)
,LBR,2004,Dette publique (% du PIB),543.4,FMI (WEO)
,LTU,2004,Dette publique (% du PIB),18.6,FMI (WEO)
,LUX,2004,Dette publique (% du PIB),7.8,FMI (WEO)
,MAC,2004,Dette publique (% du PIB),0.0,FMI (WEO)
,MDG,2004,Dette publique (% du PIB),81.9,FMI (WEO)
,MWI,2004,Dette publique (% du PIB),74.7,FMI (WEO)
,MYS,2004,Dette publique (% du PIB),42.0,FMI (WEO)
,MDV,2004,Dette publique (% du PIB),34.7,FMI (WEO)
,MLT,2004,Dette publique (% du PIB),70.4,FMI (WEO)
,MHL,2004,Dette publique (% du PIB),46.8,FMI (WEO)
,MRT,2004,Dette publique (% du PIB),22.0,FMI (WEO)
,MUS,2004,Dette publique (% du PIB),59.4,FMI (WEO)
,MEX,2004,Dette publique (% du PIB),38.9,FMI (WEO)
,FSM,2004,Dette publique (% du PIB),25.7,FMI (WEO)
,MDA,2004,Dette publique (% du PIB),49.3,FMI (WEO)
,MNE,2004,Dette publique (% du PIB),45.4,FMI (WEO)
,MAR,2004,Dette publique (% du PIB),54.4,FMI (WEO)
,MOZ,2004,Dette publique (% du PIB),50.8,FMI (WEO)
,MMR,2004,Dette publique (% du PIB),126.6,FMI (WEO)
,NAM,2004,Dette publique (% du PIB),29.2,FMI (WEO)
,NPL,2004,Dette publique (% du PIB),51.3,FMI (WEO)
,NLD,2004,Dette publique (% du PIB),50.1,FMI (WEO)
,NZL,2004,Dette publique (% du PIB),22.5,FMI (WEO)
,NIC,2004,Dette publique (% du PIB),84.0,FMI (WEO)
,NGA,2004,Dette publique (% du PIB),25.2,FMI (WEO)
,MKD,2004,Dette publique (% du PIB),34.6,FMI (WEO)
,NOR,2004,Dette publique (% du PIB),43.8,FMI (WEO)
,OMN,2004,Dette publique (% du PIB),14.5,FMI (WEO)
,PAK,2004,Dette publique (% du PIB),50.6,FMI (WEO)
,PLW,2004,Dette publique (% du PIB),34.2,FMI (WEO)
,PAN,2004,Dette publique (% du PIB),61.5,FMI (WEO)
,PNG,2004,Dette publique (% du PIB),37.2,FMI (WEO)
,PRY,2004,Dette publique (% du PIB),36.0,FMI (WEO)
,PER,2004,Dette publique (% du PIB),46.7,FMI (WEO)
,PHL,2004,Dette publique (% du PIB),71.1,FMI (WEO)
,POL,2004,Dette publique (% du PIB),45.0,FMI (WEO)
,PRT,2004,Dette publique (% du PIB),67.1,FMI (WEO)
,QAT,2004,Dette publique (% du PIB),30.1,FMI (WEO)
,COG,2004,Dette publique (% du PIB),122.6,FMI (WEO)
,ROU,2004,Dette publique (% du PIB),21.3,FMI (WEO)
,RUS,2004,Dette publique (% du PIB),20.8,FMI (WEO)
,RWA,2004,Dette publique (% du PIB),82.1,FMI (WEO)
,WSM,2004,Dette publique (% du PIB),39.8,FMI (WEO)
,SMR,2004,Dette publique (% du PIB),16.9,FMI (WEO)
,STP,2004,Dette publique (% du PIB),354.5,FMI (WEO)
,SAU,2004,Dette publique (% du PIB),62.9,FMI (WEO)
,SRB,2004,Dette publique (% du PIB),57.6,FMI (WEO)
,SYC,2004,Dette publique (% du PIB),163.2,FMI (WEO)
,SLE,2004,Dette publique (% du PIB),93.2,FMI (WEO)
,SGP,2004,Dette publique (% du PIB),95.7,FMI (WEO)
,SVK,2004,Dette publique (% du PIB),42.0,FMI (WEO)
,SVN,2004,Dette publique (% du PIB),27.1,FMI (WEO)
,SLB,2004,Dette publique (% du PIB),49.4,FMI (WEO)
,ZAF,2004,Dette publique (% du PIB),30.7,FMI (WEO)
,ESP,2004,Dette publique (% du PIB),45.3,FMI (WEO)
,LKA,2004,Dette publique (% du PIB),86.5,FMI (WEO)
,KNA,2004,Dette publique (% du PIB),147.2,FMI (WEO)
,LCA,2004,Dette publique (% du PIB),48.8,FMI (WEO)
,VCT,2004,Dette publique (% du PIB),58.5,FMI (WEO)
,SUR,2004,Dette publique (% du PIB),29.4,FMI (WEO)
,SWE,2004,Dette publique (% du PIB),48.7,FMI (WEO)
,CHE,2004,Dette publique (% du PIB),57.1,FMI (WEO)
,SYR,2004,Dette publique (% du PIB),113.0,FMI (WEO)
,TWN,2004,Dette publique (% du PIB),33.4,FMI (WEO)
,TJK,2004,Dette publique (% du PIB),49.4,FMI (WEO)
,TZA,2004,Dette publique (% du PIB),44.5,FMI (WEO)
,THA,2004,Dette publique (% du PIB),46.3,FMI (WEO)
,BHS,2004,Dette publique (% du PIB),21.6,FMI (WEO)
,GMB,2004,Dette publique (% du PIB),81.3,FMI (WEO)
,TON,2004,Dette publique (% du PIB),52.2,FMI (WEO)
,TTO,2004,Dette publique (% du PIB),43.3,FMI (WEO)
,TUN,2004,Dette publique (% du PIB),51.6,FMI (WEO)
,TUR,2004,Dette publique (% du PIB),57.0,FMI (WEO)
,TKM,2004,Dette publique (% du PIB),11.4,FMI (WEO)
,UGA,2004,Dette publique (% du PIB),49.0,FMI (WEO)
,UKR,2004,Dette publique (% du PIB),23.9,FMI (WEO)
,ARE,2004,Dette publique (% du PIB),4.1,FMI (WEO)
,GBR,2004,Dette publique (% du PIB),39.7,FMI (WEO)
,USA,2004,Dette publique (% du PIB),66.4,FMI (WEO)
,URY,2004,Dette publique (% du PIB),73.7,FMI (WEO)
,UZB,2004,Dette publique (% du PIB),24.2,FMI (WEO)
,VUT,2004,Dette publique (% du PIB),27.5,FMI (WEO)
,VEN,2004,Dette publique (% du PIB),41.8,FMI (WEO)
,VNM,2004,Dette publique (% du PIB),29.4,FMI (WEO)
,WBG,2004,Dette publique (% du PIB),21.1,FMI (WEO)
,ZMB,2004,Dette publique (% du PIB),129.9,FMI (WEO)
,ADVEC,2004,Dette publique (% du PIB),73.9,FMI (WEO)
,AFQ,2004,Dette publique (% du PIB),46.7,FMI (WEO)
,SSQ,2004,Dette publique (% du PIB),42.1,FMI (WEO)
,AS5,2004,Dette publique (% du PIB),57.6,FMI (WEO)
,APQ,2004,Dette publique (% du PIB),85.7,FMI (WEO)
,AZQ,2004,Dette publique (% du PIB),13.3,FMI (WEO)
,CBQ,2004,Dette publique (% du PIB),59.2,FMI (WEO)
,CMQ,2004,Dette publique (% du PIB),42.4,FMI (WEO)
,CAQ,2004,Dette publique (% du PIB),51.8,FMI (WEO)
,EAQ,2004,Dette publique (% du PIB),98.9,FMI (WEO)
,EEQ,2004,Dette publique (% du PIB),30.4,FMI (WEO)
,DA,2004,Dette publique (% du PIB),43.5,FMI (WEO)
,EDE,2004,Dette publique (% du PIB),37.1,FMI (WEO)
,OEMDC,2004,Dette publique (% du PIB),45.8,FMI (WEO)
,EURO,2004,Dette publique (% du PIB),69.6,FMI (WEO)
,EUQ,2004,Dette publique (% du PIB),59.7,FMI (WEO)
,EU,2004,Dette publique (% du PIB),67.0,FMI (WEO)
,WE,2004,Dette publique (% du PIB),53.5,FMI (WEO)
,MAE,2004,Dette publique (% du PIB),81.5,FMI (WEO)
,MEQ,2004,Dette publique (% du PIB),56.2,FMI (WEO)
,MECA,2004,Dette publique (% du PIB),52.0,FMI (WEO)
,NAQ,2004,Dette publique (% du PIB),59.6,FMI (WEO)
,NMQ,2004,Dette publique (% du PIB),65.2,FMI (WEO)
,OAE,2004,Dette publique (% du PIB),34.9,FMI (WEO)
,PIQ,2004,Dette publique (% du PIB),39.9,FMI (WEO)
,SMQ,2004,Dette publique (% du PIB),63.4,FMI (WEO)
,SAQ,2004,Dette publique (% du PIB),75.9,FMI (WEO)
,SEQ,2004,Dette publique (% du PIB),55.7,FMI (WEO)
,SSA,2004,Dette publique (% du PIB),40.1,FMI (WEO)
,WEQ,2004,Dette publique (% du PIB),63.0,FMI (WEO)
,WHQ,2004,Dette publique (% du PIB),64.9,FMI (WEO)
,WEOWORLD,2004,Dette publique (% du PIB),67.8,FMI (WEO)
,SDN,2005,Dette publique (% du PIB),75.5,FMI (WEO)
,AFG,2005,Dette publique (% du PIB),206.4,FMI (WEO)
,ALB,2005,Dette publique (% du PIB),58.2,FMI (WEO)
,DZA,2005,Dette publique (% du PIB),25.4,FMI (WEO)
,AND,2005,Dette publique (% du PIB),14.8,FMI (WEO)
,AGO,2005,Dette publique (% du PIB),29.9,FMI (WEO)
,ATG,2005,Dette publique (% du PIB),82.8,FMI (WEO)
,ARG,2005,Dette publique (% du PIB),80.3,FMI (WEO)
,ARM,2005,Dette publique (% du PIB),24.4,FMI (WEO)
,ABW,2005,Dette publique (% du PIB),45.1,FMI (WEO)
,AUS,2005,Dette publique (% du PIB),10.8,FMI (WEO)
,AUT,2005,Dette publique (% du PIB),69.4,FMI (WEO)
,AZE,2005,Dette publique (% du PIB),6.9,FMI (WEO)
,BHR,2005,Dette publique (% du PIB),23.2,FMI (WEO)
,BGD,2005,Dette publique (% du PIB),35.6,FMI (WEO)
,BRB,2005,Dette publique (% du PIB),62.7,FMI (WEO)
,BLR,2005,Dette publique (% du PIB),8.1,FMI (WEO)
,BEL,2005,Dette publique (% du PIB),95.1,FMI (WEO)
,BLZ,2005,Dette publique (% du PIB),72.7,FMI (WEO)
,BTN,2005,Dette publique (% du PIB),80.8,FMI (WEO)
,BOL,2005,Dette publique (% du PIB),73.2,FMI (WEO)
,BIH,2005,Dette publique (% du PIB),24.9,FMI (WEO)
,BWA,2005,Dette publique (% du PIB),7.5,FMI (WEO)
,BRA,2005,Dette publique (% du PIB),67.0,FMI (WEO)
,BRN,2005,Dette publique (% du PIB),0.0,FMI (WEO)
,BGR,2005,Dette publique (% du PIB),28.5,FMI (WEO)
,BDI,2005,Dette publique (% du PIB),137.0,FMI (WEO)
,CPV,2005,Dette publique (% du PIB),66.7,FMI (WEO)
,KHM,2005,Dette publique (% du PIB),31.3,FMI (WEO)
,CMR,2005,Dette publique (% du PIB),43.8,FMI (WEO)
,CAN,2005,Dette publique (% du PIB),70.6,FMI (WEO)
,CAF,2005,Dette publique (% du PIB),103.0,FMI (WEO)
,TCD,2005,Dette publique (% du PIB),22.0,FMI (WEO)
,CHL,2005,Dette publique (% du PIB),7.0,FMI (WEO)
,CHN,2005,Dette publique (% du PIB),25.9,FMI (WEO)
,COL,2005,Dette publique (% du PIB),38.5,FMI (WEO)
,COM,2005,Dette publique (% du PIB),39.9,FMI (WEO)
,COD,2005,Dette publique (% du PIB),112.0,FMI (WEO)
,CRI,2005,Dette publique (% du PIB),37.3,FMI (WEO)
,HRV,2005,Dette publique (% du PIB),40.9,FMI (WEO)
,CYP,2005,Dette publique (% du PIB),64.0,FMI (WEO)
,CZE,2005,Dette publique (% du PIB),27.7,FMI (WEO)
,TLS,2005,Dette publique (% du PIB),0.0,FMI (WEO)
,DNK,2005,Dette publique (% du PIB),39.4,FMI (WEO)
,DMA,2005,Dette publique (% du PIB),82.0,FMI (WEO)
,DOM,2005,Dette publique (% du PIB),38.3,FMI (WEO)
,ECU,2005,Dette publique (% du PIB),35.8,FMI (WEO)
,EGY,2005,Dette publique (% du PIB),98.3,FMI (WEO)
,SLV,2005,Dette publique (% du PIB),46.3,FMI (WEO)
,GNQ,2005,Dette publique (% du PIB),2.8,FMI (WEO)
,ERI,2005,Dette publique (% du PIB),205.4,FMI (WEO)
,EST,2005,Dette publique (% du PIB),4.7,FMI (WEO)
,SWZ,2005,Dette publique (% du PIB),13.6,FMI (WEO)
,ETH,2005,Dette publique (% du PIB),78.2,FMI (WEO)
,FJI,2005,Dette publique (% du PIB),45.3,FMI (WEO)
,FIN,2005,Dette publique (% du PIB),39.9,FMI (WEO)
,FRA,2005,Dette publique (% du PIB),68.2,FMI (WEO)
,GAB,2005,Dette publique (% du PIB),41.7,FMI (WEO)
,GEO,2005,Dette publique (% du PIB),35.3,FMI (WEO)
,DEU,2005,Dette publique (% du PIB),67.1,FMI (WEO)
,GHA,2005,Dette publique (% du PIB),31.7,FMI (WEO)
,GRC,2005,Dette publique (% du PIB),109.9,FMI (WEO)
,GRD,2005,Dette publique (% du PIB),87.3,FMI (WEO)
,GTM,2005,Dette publique (% du PIB),20.0,FMI (WEO)
,GIN,2005,Dette publique (% du PIB),97.9,FMI (WEO)
,GUY,2005,Dette publique (% du PIB),90.7,FMI (WEO)
,HTI,2005,Dette publique (% du PIB),29.7,FMI (WEO)
,HND,2005,Dette publique (% du PIB),55.6,FMI (WEO)
,HKG,2005,Dette publique (% du PIB),1.7,FMI (WEO)
,HUN,2005,Dette publique (% du PIB),60.6,FMI (WEO)
,ISL,2005,Dette publique (% du PIB),67.8,FMI (WEO)
,IND,2005,Dette publique (% du PIB),82.4,FMI (WEO)
,IDN,2005,Dette publique (% du PIB),42.6,FMI (WEO)
,IRN,2005,Dette publique (% du PIB),18.3,FMI (WEO)
,IRQ,2005,Dette publique (% du PIB),227.3,FMI (WEO)
,IRL,2005,Dette publique (% du PIB),26.1,FMI (WEO)
,ISR,2005,Dette publique (% du PIB),85.2,FMI (WEO)
,ITA,2005,Dette publique (% du PIB),106.2,FMI (WEO)
,JAM,2005,Dette publique (% du PIB),121.5,FMI (WEO)
,JPN,2005,Dette publique (% du PIB),153.4,FMI (WEO)
,JOR,2005,Dette publique (% du PIB),66.1,FMI (WEO)
,KAZ,2005,Dette publique (% du PIB),8.1,FMI (WEO)
,KEN,2005,Dette publique (% du PIB),37.4,FMI (WEO)
,KIR,2005,Dette publique (% du PIB),12.1,FMI (WEO)
,KOR,2005,Dette publique (% du PIB),24.9,FMI (WEO)
,KWT,2005,Dette publique (% du PIB),10.2,FMI (WEO)
,KGZ,2005,Dette publique (% du PIB),85.7,FMI (WEO)
,LAO,2005,Dette publique (% du PIB),73.2,FMI (WEO)
,LVA,2005,Dette publique (% du PIB),12.5,FMI (WEO)
,LBN,2005,Dette publique (% du PIB),178.9,FMI (WEO)
,LSO,2005,Dette publique (% du PIB),41.0,FMI (WEO)
,LBR,2005,Dette publique (% du PIB),488.5,FMI (WEO)
,LTU,2005,Dette publique (% du PIB),17.6,FMI (WEO)
,LUX,2005,Dette publique (% du PIB),8.0,FMI (WEO)
,MAC,2005,Dette publique (% du PIB),0.0,FMI (WEO)
,MDG,2005,Dette publique (% du PIB),74.4,FMI (WEO)
,MWI,2005,Dette publique (% du PIB),70.9,FMI (WEO)
,MYS,2005,Dette publique (% du PIB),40.8,FMI (WEO)
,MDV,2005,Dette publique (% du PIB),43.2,FMI (WEO)
,MLT,2005,Dette publique (% du PIB),70.2,FMI (WEO)
,MHL,2005,Dette publique (% du PIB),45.8,FMI (WEO)
,MRT,2005,Dette publique (% du PIB),71.1,FMI (WEO)
,MUS,2005,Dette publique (% du PIB),58.3,FMI (WEO)
,MEX,2005,Dette publique (% du PIB),36.8,FMI (WEO)
,FSM,2005,Dette publique (% du PIB),25.0,FMI (WEO)
,MDA,2005,Dette publique (% du PIB),40.4,FMI (WEO)
,MNE,2005,Dette publique (% du PIB),38.6,FMI (WEO)
,MAR,2005,Dette publique (% du PIB),54.8,FMI (WEO)
,MOZ,2005,Dette publique (% du PIB),60.1,FMI (WEO)
,MMR,2005,Dette publique (% du PIB),119.0,FMI (WEO)
,NAM,2005,Dette publique (% du PIB),26.9,FMI (WEO)
,NPL,2005,Dette publique (% du PIB),45.1,FMI (WEO)
,NLD,2005,Dette publique (% du PIB),49.6,FMI (WEO)
,NZL,2005,Dette publique (% du PIB),20.8,FMI (WEO)
,NIC,2005,Dette publique (% du PIB),66.6,FMI (WEO)
,NGA,2005,Dette publique (% du PIB),13.4,FMI (WEO)
,MKD,2005,Dette publique (% du PIB),36.7,FMI (WEO)
,NOR,2005,Dette publique (% du PIB),42.1,FMI (WEO)
,OMN,2005,Dette publique (% du PIB),8.4,FMI (WEO)
,PAK,2005,Dette publique (% du PIB),47.9,FMI (WEO)
,PLW,2005,Dette publique (% du PIB),30.5,FMI (WEO)
,PAN,2005,Dette publique (% du PIB),61.5,FMI (WEO)
,PNG,2005,Dette publique (% du PIB),31.6,FMI (WEO)
,PRY,2005,Dette publique (% du PIB),28.3,FMI (WEO)
,PER,2005,Dette publique (% du PIB),40.4,FMI (WEO)
,PHL,2005,Dette publique (% du PIB),64.7,FMI (WEO)
,POL,2005,Dette publique (% du PIB),46.5,FMI (WEO)
,PRT,2005,Dette publique (% du PIB),72.2,FMI (WEO)
,QAT,2005,Dette publique (% du PIB),19.1,FMI (WEO)
,COG,2005,Dette publique (% du PIB),99.8,FMI (WEO)
,ROU,2005,Dette publique (% du PIB),17.8,FMI (WEO)
,RUS,2005,Dette publique (% du PIB),14.9,FMI (WEO)
,RWA,2005,Dette publique (% du PIB),59.8,FMI (WEO)
,WSM,2005,Dette publique (% du PIB),34.2,FMI (WEO)
,SMR,2005,Dette publique (% du PIB),14.5,FMI (WEO)
,STP,2005,Dette publique (% du PIB),334.2,FMI (WEO)
,SAU,2005,Dette publique (% du PIB),37.3,FMI (WEO)
,SRB,2005,Dette publique (% du PIB),50.1,FMI (WEO)
,SYC,2005,Dette publique (% du PIB),144.1,FMI (WEO)
,SLE,2005,Dette publique (% du PIB),78.9,FMI (WEO)
,SGP,2005,Dette publique (% du PIB),92.7,FMI (WEO)
,SVK,2005,Dette publique (% du PIB),35.0,FMI (WEO)
,SVN,2005,Dette publique (% du PIB),26.6,FMI (WEO)
,SLB,2005,Dette publique (% du PIB),38.5,FMI (WEO)
,ZAF,2005,Dette publique (% du PIB),29.6,FMI (WEO)
,ESP,2005,Dette publique (% du PIB),42.4,FMI (WEO)
,LKA,2005,Dette publique (% du PIB),76.6,FMI (WEO)
,KNA,2005,Dette publique (% du PIB),124.0,FMI (WEO)
,LCA,2005,Dette publique (% du PIB),50.4,FMI (WEO)
,VCT,2005,Dette publique (% du PIB),50.5,FMI (WEO)
,SUR,2005,Dette publique (% du PIB),27.1,FMI (WEO)
,SWE,2005,Dette publique (% du PIB),48.9,FMI (WEO)
,CHE,2005,Dette publique (% du PIB),54.1,FMI (WEO)
,SYR,2005,Dette publique (% du PIB),50.7,FMI (WEO)
,TWN,2005,Dette publique (% du PIB),34.1,FMI (WEO)
,TJK,2005,Dette publique (% du PIB),45.8,FMI (WEO)
,TZA,2005,Dette publique (% du PIB),25.4,FMI (WEO)
,THA,2005,Dette publique (% du PIB),45.5,FMI (WEO)
,BHS,2005,Dette publique (% du PIB),23.0,FMI (WEO)
,GMB,2005,Dette publique (% du PIB),82.6,FMI (WEO)
,TON,2005,Dette publique (% du PIB),43.3,FMI (WEO)
,TTO,2005,Dette publique (% du PIB),36.6,FMI (WEO)
,TUN,2005,Dette publique (% du PIB),50.0,FMI (WEO)
,TUR,2005,Dette publique (% du PIB),50.2,FMI (WEO)
,TKM,2005,Dette publique (% du PIB),6.8,FMI (WEO)
,TUV,2005,Dette publique (% du PIB),37.4,FMI (WEO)
,UGA,2005,Dette publique (% du PIB),42.6,FMI (WEO)
,UKR,2005,Dette publique (% du PIB),17.1,FMI (WEO)
,ARE,2005,Dette publique (% du PIB),4.5,FMI (WEO)
,GBR,2005,Dette publique (% du PIB),40.9,FMI (WEO)
,USA,2005,Dette publique (% du PIB),65.8,FMI (WEO)
,URY,2005,Dette publique (% du PIB),66.2,FMI (WEO)
,UZB,2005,Dette publique (% du PIB),18.9,FMI (WEO)
,VUT,2005,Dette publique (% du PIB),23.8,FMI (WEO)
,VEN,2005,Dette publique (% du PIB),34.9,FMI (WEO)
,VNM,2005,Dette publique (% du PIB),28.7,FMI (WEO)
,WBG,2005,Dette publique (% du PIB),24.0,FMI (WEO)
,ZMB,2005,Dette publique (% du PIB),75.7,FMI (WEO)
,ZWE,2005,Dette publique (% du PIB),22.4,FMI (WEO)
,ADVEC,2005,Dette publique (% du PIB),73.5,FMI (WEO)
,AFQ,2005,Dette publique (% du PIB),39.9,FMI (WEO)
,SSQ,2005,Dette publique (% du PIB),34.2,FMI (WEO)
,AS5,2005,Dette publique (% du PIB),53.0,FMI (WEO)
,APQ,2005,Dette publique (% du PIB),82.5,FMI (WEO)
,AZQ,2005,Dette publique (% du PIB),12.2,FMI (WEO)
,CBQ,2005,Dette publique (% du PIB),57.4,FMI (WEO)
,CMQ,2005,Dette publique (% du PIB),40.7,FMI (WEO)
,CAQ,2005,Dette publique (% du PIB),44.7,FMI (WEO)
,EAQ,2005,Dette publique (% du PIB),96.8,FMI (WEO)
,EEQ,2005,Dette publique (% du PIB),26.4,FMI (WEO)
,DA,2005,Dette publique (% du PIB),41.7,FMI (WEO)
,EDE,2005,Dette publique (% du PIB),32.0,FMI (WEO)
,OEMDC,2005,Dette publique (% du PIB),40.9,FMI (WEO)
,EURO,2005,Dette publique (% du PIB),70.2,FMI (WEO)
,EUQ,2005,Dette publique (% du PIB),59.1,FMI (WEO)
,EU,2005,Dette publique (% du PIB),67.2,FMI (WEO)
,WE,2005,Dette publique (% du PIB),49.4,FMI (WEO)
,MAE,2005,Dette publique (% du PIB),81.7,FMI (WEO)
,MEQ,2005,Dette publique (% du PIB),41.3,FMI (WEO)
,MECA,2005,Dette publique (% du PIB),40.3,FMI (WEO)
,NAQ,2005,Dette publique (% du PIB),57.4,FMI (WEO)
,NMQ,2005,Dette publique (% du PIB),64.4,FMI (WEO)
,OAE,2005,Dette publique (% du PIB),33.9,FMI (WEO)
,PIQ,2005,Dette publique (% du PIB),35.3,FMI (WEO)
,SMQ,2005,Dette publique (% du PIB),56.7,FMI (WEO)
,SAQ,2005,Dette publique (% du PIB),73.8,FMI (WEO)
,SEQ,2005,Dette publique (% du PIB),51.3,FMI (WEO)
,SSA,2005,Dette publique (% du PIB),32.4,FMI (WEO)
,WEQ,2005,Dette publique (% du PIB),63.4,FMI (WEO)
,WHQ,2005,Dette publique (% du PIB),63.4,FMI (WEO)
,WEOWORLD,2005,Dette publique (% du PIB),65.7,FMI (WEO)
,SDN,2006,Dette publique (% du PIB),63.7,FMI (WEO)
,AFG,2006,Dette publique (% du PIB),23.0,FMI (WEO)
,ALB,2006,Dette publique (% du PIB),56.7,FMI (WEO)
,DZA,2006,Dette publique (% du PIB),22.5,FMI (WEO)
,AND,2006,Dette publique (% du PIB),17.2,FMI (WEO)
,AGO,2006,Dette publique (% du PIB),16.7,FMI (WEO)
,ATG,2006,Dette publique (% du PIB),79.1,FMI (WEO)
,ARG,2006,Dette publique (% du PIB),70.8,FMI (WEO)
,ARM,2006,Dette publique (% du PIB),18.7,FMI (WEO)
,ABW,2006,Dette publique (% du PIB),45.5,FMI (WEO)
,AUS,2006,Dette publique (% du PIB),9.9,FMI (WEO)
,AUT,2006,Dette publique (% du PIB),68.2,FMI (WEO)
,AZE,2006,Dette publique (% du PIB),5.3,FMI (WEO)
,BHR,2006,Dette publique (% du PIB),19.4,FMI (WEO)
,BGD,2006,Dette publique (% du PIB),35.3,FMI (WEO)
,BRB,2006,Dette publique (% du PIB),64.1,FMI (WEO)
,BLR,2006,Dette publique (% du PIB),12.3,FMI (WEO)
,BEL,2006,Dette publique (% du PIB),91.5,FMI (WEO)
,BLZ,2006,Dette publique (% du PIB),71.4,FMI (WEO)
,BTN,2006,Dette publique (% du PIB),80.1,FMI (WEO)
,BOL,2006,Dette publique (% du PIB),48.6,FMI (WEO)
,BIH,2006,Dette publique (% du PIB),20.6,FMI (WEO)
,BWA,2006,Dette publique (% du PIB),6.1,FMI (WEO)
,BRA,2006,Dette publique (% du PIB),64.6,FMI (WEO)
,BRN,2006,Dette publique (% du PIB),0.6,FMI (WEO)
,BGR,2006,Dette publique (% du PIB),22.6,FMI (WEO)
,BDI,2006,Dette publique (% du PIB),130.3,FMI (WEO)
,CPV,2006,Dette publique (% du PIB),66.2,FMI (WEO)
,KHM,2006,Dette publique (% du PIB),26.6,FMI (WEO)
,CMR,2006,Dette publique (% du PIB),18.4,FMI (WEO)
,CAN,2006,Dette publique (% du PIB),69.9,FMI (WEO)
,CAF,2006,Dette publique (% du PIB),46.7,FMI (WEO)
,TCD,2006,Dette publique (% du PIB),20.1,FMI (WEO)
,CHL,2006,Dette publique (% du PIB),5.0,FMI (WEO)
,CHN,2006,Dette publique (% du PIB),25.2,FMI (WEO)
,COL,2006,Dette publique (% du PIB),36.0,FMI (WEO)
,COM,2006,Dette publique (% du PIB),38.5,FMI (WEO)
,COD,2006,Dette publique (% du PIB),107.5,FMI (WEO)
,CRI,2006,Dette publique (% du PIB),33.0,FMI (WEO)
,HRV,2006,Dette publique (% du PIB),38.4,FMI (WEO)
,CYP,2006,Dette publique (% du PIB),59.0,FMI (WEO)
,CZE,2006,Dette publique (% du PIB),27.6,FMI (WEO)
,TLS,2006,Dette publique (% du PIB),0.0,FMI (WEO)
,DNK,2006,Dette publique (% du PIB),33.2,FMI (WEO)
,DMA,2006,Dette publique (% du PIB),77.4,FMI (WEO)
,DOM,2006,Dette publique (% du PIB),36.0,FMI (WEO)
,ECU,2006,Dette publique (% du PIB),33.1,FMI (WEO)
,EGY,2006,Dette publique (% du PIB),85.9,FMI (WEO)
,SLV,2006,Dette publique (% du PIB),52.6,FMI (WEO)
,GNQ,2006,Dette publique (% du PIB),1.2,FMI (WEO)
,ERI,2006,Dette publique (% du PIB),199.0,FMI (WEO)
,EST,2006,Dette publique (% du PIB),4.7,FMI (WEO)
,SWZ,2006,Dette publique (% du PIB),14.7,FMI (WEO)
,ETH,2006,Dette publique (% du PIB),79.6,FMI (WEO)
,FJI,2006,Dette publique (% du PIB),50.3,FMI (WEO)
,FIN,2006,Dette publique (% du PIB),38.0,FMI (WEO)
,FRA,2006,Dette publique (% du PIB),65.4,FMI (WEO)
,GAB,2006,Dette publique (% du PIB),34.9,FMI (WEO)
,GEO,2006,Dette publique (% du PIB),28.3,FMI (WEO)
,DEU,2006,Dette publique (% du PIB),66.4,FMI (WEO)
,GHA,2006,Dette publique (% du PIB),17.3,FMI (WEO)
,GRC,2006,Dette publique (% du PIB),105.3,FMI (WEO)
,GRD,2006,Dette publique (% du PIB),92.9,FMI (WEO)
,GTM,2006,Dette publique (% du PIB),20.9,FMI (WEO)
,GIN,2006,Dette publique (% du PIB),95.2,FMI (WEO)
,GUY,2006,Dette publique (% du PIB),74.5,FMI (WEO)
,HTI,2006,Dette publique (% du PIB),32.2,FMI (WEO)
,HND,2006,Dette publique (% du PIB),39.2,FMI (WEO)
,HKG,2006,Dette publique (% du PIB),1.4,FMI (WEO)
,HUN,2006,Dette publique (% du PIB),64.5,FMI (WEO)
,ISL,2006,Dette publique (% du PIB),69.8,FMI (WEO)
,IND,2006,Dette publique (% du PIB),77.9,FMI (WEO)
,IDN,2006,Dette publique (% du PIB),35.8,FMI (WEO)
,IRN,2006,Dette publique (% du PIB),15.2,FMI (WEO)
,IRQ,2006,Dette publique (% du PIB),143.2,FMI (WEO)
,IRL,2006,Dette publique (% du PIB),23.7,FMI (WEO)
,ISR,2006,Dette publique (% du PIB),77.7,FMI (WEO)
,ITA,2006,Dette publique (% du PIB),106.3,FMI (WEO)
,JAM,2006,Dette publique (% du PIB),114.2,FMI (WEO)
,JPN,2006,Dette publique (% du PIB),152.1,FMI (WEO)
,JOR,2006,Dette publique (% du PIB),60.0,FMI (WEO)
,KAZ,2006,Dette publique (% du PIB),6.7,FMI (WEO)
,KEN,2006,Dette publique (% du PIB),37.1,FMI (WEO)
,KIR,2006,Dette publique (% du PIB),12.9,FMI (WEO)
,KOR,2006,Dette publique (% du PIB),27.0,FMI (WEO)
,UVK,2006,Dette publique (% du PIB),16.3,FMI (WEO)
,KWT,2006,Dette publique (% du PIB),7.8,FMI (WEO)
,KGZ,2006,Dette publique (% du PIB),73.4,FMI (WEO)
,LAO,2006,Dette publique (% du PIB),60.0,FMI (WEO)
,LVA,2006,Dette publique (% du PIB),10.7,FMI (WEO)
,LBN,2006,Dette publique (% du PIB),183.3,FMI (WEO)
,LSO,2006,Dette publique (% du PIB),43.7,FMI (WEO)
,LBR,2006,Dette publique (% du PIB),450.9,FMI (WEO)
,LTU,2006,Dette publique (% du PIB),17.3,FMI (WEO)
,LUX,2006,Dette publique (% du PIB),8.2,FMI (WEO)
,MAC,2006,Dette publique (% du PIB),0.0,FMI (WEO)
,MDG,2006,Dette publique (% du PIB),32.2,FMI (WEO)
,MWI,2006,Dette publique (% du PIB),17.9,FMI (WEO)
,MYS,2006,Dette publique (% du PIB),39.7,FMI (WEO)
,MDV,2006,Dette publique (% du PIB),36.8,FMI (WEO)
,MLT,2006,Dette publique (% du PIB),64.5,FMI (WEO)
,MHL,2006,Dette publique (% du PIB),44.4,FMI (WEO)
,MRT,2006,Dette publique (% du PIB),38.0,FMI (WEO)
,MUS,2006,Dette publique (% du PIB),55.3,FMI (WEO)
,MEX,2006,Dette publique (% du PIB),35.8,FMI (WEO)
,FSM,2006,Dette publique (% du PIB),25.4,FMI (WEO)
,MDA,2006,Dette publique (% du PIB),35.0,FMI (WEO)
,MNG,2006,Dette publique (% du PIB),40.9,FMI (WEO)
,MNE,2006,Dette publique (% du PIB),36.7,FMI (WEO)
,MAR,2006,Dette publique (% du PIB),50.6,FMI (WEO)
,MOZ,2006,Dette publique (% du PIB),40.0,FMI (WEO)
,MMR,2006,Dette publique (% du PIB),103.1,FMI (WEO)
,NAM,2006,Dette publique (% du PIB),26.1,FMI (WEO)
,NPL,2006,Dette publique (% du PIB),42.9,FMI (WEO)
,NLD,2006,Dette publique (% du PIB),45.0,FMI (WEO)
,NZL,2006,Dette publique (% du PIB),18.4,FMI (WEO)
,NIC,2006,Dette publique (% du PIB),51.2,FMI (WEO)
,NGA,2006,Dette publique (% du PIB),6.7,FMI (WEO)
,MKD,2006,Dette publique (% du PIB),30.6,FMI (WEO)
,NOR,2006,Dette publique (% du PIB),52.2,FMI (WEO)
,OMN,2006,Dette publique (% du PIB),7.6,FMI (WEO)
,PAK,2006,Dette publique (% du PIB),46.2,FMI (WEO)
,PLW,2006,Dette publique (% du PIB),28.6,FMI (WEO)
,PAN,2006,Dette publique (% du PIB),56.1,FMI (WEO)
,PNG,2006,Dette publique (% du PIB),26.0,FMI (WEO)
,PRY,2006,Dette publique (% du PIB),21.0,FMI (WEO)
,PER,2006,Dette publique (% du PIB),34.9,FMI (WEO)
,PHL,2006,Dette publique (% du PIB),57.2,FMI (WEO)
,POL,2006,Dette publique (% du PIB),47.1,FMI (WEO)
,PRT,2006,Dette publique (% du PIB),73.7,FMI (WEO)
,PRI,2006,Dette publique (% du PIB),33.4,FMI (WEO)
,QAT,2006,Dette publique (% du PIB),13.9,FMI (WEO)
,COG,2006,Dette publique (% du PIB),94.7,FMI (WEO)
,ROU,2006,Dette publique (% du PIB),12.7,FMI (WEO)
,RUS,2006,Dette publique (% du PIB),9.8,FMI (WEO)
,RWA,2006,Dette publique (% du PIB),22.8,FMI (WEO)
,WSM,2006,Dette publique (% du PIB),33.5,FMI (WEO)
,SMR,2006,Dette publique (% du PIB),14.2,FMI (WEO)
,STP,2006,Dette publique (% du PIB),283.2,FMI (WEO)
,SAU,2006,Dette publique (% du PIB),25.8,FMI (WEO)
,SRB,2006,Dette publique (% du PIB),37.0,FMI (WEO)
,SYC,2006,Dette publique (% du PIB),135.1,FMI (WEO)
,SLE,2006,Dette publique (% du PIB),61.9,FMI (WEO)
,SGP,2006,Dette publique (% du PIB),86.5,FMI (WEO)
,SVK,2006,Dette publique (% du PIB),31.5,FMI (WEO)
,SVN,2006,Dette publique (% du PIB),26.2,FMI (WEO)
,SLB,2006,Dette publique (% du PIB),36.9,FMI (WEO)
,ZAF,2006,Dette publique (% du PIB),28.0,FMI (WEO)
,ESP,2006,Dette publique (% du PIB),39.0,FMI (WEO)
,LKA,2006,Dette publique (% du PIB),74.3,FMI (WEO)
,KNA,2006,Dette publique (% du PIB),134.8,FMI (WEO)
,LCA,2006,Dette publique (% du PIB),48.0,FMI (WEO)
,VCT,2006,Dette publique (% du PIB),44.7,FMI (WEO)
,SUR,2006,Dette publique (% du PIB),22.5,FMI (WEO)
,SWE,2006,Dette publique (% du PIB),43.8,FMI (WEO)
,CHE,2006,Dette publique (% du PIB),47.7,FMI (WEO)
,SYR,2006,Dette publique (% du PIB),45.0,FMI (WEO)
,TWN,2006,Dette publique (% du PIB),33.3,FMI (WEO)
,TJK,2006,Dette publique (% du PIB),36.8,FMI (WEO)
,TZA,2006,Dette publique (% du PIB),17.4,FMI (WEO)
,THA,2006,Dette publique (% du PIB),39.2,FMI (WEO)
,BHS,2006,Dette publique (% du PIB),23.2,FMI (WEO)
,GMB,2006,Dette publique (% du PIB),87.3,FMI (WEO)
,TON,2006,Dette publique (% du PIB),39.6,FMI (WEO)
,TTO,2006,Dette publique (% du PIB),32.7,FMI (WEO)
,TUN,2006,Dette publique (% du PIB),45.7,FMI (WEO)
,TUR,2006,Dette publique (% du PIB),44.2,FMI (WEO)
,TKM,2006,Dette publique (% du PIB),4.2,FMI (WEO)
,TUV,2006,Dette publique (% du PIB),37.5,FMI (WEO)
,UGA,2006,Dette publique (% du PIB),27.8,FMI (WEO)
,UKR,2006,Dette publique (% du PIB),14.3,FMI (WEO)
,ARE,2006,Dette publique (% du PIB),5.1,FMI (WEO)
,GBR,2006,Dette publique (% du PIB),41.9,FMI (WEO)
,USA,2006,Dette publique (% du PIB),64.5,FMI (WEO)
,URY,2006,Dette publique (% du PIB),61.1,FMI (WEO)
,UZB,2006,Dette publique (% du PIB),12.2,FMI (WEO)
,VUT,2006,Dette publique (% du PIB),20.0,FMI (WEO)
,VEN,2006,Dette publique (% du PIB),25.7,FMI (WEO)
,VNM,2006,Dette publique (% du PIB),30.2,FMI (WEO)
,WBG,2006,Dette publique (% du PIB),19.3,FMI (WEO)
,ZMB,2006,Dette publique (% du PIB),25.0,FMI (WEO)
,ZWE,2006,Dette publique (% du PIB),26.7,FMI (WEO)
,ADVEC,2006,Dette publique (% du PIB),70.9,FMI (WEO)
,AFQ,2006,Dette publique (% du PIB),32.4,FMI (WEO)
,SSQ,2006,Dette publique (% du PIB),26.2,FMI (WEO)
,AS5,2006,Dette publique (% du PIB),47.0,FMI (WEO)
,APQ,2006,Dette publique (% du PIB),75.7,FMI (WEO)
,AZQ,2006,Dette publique (% du PIB),11.0,FMI (WEO)
,CBQ,2006,Dette publique (% du PIB),54.4,FMI (WEO)
,CMQ,2006,Dette publique (% du PIB),37.6,FMI (WEO)
,CAQ,2006,Dette publique (% du PIB),36.2,FMI (WEO)
,EAQ,2006,Dette publique (% du PIB),89.9,FMI (WEO)
,EEQ,2006,Dette publique (% du PIB),22.4,FMI (WEO)
,DA,2006,Dette publique (% du PIB),38.9,FMI (WEO)
,EDE,2006,Dette publique (% du PIB),26.8,FMI (WEO)
,OEMDC,2006,Dette publique (% du PIB),36.5,FMI (WEO)
,EURO,2006,Dette publique (% du PIB),68.2,FMI (WEO)
,EUQ,2006,Dette publique (% du PIB),56.8,FMI (WEO)
,EU,2006,Dette publique (% du PIB),64.9,FMI (WEO)
,WE,2006,Dette publique (% du PIB),46.7,FMI (WEO)
,MAE,2006,Dette publique (% du PIB),79.3,FMI (WEO)
,MEQ,2006,Dette publique (% du PIB),32.1,FMI (WEO)
,MECA,2006,Dette publique (% du PIB),31.9,FMI (WEO)
,NAQ,2006,Dette publique (% du PIB),51.6,FMI (WEO)
,NMQ,2006,Dette publique (% du PIB),63.0,FMI (WEO)
,OAE,2006,Dette publique (% du PIB),33.0,FMI (WEO)
,PIQ,2006,Dette publique (% du PIB),32.6,FMI (WEO)
,SMQ,2006,Dette publique (% du PIB),52.6,FMI (WEO)
,SAQ,2006,Dette publique (% du PIB),70.3,FMI (WEO)
,SEQ,2006,Dette publique (% du PIB),45.8,FMI (WEO)
,SSA,2006,Dette publique (% du PIB),24.5,FMI (WEO)
,WEQ,2006,Dette publique (% du PIB),61.8,FMI (WEO)
,WHQ,2006,Dette publique (% du PIB),61.6,FMI (WEO)
,WEOWORLD,2006,Dette publique (% du PIB),61.9,FMI (WEO)
,SDN,2007,Dette publique (% du PIB),53.7,FMI (WEO)
,AFG,2007,Dette publique (% du PIB),20.1,FMI (WEO)
,ALB,2007,Dette publique (% du PIB),53.6,FMI (WEO)
,DZA,2007,Dette publique (% du PIB),12.8,FMI (WEO)
,AND,2007,Dette publique (% du PIB),20.9,FMI (WEO)
,AGO,2007,Dette publique (% du PIB),18.8,FMI (WEO)
,ATG,2007,Dette publique (% du PIB),68.7,FMI (WEO)
,ARG,2007,Dette publique (% du PIB),62.1,FMI (WEO)
,ARM,2007,Dette publique (% du PIB),16.1,FMI (WEO)
,ABW,2007,Dette publique (% du PIB),44.6,FMI (WEO)
,AUS,2007,Dette publique (% du PIB),9.6,FMI (WEO)
,AUT,2007,Dette publique (% du PIB),65.8,FMI (WEO)
,AZE,2007,Dette publique (% du PIB),4.0,FMI (WEO)
,BHR,2007,Dette publique (% du PIB),15.7,FMI (WEO)
,BGD,2007,Dette publique (% du PIB),35.0,FMI (WEO)
,BRB,2007,Dette publique (% du PIB),64.9,FMI (WEO)
,BLR,2007,Dette publique (% du PIB),15.8,FMI (WEO)
,BEL,2007,Dette publique (% du PIB),87.3,FMI (WEO)
,BLZ,2007,Dette publique (% du PIB),66.4,FMI (WEO)
,BTN,2007,Dette publique (% du PIB),67.3,FMI (WEO)
,BOL,2007,Dette publique (% du PIB),35.5,FMI (WEO)
,BIH,2007,Dette publique (% du PIB),18.2,FMI (WEO)
,BWA,2007,Dette publique (% du PIB),5.9,FMI (WEO)
,BRA,2007,Dette publique (% du PIB),63.0,FMI (WEO)
,BRN,2007,Dette publique (% du PIB),0.7,FMI (WEO)
,BGR,2007,Dette publique (% du PIB),17.6,FMI (WEO)
,BDI,2007,Dette publique (% du PIB),129.6,FMI (WEO)
,CPV,2007,Dette publique (% du PIB),59.6,FMI (WEO)
,KHM,2007,Dette publique (% du PIB),25.3,FMI (WEO)
,CMR,2007,Dette publique (% du PIB),13.8,FMI (WEO)
,CAN,2007,Dette publique (% du PIB),67.2,FMI (WEO)
,CAF,2007,Dette publique (% du PIB),47.9,FMI (WEO)
,TCD,2007,Dette publique (% du PIB),17.6,FMI (WEO)
,CHL,2007,Dette publique (% du PIB),3.9,FMI (WEO)
,CHN,2007,Dette publique (% du PIB),28.7,FMI (WEO)
,COL,2007,Dette publique (% du PIB),32.7,FMI (WEO)
,COM,2007,Dette publique (% du PIB),36.2,FMI (WEO)
,COD,2007,Dette publique (% du PIB),85.1,FMI (WEO)
,CRI,2007,Dette publique (% du PIB),27.0,FMI (WEO)
,HRV,2007,Dette publique (% du PIB),37.1,FMI (WEO)
,CYP,2007,Dette publique (% du PIB),53.1,FMI (WEO)
,CZE,2007,Dette publique (% du PIB),27.3,FMI (WEO)
,TLS,2007,Dette publique (% du PIB),0.0,FMI (WEO)
,DNK,2007,Dette publique (% du PIB),29.5,FMI (WEO)
,DMA,2007,Dette publique (% du PIB),71.8,FMI (WEO)
,DOM,2007,Dette publique (% du PIB),32.9,FMI (WEO)
,ECU,2007,Dette publique (% du PIB),29.6,FMI (WEO)
,EGY,2007,Dette publique (% du PIB),76.3,FMI (WEO)
,SLV,2007,Dette publique (% du PIB),52.2,FMI (WEO)
,GNQ,2007,Dette publique (% du PIB),0.8,FMI (WEO)
,ERI,2007,Dette publique (% du PIB),201.3,FMI (WEO)
,EST,2007,Dette publique (% du PIB),3.9,FMI (WEO)
,SWZ,2007,Dette publique (% du PIB),16.1,FMI (WEO)
,ETH,2007,Dette publique (% du PIB),55.7,FMI (WEO)
,FJI,2007,Dette publique (% du PIB),46.4,FMI (WEO)
,FIN,2007,Dette publique (% du PIB),33.9,FMI (WEO)
,FRA,2007,Dette publique (% du PIB),65.5,FMI (WEO)
,GAB,2007,Dette publique (% du PIB),39.2,FMI (WEO)
,GEO,2007,Dette publique (% du PIB),22.5,FMI (WEO)
,DEU,2007,Dette publique (% du PIB),63.7,FMI (WEO)
,GHA,2007,Dette publique (% du PIB),21.1,FMI (WEO)
,GRC,2007,Dette publique (% du PIB),104.6,FMI (WEO)
,GRD,2007,Dette publique (% du PIB),89.1,FMI (WEO)
,GTM,2007,Dette publique (% du PIB),20.8,FMI (WEO)
,GIN,2007,Dette publique (% du PIB),60.8,FMI (WEO)
,GUY,2007,Dette publique (% du PIB),47.7,FMI (WEO)
,HTI,2007,Dette publique (% du PIB),24.4,FMI (WEO)
,HND,2007,Dette publique (% du PIB),24.0,FMI (WEO)
,HKG,2007,Dette publique (% du PIB),1.2,FMI (WEO)
,HUN,2007,Dette publique (% du PIB),65.6,FMI (WEO)
,ISL,2007,Dette publique (% du PIB),67.4,FMI (WEO)
,IND,2007,Dette publique (% du PIB),75.4,FMI (WEO)
,IDN,2007,Dette publique (% du PIB),38.1,FMI (WEO)
,IRN,2007,Dette publique (% du PIB),13.5,FMI (WEO)
,IRQ,2007,Dette publique (% du PIB),117.1,FMI (WEO)
,IRL,2007,Dette publique (% du PIB),23.9,FMI (WEO)
,ISR,2007,Dette publique (% du PIB),70.8,FMI (WEO)
,ITA,2007,Dette publique (% du PIB),103.5,FMI (WEO)
,JAM,2007,Dette publique (% du PIB),111.6,FMI (WEO)
,JPN,2007,Dette publique (% du PIB),150.4,FMI (WEO)
,JOR,2007,Dette publique (% du PIB),58.2,FMI (WEO)
,KAZ,2007,Dette publique (% du PIB),4.1,FMI (WEO)
,KEN,2007,Dette publique (% du PIB),34.2,FMI (WEO)
,KIR,2007,Dette publique (% du PIB),11.1,FMI (WEO)
,KOR,2007,Dette publique (% du PIB),26.3,FMI (WEO)
,UVK,2007,Dette publique (% du PIB),14.3,FMI (WEO)
,KWT,2007,Dette publique (% du PIB),7.0,FMI (WEO)
,KGZ,2007,Dette publique (% du PIB),57.7,FMI (WEO)
,LAO,2007,Dette publique (% du PIB),55.9,FMI (WEO)
,LVA,2007,Dette publique (% du PIB),9.0,FMI (WEO)
,LBN,2007,Dette publique (% du PIB),169.3,FMI (WEO)
,LSO,2007,Dette publique (% du PIB),49.6,FMI (WEO)
,LBR,2007,Dette publique (% du PIB),366.8,FMI (WEO)
,LTU,2007,Dette publique (% du PIB),15.9,FMI (WEO)
,LUX,2007,Dette publique (% du PIB),8.1,FMI (WEO)
,MAC,2007,Dette publique (% du PIB),0.0,FMI (WEO)
,MDG,2007,Dette publique (% du PIB),28.2,FMI (WEO)
,MWI,2007,Dette publique (% du PIB),18.9,FMI (WEO)
,MYS,2007,Dette publique (% du PIB),39.3,FMI (WEO)
,MDV,2007,Dette publique (% du PIB),35.8,FMI (WEO)
,MLT,2007,Dette publique (% du PIB),62.0,FMI (WEO)
,MHL,2007,Dette publique (% du PIB),42.2,FMI (WEO)
,MRT,2007,Dette publique (% du PIB),61.5,FMI (WEO)
,MUS,2007,Dette publique (% du PIB),48.8,FMI (WEO)
,MEX,2007,Dette publique (% du PIB),35.5,FMI (WEO)
,FSM,2007,Dette publique (% du PIB),26.0,FMI (WEO)
,MDA,2007,Dette publique (% du PIB),28.3,FMI (WEO)
,MNG,2007,Dette publique (% du PIB),36.1,FMI (WEO)
,MNE,2007,Dette publique (% du PIB),31.8,FMI (WEO)
,MAR,2007,Dette publique (% du PIB),47.1,FMI (WEO)
,MOZ,2007,Dette publique (% du PIB),31.2,FMI (WEO)
,MMR,2007,Dette publique (% du PIB),77.4,FMI (WEO)
,NAM,2007,Dette publique (% du PIB),19.4,FMI (WEO)
,NPL,2007,Dette publique (% du PIB),37.9,FMI (WEO)
,NLD,2007,Dette publique (% du PIB),42.7,FMI (WEO)
,NZL,2007,Dette publique (% du PIB),16.3,FMI (WEO)
,NIC,2007,Dette publique (% du PIB),30.9,FMI (WEO)
,NGA,2007,Dette publique (% du PIB),5.8,FMI (WEO)
,MKD,2007,Dette publique (% du PIB),23.5,FMI (WEO)
,NOR,2007,Dette publique (% du PIB),48.9,FMI (WEO)
,OMN,2007,Dette publique (% du PIB),4.4,FMI (WEO)
,PAK,2007,Dette publique (% du PIB),44.2,FMI (WEO)
,PLW,2007,Dette publique (% du PIB),33.7,FMI (WEO)
,PAN,2007,Dette publique (% du PIB),48.2,FMI (WEO)
,PNG,2007,Dette publique (% du PIB),22.2,FMI (WEO)
,PRY,2007,Dette publique (% du PIB),16.8,FMI (WEO)
,PER,2007,Dette publique (% du PIB),31.9,FMI (WEO)
,PHL,2007,Dette publique (% du PIB),50.2,FMI (WEO)
,POL,2007,Dette publique (% du PIB),44.4,FMI (WEO)
,PRT,2007,Dette publique (% du PIB),72.7,FMI (WEO)
,PRI,2007,Dette publique (% du PIB),36.9,FMI (WEO)
,QAT,2007,Dette publique (% du PIB),9.4,FMI (WEO)
,COG,2007,Dette publique (% du PIB),93.8,FMI (WEO)
,ROU,2007,Dette publique (% du PIB),12.4,FMI (WEO)
,RUS,2007,Dette publique (% du PIB),8.0,FMI (WEO)
,RWA,2007,Dette publique (% du PIB),22.4,FMI (WEO)
,WSM,2007,Dette publique (% du PIB),31.5,FMI (WEO)
,SMR,2007,Dette publique (% du PIB),12.6,FMI (WEO)
,STP,2007,Dette publique (% du PIB),110.1,FMI (WEO)
,SAU,2007,Dette publique (% du PIB),17.1,FMI (WEO)
,SRB,2007,Dette publique (% du PIB),30.0,FMI (WEO)
,SYC,2007,Dette publique (% du PIB),144.0,FMI (WEO)
,SLE,2007,Dette publique (% du PIB),26.4,FMI (WEO)
,SGP,2007,Dette publique (% du PIB),87.8,FMI (WEO)
,SVK,2007,Dette publique (% du PIB),30.4,FMI (WEO)
,SVN,2007,Dette publique (% du PIB),22.9,FMI (WEO)
,SLB,2007,Dette publique (% du PIB),29.5,FMI (WEO)
,ZAF,2007,Dette publique (% du PIB),24.3,FMI (WEO)
,ESP,2007,Dette publique (% du PIB),35.7,FMI (WEO)
,LKA,2007,Dette publique (% du PIB),71.8,FMI (WEO)
,KNA,2007,Dette publique (% du PIB),130.1,FMI (WEO)
,LCA,2007,Dette publique (% du PIB),48.2,FMI (WEO)
,VCT,2007,Dette publique (% du PIB),48.4,FMI (WEO)
,SUR,2007,Dette publique (% du PIB),16.4,FMI (WEO)
,SWE,2007,Dette publique (% du PIB),39.2,FMI (WEO)
,CHE,2007,Dette publique (% du PIB),44.0,FMI (WEO)
,SYR,2007,Dette publique (% du PIB),42.7,FMI (WEO)
,TWN,2007,Dette publique (% du PIB),32.2,FMI (WEO)
,TJK,2007,Dette publique (% du PIB),34.3,FMI (WEO)
,TZA,2007,Dette publique (% du PIB),23.8,FMI (WEO)
,THA,2007,Dette publique (% du PIB),36.0,FMI (WEO)
,BHS,2007,Dette publique (% du PIB),23.5,FMI (WEO)
,GMB,2007,Dette publique (% du PIB),38.0,FMI (WEO)
,TON,2007,Dette publique (% du PIB),37.8,FMI (WEO)
,TTO,2007,Dette publique (% du PIB),29.4,FMI (WEO)
,TUN,2007,Dette publique (% du PIB),42.7,FMI (WEO)
,TUR,2007,Dette publique (% du PIB),37.1,FMI (WEO)
,TKM,2007,Dette publique (% du PIB),3.1,FMI (WEO)
,TUV,2007,Dette publique (% du PIB),32.4,FMI (WEO)
,UGA,2007,Dette publique (% du PIB),17.0,FMI (WEO)
,UKR,2007,Dette publique (% du PIB),11.8,FMI (WEO)
,ARE,2007,Dette publique (% du PIB),8.9,FMI (WEO)
,GBR,2007,Dette publique (% du PIB),43.0,FMI (WEO)
,USA,2007,Dette publique (% du PIB),64.9,FMI (WEO)
,URY,2007,Dette publique (% du PIB),52.8,FMI (WEO)
,UZB,2007,Dette publique (% du PIB),8.6,FMI (WEO)
,VUT,2007,Dette publique (% du PIB),17.6,FMI (WEO)
,VEN,2007,Dette publique (% du PIB),26.4,FMI (WEO)
,VNM,2007,Dette publique (% du PIB),32.2,FMI (WEO)
,WBG,2007,Dette publique (% du PIB),23.7,FMI (WEO)
,ZMB,2007,Dette publique (% du PIB),21.9,FMI (WEO)
,ZWE,2007,Dette publique (% du PIB),30.2,FMI (WEO)
,ADVEC,2007,Dette publique (% du PIB),68.8,FMI (WEO)
,AFQ,2007,Dette publique (% du PIB),28.5,FMI (WEO)
,SSQ,2007,Dette publique (% du PIB),23.3,FMI (WEO)
,AS5,2007,Dette publique (% du PIB),46.6,FMI (WEO)
,APQ,2007,Dette publique (% du PIB),70.0,FMI (WEO)
,AZQ,2007,Dette publique (% du PIB),10.5,FMI (WEO)
,CBQ,2007,Dette publique (% du PIB),49.9,FMI (WEO)
,CMQ,2007,Dette publique (% du PIB),32.6,FMI (WEO)
,CAQ,2007,Dette publique (% du PIB),29.8,FMI (WEO)
,EAQ,2007,Dette publique (% du PIB),83.8,FMI (WEO)
,EEQ,2007,Dette publique (% du PIB),20.3,FMI (WEO)
,DA,2007,Dette publique (% du PIB),40.3,FMI (WEO)
,EDE,2007,Dette publique (% du PIB),23.2,FMI (WEO)
,OEMDC,2007,Dette publique (% du PIB),35.1,FMI (WEO)
,EURO,2007,Dette publique (% du PIB),65.8,FMI (WEO)
,EUQ,2007,Dette publique (% du PIB),54.4,FMI (WEO)
,EU,2007,Dette publique (% du PIB),62.3,FMI (WEO)
,WE,2007,Dette publique (% du PIB),45.4,FMI (WEO)
,MAE,2007,Dette publique (% du PIB),77.8,FMI (WEO)
,MEQ,2007,Dette publique (% du PIB),27.7,FMI (WEO)
,MECA,2007,Dette publique (% du PIB),27.3,FMI (WEO)
,NAQ,2007,Dette publique (% du PIB),44.5,FMI (WEO)
,NMQ,2007,Dette publique (% du PIB),63.1,FMI (WEO)
,OAE,2007,Dette publique (% du PIB),31.2,FMI (WEO)
,PIQ,2007,Dette publique (% du PIB),28.6,FMI (WEO)
,SMQ,2007,Dette publique (% du PIB),50.4,FMI (WEO)
,SAQ,2007,Dette publique (% du PIB),68.8,FMI (WEO)
,SEQ,2007,Dette publique (% du PIB),45.4,FMI (WEO)
,SSA,2007,Dette publique (% du PIB),21.7,FMI (WEO)
,WEQ,2007,Dette publique (% du PIB),60.1,FMI (WEO)
,WHQ,2007,Dette publique (% du PIB),61.2,FMI (WEO)
,WEOWORLD,2007,Dette publique (% du PIB),59.1,FMI (WEO)
,SDN,2008,Dette publique (% du PIB),55.8,FMI (WEO)
,AFG,2008,Dette publique (% du PIB),19.1,FMI (WEO)
,ALB,2008,Dette publique (% du PIB),55.1,FMI (WEO)
,DZA,2008,Dette publique (% du PIB),7.6,FMI (WEO)
,AND,2008,Dette publique (% du PIB),27.7,FMI (WEO)
,AGO,2008,Dette publique (% du PIB),28.1,FMI (WEO)
,ATG,2008,Dette publique (% du PIB),66.8,FMI (WEO)
,ARG,2008,Dette publique (% du PIB),53.8,FMI (WEO)
,ARM,2008,Dette publique (% du PIB),16.4,FMI (WEO)
,ABW,2008,Dette publique (% du PIB),40.3,FMI (WEO)
,AUS,2008,Dette publique (% du PIB),11.7,FMI (WEO)
,AUT,2008,Dette publique (% du PIB),69.5,FMI (WEO)
,AZE,2008,Dette publique (% du PIB),3.2,FMI (WEO)
,BHR,2008,Dette publique (% du PIB),12.1,FMI (WEO)
,BGD,2008,Dette publique (% du PIB),33.9,FMI (WEO)
,BRB,2008,Dette publique (% du PIB),69.8,FMI (WEO)
,BLR,2008,Dette publique (% du PIB),20.3,FMI (WEO)
,BEL,2008,Dette publique (% du PIB),93.2,FMI (WEO)
,BLZ,2008,Dette publique (% du PIB),64.7,FMI (WEO)
,BTN,2008,Dette publique (% du PIB),60.6,FMI (WEO)
,BOL,2008,Dette publique (% du PIB),32.4,FMI (WEO)
,BIH,2008,Dette publique (% du PIB),30.3,FMI (WEO)
,BWA,2008,Dette publique (% du PIB),7.8,FMI (WEO)
,BRA,2008,Dette publique (% du PIB),61.4,FMI (WEO)
,BRN,2008,Dette publique (% du PIB),0.9,FMI (WEO)
,BGR,2008,Dette publique (% du PIB),14.7,FMI (WEO)
,BDI,2008,Dette publique (% du PIB),102.5,FMI (WEO)
,CPV,2008,Dette publique (% du PIB),57.5,FMI (WEO)
,KHM,2008,Dette publique (% du PIB),22.7,FMI (WEO)
,CMR,2008,Dette publique (% du PIB),11.2,FMI (WEO)
,CAN,2008,Dette publique (% du PIB),70.4,FMI (WEO)
,CAF,2008,Dette publique (% du PIB),35.8,FMI (WEO)
,TCD,2008,Dette publique (% du PIB),15.7,FMI (WEO)
,CHL,2008,Dette publique (% du PIB),4.9,FMI (WEO)
,CHN,2008,Dette publique (% du PIB),26.7,FMI (WEO)
,COL,2008,Dette publique (% du PIB),32.4,FMI (WEO)
,COM,2008,Dette publique (% du PIB),33.4,FMI (WEO)
,COD,2008,Dette publique (% du PIB),80.3,FMI (WEO)
,CRI,2008,Dette publique (% du PIB),24.0,FMI (WEO)
,HRV,2008,Dette publique (% du PIB),38.9,FMI (WEO)
,CYP,2008,Dette publique (% du PIB),44.1,FMI (WEO)
,CZE,2008,Dette publique (% du PIB),28.2,FMI (WEO)
,TLS,2008,Dette publique (% du PIB),0.0,FMI (WEO)
,DNK,2008,Dette publique (% du PIB),35.5,FMI (WEO)
,DMA,2008,Dette publique (% du PIB),64.4,FMI (WEO)
,DOM,2008,Dette publique (% du PIB),33.6,FMI (WEO)
,ECU,2008,Dette publique (% du PIB),24.9,FMI (WEO)
,EGY,2008,Dette publique (% du PIB),66.8,FMI (WEO)
,SLV,2008,Dette publique (% du PIB),54.2,FMI (WEO)
,GNQ,2008,Dette publique (% du PIB),0.5,FMI (WEO)
,ERI,2008,Dette publique (% du PIB),259.7,FMI (WEO)
,EST,2008,Dette publique (% du PIB),4.7,FMI (WEO)
,SWZ,2008,Dette publique (% du PIB),14.6,FMI (WEO)
,ETH,2008,Dette publique (% du PIB),56.1,FMI (WEO)
,FJI,2008,Dette publique (% du PIB),47.9,FMI (WEO)
,FIN,2008,Dette publique (% du PIB),32.6,FMI (WEO)
,FRA,2008,Dette publique (% du PIB),69.8,FMI (WEO)
,GAB,2008,Dette publique (% du PIB),20.1,FMI (WEO)
,GEO,2008,Dette publique (% du PIB),26.3,FMI (WEO)
,DEU,2008,Dette publique (% du PIB),65.2,FMI (WEO)
,GHA,2008,Dette publique (% du PIB),23.2,FMI (WEO)
,GRC,2008,Dette publique (% du PIB),110.9,FMI (WEO)
,GRD,2008,Dette publique (% du PIB),83.9,FMI (WEO)
,GTM,2008,Dette publique (% du PIB),19.6,FMI (WEO)
,GIN,2008,Dette publique (% du PIB),58.5,FMI (WEO)
,GUY,2008,Dette publique (% du PIB),48.2,FMI (WEO)
,HTI,2008,Dette publique (% du PIB),33.9,FMI (WEO)
,HND,2008,Dette publique (% du PIB),22.3,FMI (WEO)
,HKG,2008,Dette publique (% du PIB),1.0,FMI (WEO)
,HUN,2008,Dette publique (% du PIB),71.8,FMI (WEO)
,ISL,2008,Dette publique (% du PIB),109.3,FMI (WEO)
,IND,2008,Dette publique (% du PIB),74.3,FMI (WEO)
,IDN,2008,Dette publique (% du PIB),30.3,FMI (WEO)
,IRN,2008,Dette publique (% du PIB),10.6,FMI (WEO)
,IRQ,2008,Dette publique (% du PIB),74.2,FMI (WEO)
,IRL,2008,Dette publique (% du PIB),42.5,FMI (WEO)
,ISR,2008,Dette publique (% du PIB),70.2,FMI (WEO)
,ITA,2008,Dette publique (% du PIB),105.8,FMI (WEO)
,JAM,2008,Dette publique (% du PIB),123.8,FMI (WEO)
,JPN,2008,Dette publique (% du PIB),153.6,FMI (WEO)
,JOR,2008,Dette publique (% du PIB),47.9,FMI (WEO)
,KAZ,2008,Dette publique (% du PIB),6.8,FMI (WEO)
,KEN,2008,Dette publique (% du PIB),34.3,FMI (WEO)
,KIR,2008,Dette publique (% du PIB),13.9,FMI (WEO)
,KOR,2008,Dette publique (% du PIB),25.9,FMI (WEO)
,UVK,2008,Dette publique (% du PIB),10.8,FMI (WEO)
,KWT,2008,Dette publique (% du PIB),5.4,FMI (WEO)
,KGZ,2008,Dette publique (% du PIB),49.0,FMI (WEO)
,LAO,2008,Dette publique (% du PIB),51.7,FMI (WEO)
,LVA,2008,Dette publique (% du PIB),19.3,FMI (WEO)
,LBN,2008,Dette publique (% du PIB),161.5,FMI (WEO)
,LSO,2008,Dette publique (% du PIB),47.0,FMI (WEO)
,LBR,2008,Dette publique (% du PIB),235.3,FMI (WEO)
,LTU,2008,Dette publique (% du PIB),14.6,FMI (WEO)
,LUX,2008,Dette publique (% du PIB),14.6,FMI (WEO)
,MAC,2008,Dette publique (% du PIB),0.0,FMI (WEO)
,MDG,2008,Dette publique (% du PIB),31.0,FMI (WEO)
,MWI,2008,Dette publique (% du PIB),23.5,FMI (WEO)
,MYS,2008,Dette publique (% du PIB),39.4,FMI (WEO)
,MDV,2008,Dette publique (% du PIB),39.0,FMI (WEO)
,MLT,2008,Dette publique (% du PIB),61.5,FMI (WEO)
,MHL,2008,Dette publique (% du PIB),44.1,FMI (WEO)
,MRT,2008,Dette publique (% du PIB),57.2,FMI (WEO)
,MUS,2008,Dette publique (% du PIB),48.8,FMI (WEO)
,MEX,2008,Dette publique (% du PIB),40.6,FMI (WEO)
,FSM,2008,Dette publique (% du PIB),29.2,FMI (WEO)
,MDA,2008,Dette publique (% du PIB),22.2,FMI (WEO)
,MNG,2008,Dette publique (% du PIB),31.0,FMI (WEO)
,MNE,2008,Dette publique (% du PIB),34.2,FMI (WEO)
,MAR,2008,Dette publique (% du PIB),42.0,FMI (WEO)
,MOZ,2008,Dette publique (% du PIB),32.8,FMI (WEO)
,MMR,2008,Dette publique (% du PIB),59.8,FMI (WEO)
,NAM,2008,Dette publique (% du PIB),19.1,FMI (WEO)
,NPL,2008,Dette publique (% du PIB),36.8,FMI (WEO)
,NLD,2008,Dette publique (% du PIB),54.4,FMI (WEO)
,NZL,2008,Dette publique (% du PIB),19.0,FMI (WEO)
,NIC,2008,Dette publique (% du PIB),26.0,FMI (WEO)
,NGA,2008,Dette publique (% du PIB),5.2,FMI (WEO)
,MKD,2008,Dette publique (% du PIB),20.6,FMI (WEO)
,NOR,2008,Dette publique (% du PIB),46.8,FMI (WEO)
,OMN,2008,Dette publique (% du PIB),3.2,FMI (WEO)
,PAK,2008,Dette publique (% du PIB),49.5,FMI (WEO)
,PLW,2008,Dette publique (% du PIB),32.0,FMI (WEO)
,PAN,2008,Dette publique (% du PIB),40.6,FMI (WEO)
,PNG,2008,Dette publique (% du PIB),21.6,FMI (WEO)
,PRY,2008,Dette publique (% du PIB),16.0,FMI (WEO)
,PER,2008,Dette publique (% du PIB),28.1,FMI (WEO)
,PHL,2008,Dette publique (% du PIB),50.0,FMI (WEO)
,POL,2008,Dette publique (% du PIB),46.6,FMI (WEO)
,PRT,2008,Dette publique (% du PIB),75.6,FMI (WEO)
,PRI,2008,Dette publique (% du PIB),40.8,FMI (WEO)
,QAT,2008,Dette publique (% du PIB),11.4,FMI (WEO)
,COG,2008,Dette publique (% du PIB),69.6,FMI (WEO)
,ROU,2008,Dette publique (% du PIB),13.0,FMI (WEO)
,RUS,2008,Dette publique (% du PIB),7.4,FMI (WEO)
,RWA,2008,Dette publique (% du PIB),18.5,FMI (WEO)
,WSM,2008,Dette publique (% du PIB),28.2,FMI (WEO)
,SMR,2008,Dette publique (% du PIB),15.5,FMI (WEO)
,STP,2008,Dette publique (% du PIB),60.7,FMI (WEO)
,SAU,2008,Dette publique (% du PIB),12.1,FMI (WEO)
,SRB,2008,Dette publique (% du PIB),29.4,FMI (WEO)
,SYC,2008,Dette publique (% du PIB),192.1,FMI (WEO)
,SLE,2008,Dette publique (% du PIB),46.1,FMI (WEO)
,SGP,2008,Dette publique (% du PIB),97.9,FMI (WEO)
,SVK,2008,Dette publique (% du PIB),28.6,FMI (WEO)
,SVN,2008,Dette publique (% du PIB),21.9,FMI (WEO)
,SLB,2008,Dette publique (% du PIB),26.1,FMI (WEO)
,ZAF,2008,Dette publique (% du PIB),24.0,FMI (WEO)
,ESP,2008,Dette publique (% du PIB),39.6,FMI (WEO)
,LKA,2008,Dette publique (% du PIB),68.8,FMI (WEO)
,KNA,2008,Dette publique (% du PIB),123.4,FMI (WEO)
,LCA,2008,Dette publique (% du PIB),46.9,FMI (WEO)
,VCT,2008,Dette publique (% du PIB),50.2,FMI (WEO)
,SUR,2008,Dette publique (% du PIB),14.8,FMI (WEO)
,SWE,2008,Dette publique (% du PIB),37.9,FMI (WEO)
,CHE,2008,Dette publique (% du PIB),44.2,FMI (WEO)
,SYR,2008,Dette publique (% du PIB),37.3,FMI (WEO)
,TWN,2008,Dette publique (% du PIB),33.4,FMI (WEO)
,TJK,2008,Dette publique (% du PIB),30.2,FMI (WEO)
,TZA,2008,Dette publique (% du PIB),21.6,FMI (WEO)
,THA,2008,Dette publique (% du PIB),34.9,FMI (WEO)
,BHS,2008,Dette publique (% du PIB),25.3,FMI (WEO)
,GMB,2008,Dette publique (% du PIB),39.5,FMI (WEO)
,TON,2008,Dette publique (% du PIB),34.0,FMI (WEO)
,TTO,2008,Dette publique (% du PIB),24.6,FMI (WEO)
,TUN,2008,Dette publique (% du PIB),41.4,FMI (WEO)
,TUR,2008,Dette publique (% du PIB),37.0,FMI (WEO)
,TKM,2008,Dette publique (% du PIB),3.6,FMI (WEO)
,TUV,2008,Dette publique (% du PIB),19.8,FMI (WEO)
,UGA,2008,Dette publique (% du PIB),15.7,FMI (WEO)
,UKR,2008,Dette publique (% du PIB),19.7,FMI (WEO)
,ARE,2008,Dette publique (% du PIB),8.9,FMI (WEO)
,GBR,2008,Dette publique (% du PIB),50.6,FMI (WEO)
,USA,2008,Dette publique (% du PIB),73.8,FMI (WEO)
,URY,2008,Dette publique (% du PIB),46.2,FMI (WEO)
,UZB,2008,Dette publique (% du PIB),7.5,FMI (WEO)
,VUT,2008,Dette publique (% du PIB),19.2,FMI (WEO)
,VEN,2008,Dette publique (% du PIB),20.3,FMI (WEO)
,VNM,2008,Dette publique (% du PIB),31.0,FMI (WEO)
,WBG,2008,Dette publique (% du PIB),23.0,FMI (WEO)
,ZMB,2008,Dette publique (% du PIB),19.2,FMI (WEO)
,ZWE,2008,Dette publique (% du PIB),41.3,FMI (WEO)
,ADVEC,2008,Dette publique (% du PIB),74.8,FMI (WEO)
,AFQ,2008,Dette publique (% du PIB),26.6,FMI (WEO)
,SSQ,2008,Dette publique (% du PIB),22.7,FMI (WEO)
,AS5,2008,Dette publique (% du PIB),43.9,FMI (WEO)
,APQ,2008,Dette publique (% du PIB),69.4,FMI (WEO)
,AZQ,2008,Dette publique (% du PIB),12.5,FMI (WEO)
,CBQ,2008,Dette publique (% du PIB),50.4,FMI (WEO)
,CMQ,2008,Dette publique (% du PIB),30.7,FMI (WEO)
,CAQ,2008,Dette publique (% du PIB),29.5,FMI (WEO)
,EAQ,2008,Dette publique (% du PIB),83.1,FMI (WEO)
,EEQ,2008,Dette publique (% du PIB),20.8,FMI (WEO)
,DA,2008,Dette publique (% du PIB),36.4,FMI (WEO)
,EDE,2008,Dette publique (% du PIB),23.4,FMI (WEO)
,OEMDC,2008,Dette publique (% du PIB),33.0,FMI (WEO)
,EURO,2008,Dette publique (% du PIB),69.4,FMI (WEO)
,EUQ,2008,Dette publique (% du PIB),57.4,FMI (WEO)
,EU,2008,Dette publique (% du PIB),65.5,FMI (WEO)
,WE,2008,Dette publique (% du PIB),45.4,FMI (WEO)
,MAE,2008,Dette publique (% du PIB),84.8,FMI (WEO)
,MEQ,2008,Dette publique (% du PIB),23.3,FMI (WEO)
,MECA,2008,Dette publique (% du PIB),23.4,FMI (WEO)
,NAQ,2008,Dette publique (% du PIB),38.0,FMI (WEO)
,NMQ,2008,Dette publique (% du PIB),71.2,FMI (WEO)
,OAE,2008,Dette publique (% du PIB),32.7,FMI (WEO)
,PIQ,2008,Dette publique (% du PIB),27.6,FMI (WEO)
,SMQ,2008,Dette publique (% du PIB),48.0,FMI (WEO)
,SAQ,2008,Dette publique (% du PIB),67.8,FMI (WEO)
,SEQ,2008,Dette publique (% du PIB),42.6,FMI (WEO)
,SSA,2008,Dette publique (% du PIB),21.0,FMI (WEO)
,WEQ,2008,Dette publique (% du PIB),64.5,FMI (WEO)
,WHQ,2008,Dette publique (% du PIB),67.3,FMI (WEO)
,WEOWORLD,2008,Dette publique (% du PIB),61.7,FMI (WEO)
,SDN,2009,Dette publique (% du PIB),71.0,FMI (WEO)
,AFG,2009,Dette publique (% du PIB),16.2,FMI (WEO)
,ALB,2009,Dette publique (% du PIB),59.7,FMI (WEO)
,DZA,2009,Dette publique (% du PIB),8.9,FMI (WEO)
,AND,2009,Dette publique (% du PIB),33.5,FMI (WEO)
,AGO,2009,Dette publique (% du PIB),48.4,FMI (WEO)
,ATG,2009,Dette publique (% du PIB),89.2,FMI (WEO)
,ARG,2009,Dette publique (% du PIB),55.4,FMI (WEO)
,ARM,2009,Dette publique (% du PIB),40.6,FMI (WEO)
,ABW,2009,Dette publique (% du PIB),48.8,FMI (WEO)
,AUS,2009,Dette publique (% du PIB),16.6,FMI (WEO)
,AUT,2009,Dette publique (% du PIB),80.8,FMI (WEO)
,AZE,2009,Dette publique (% du PIB),4.7,FMI (WEO)
,BHR,2009,Dette publique (% du PIB),20.5,FMI (WEO)
,BGD,2009,Dette publique (% du PIB),33.0,FMI (WEO)
,BRB,2009,Dette publique (% du PIB),83.5,FMI (WEO)
,BLR,2009,Dette publique (% du PIB),32.5,FMI (WEO)
,BEL,2009,Dette publique (% du PIB),99.9,FMI (WEO)
,BLZ,2009,Dette publique (% du PIB),69.7,FMI (WEO)
,BTN,2009,Dette publique (% du PIB),61.0,FMI (WEO)
,BOL,2009,Dette publique (% du PIB),34.1,FMI (WEO)
,BIH,2009,Dette publique (% du PIB),36.4,FMI (WEO)
,BWA,2009,Dette publique (% du PIB),22.4,FMI (WEO)
,BRA,2009,Dette publique (% du PIB),64.7,FMI (WEO)
,BRN,2009,Dette publique (% du PIB),1.1,FMI (WEO)
,BGR,2009,Dette publique (% du PIB),14.5,FMI (WEO)
,BDI,2009,Dette publique (% du PIB),25.7,FMI (WEO)
,CPV,2009,Dette publique (% du PIB),58.8,FMI (WEO)
,KHM,2009,Dette publique (% du PIB),23.1,FMI (WEO)
,CMR,2009,Dette publique (% du PIB),11.3,FMI (WEO)
,CAN,2009,Dette publique (% du PIB),81.8,FMI (WEO)
,CAF,2009,Dette publique (% du PIB),20.3,FMI (WEO)
,TCD,2009,Dette publique (% du PIB),23.9,FMI (WEO)
,CHL,2009,Dette publique (% du PIB),5.8,FMI (WEO)
,CHN,2009,Dette publique (% du PIB),34.0,FMI (WEO)
,COL,2009,Dette publique (% du PIB),35.4,FMI (WEO)
,COM,2009,Dette publique (% du PIB),31.8,FMI (WEO)
,COD,2009,Dette publique (% du PIB),91.6,FMI (WEO)
,CRI,2009,Dette publique (% du PIB),26.0,FMI (WEO)
,HRV,2009,Dette publique (% du PIB),47.9,FMI (WEO)
,CYP,2009,Dette publique (% du PIB),52.8,FMI (WEO)
,CZE,2009,Dette publique (% du PIB),33.4,FMI (WEO)
,TLS,2009,Dette publique (% du PIB),0.0,FMI (WEO)
,DNK,2009,Dette publique (% du PIB),43.0,FMI (WEO)
,DJI,2009,Dette publique (% du PIB),29.5,FMI (WEO)
,DMA,2009,Dette publique (% du PIB),62.5,FMI (WEO)
,DOM,2009,Dette publique (% du PIB),36.8,FMI (WEO)
,ECU,2009,Dette publique (% du PIB),19.7,FMI (WEO)
,EGY,2009,Dette publique (% du PIB),69.5,FMI (WEO)
,SLV,2009,Dette publique (% du PIB),65.8,FMI (WEO)
,GNQ,2009,Dette publique (% du PIB),4.3,FMI (WEO)
,ERI,2009,Dette publique (% du PIB),207.1,FMI (WEO)
,EST,2009,Dette publique (% du PIB),8.0,FMI (WEO)
,SWZ,2009,Dette publique (% du PIB),10.6,FMI (WEO)
,ETH,2009,Dette publique (% du PIB),30.0,FMI (WEO)
,FJI,2009,Dette publique (% du PIB),51.5,FMI (WEO)
,FIN,2009,Dette publique (% du PIB),41.5,FMI (WEO)
,FRA,2009,Dette publique (% du PIB),84.1,FMI (WEO)
,GAB,2009,Dette publique (% du PIB),26.0,FMI (WEO)
,GEO,2009,Dette publique (% du PIB),33.6,FMI (WEO)
,DEU,2009,Dette publique (% du PIB),72.4,FMI (WEO)
,GHA,2009,Dette publique (% du PIB),25.4,FMI (WEO)
,GRC,2009,Dette publique (% du PIB),128.5,FMI (WEO)
,GRD,2009,Dette publique (% du PIB),91.1,FMI (WEO)
,GTM,2009,Dette publique (% du PIB),22.8,FMI (WEO)
,GIN,2009,Dette publique (% du PIB),61.3,FMI (WEO)
,GUY,2009,Dette publique (% du PIB),52.3,FMI (WEO)
,HTI,2009,Dette publique (% du PIB),19.4,FMI (WEO)
,HND,2009,Dette publique (% du PIB),23.8,FMI (WEO)
,HKG,2009,Dette publique (% du PIB),0.7,FMI (WEO)
,HUN,2009,Dette publique (% du PIB),78.2,FMI (WEO)
,ISL,2009,Dette publique (% du PIB),128.2,FMI (WEO)
,IND,2009,Dette publique (% du PIB),72.7,FMI (WEO)
,IDN,2009,Dette publique (% du PIB),26.5,FMI (WEO)
,IRN,2009,Dette publique (% du PIB),11.5,FMI (WEO)
,IRQ,2009,Dette publique (% du PIB),87.4,FMI (WEO)
,IRL,2009,Dette publique (% du PIB),61.8,FMI (WEO)
,ISR,2009,Dette publique (% du PIB),72.6,FMI (WEO)
,ITA,2009,Dette publique (% du PIB),116.1,FMI (WEO)
,JAM,2009,Dette publique (% du PIB),138.3,FMI (WEO)
,JPN,2009,Dette publique (% du PIB),172.9,FMI (WEO)
,JOR,2009,Dette publique (% du PIB),51.8,FMI (WEO)
,KAZ,2009,Dette publique (% du PIB),10.2,FMI (WEO)
,KEN,2009,Dette publique (% du PIB),36.0,FMI (WEO)
,KIR,2009,Dette publique (% du PIB),10.3,FMI (WEO)
,KOR,2009,Dette publique (% du PIB),28.8,FMI (WEO)
,UVK,2009,Dette publique (% du PIB),6.9,FMI (WEO)
,KWT,2009,Dette publique (% du PIB),6.7,FMI (WEO)
,KGZ,2009,Dette publique (% du PIB),58.5,FMI (WEO)
,LAO,2009,Dette publique (% du PIB),51.8,FMI (WEO)
,LVA,2009,Dette publique (% du PIB),37.6,FMI (WEO)
,LBN,2009,Dette publique (% du PIB),144.5,FMI (WEO)
,LSO,2009,Dette publique (% du PIB),35.9,FMI (WEO)
,LBR,2009,Dette publique (% du PIB),132.2,FMI (WEO)
,LTU,2009,Dette publique (% du PIB),27.9,FMI (WEO)
,LUX,2009,Dette publique (% du PIB),15.3,FMI (WEO)
,MAC,2009,Dette publique (% du PIB),0.0,FMI (WEO)
,MDG,2009,Dette publique (% du PIB),34.9,FMI (WEO)
,MWI,2009,Dette publique (% du PIB),23.5,FMI (WEO)
,MYS,2009,Dette publique (% du PIB),50.4,FMI (WEO)
,MDV,2009,Dette publique (% du PIB),48.4,FMI (WEO)
,MLT,2009,Dette publique (% du PIB),66.0,FMI (WEO)
,MHL,2009,Dette publique (% du PIB),41.2,FMI (WEO)
,MRT,2009,Dette publique (% du PIB),54.3,FMI (WEO)
,MUS,2009,Dette publique (% du PIB),56.8,FMI (WEO)
,MEX,2009,Dette publique (% du PIB),41.7,FMI (WEO)
,FSM,2009,Dette publique (% du PIB),31.1,FMI (WEO)
,MDA,2009,Dette publique (% du PIB),32.6,FMI (WEO)
,MNG,2009,Dette publique (% du PIB),48.5,FMI (WEO)
,MNE,2009,Dette publique (% du PIB),43.9,FMI (WEO)
,MAR,2009,Dette publique (% du PIB),42.6,FMI (WEO)
,MOZ,2009,Dette publique (% du PIB),39.3,FMI (WEO)
,MMR,2009,Dette publique (% du PIB),56.4,FMI (WEO)
,NAM,2009,Dette publique (% du PIB),15.9,FMI (WEO)
,NRU,2009,Dette publique (% du PIB),295.6,FMI (WEO)
,NPL,2009,Dette publique (% du PIB),39.5,FMI (WEO)
,NLD,2009,Dette publique (% du PIB),56.3,FMI (WEO)
,NZL,2009,Dette publique (% du PIB),24.3,FMI (WEO)
,NIC,2009,Dette publique (% du PIB),29.3,FMI (WEO)
,NGA,2009,Dette publique (% du PIB),6.1,FMI (WEO)
,MKD,2009,Dette publique (% du PIB),23.7,FMI (WEO)
,NOR,2009,Dette publique (% du PIB),41.7,FMI (WEO)
,OMN,2009,Dette publique (% du PIB),5.8,FMI (WEO)
,PAK,2009,Dette publique (% du PIB),54.6,FMI (WEO)
,PLW,2009,Dette publique (% du PIB),36.6,FMI (WEO)
,PAN,2009,Dette publique (% du PIB),39.5,FMI (WEO)
,PNG,2009,Dette publique (% du PIB),21.7,FMI (WEO)
,PRY,2009,Dette publique (% du PIB),14.9,FMI (WEO)
,PER,2009,Dette publique (% du PIB),28.2,FMI (WEO)
,PHL,2009,Dette publique (% du PIB),49.8,FMI (WEO)
,POL,2009,Dette publique (% du PIB),49.7,FMI (WEO)
,PRT,2009,Dette publique (% du PIB),87.8,FMI (WEO)
,PRI,2009,Dette publique (% du PIB),46.5,FMI (WEO)
,QAT,2009,Dette publique (% du PIB),36.0,FMI (WEO)
,COG,2009,Dette publique (% du PIB),83.8,FMI (WEO)
,ROU,2009,Dette publique (% du PIB),22.5,FMI (WEO)
,RUS,2009,Dette publique (% du PIB),9.9,FMI (WEO)
,RWA,2009,Dette publique (% du PIB),18.7,FMI (WEO)
,WSM,2009,Dette publique (% du PIB),33.3,FMI (WEO)
,SMR,2009,Dette publique (% du PIB),20.1,FMI (WEO)
,STP,2009,Dette publique (% du PIB),70.3,FMI (WEO)
,SAU,2009,Dette publique (% du PIB),14.0,FMI (WEO)
,SRB,2009,Dette publique (% du PIB),35.3,FMI (WEO)
,SYC,2009,Dette publique (% du PIB),106.1,FMI (WEO)
,SLE,2009,Dette publique (% du PIB),31.1,FMI (WEO)
,SGP,2009,Dette publique (% du PIB),101.7,FMI (WEO)
,SVK,2009,Dette publique (% du PIB),36.4,FMI (WEO)
,SVN,2009,Dette publique (% du PIB),34.9,FMI (WEO)
,SLB,2009,Dette publique (% du PIB),17.2,FMI (WEO)
,ZAF,2009,Dette publique (% du PIB),27.0,FMI (WEO)
,ESP,2009,Dette publique (% du PIB),53.1,FMI (WEO)
,LKA,2009,Dette publique (% du PIB),72.8,FMI (WEO)
,KNA,2009,Dette publique (% du PIB),129.1,FMI (WEO)
,LCA,2009,Dette publique (% du PIB),50.2,FMI (WEO)
,VCT,2009,Dette publique (% du PIB),57.2,FMI (WEO)
,SUR,2009,Dette publique (% du PIB),14.6,FMI (WEO)
,SWE,2009,Dette publique (% du PIB),41.2,FMI (WEO)
,CHE,2009,Dette publique (% du PIB),42.4,FMI (WEO)
,SYR,2009,Dette publique (% du PIB),31.2,FMI (WEO)
,TWN,2009,Dette publique (% du PIB),36.7,FMI (WEO)
,TJK,2009,Dette publique (% du PIB),36.9,FMI (WEO)
,TZA,2009,Dette publique (% du PIB),23.9,FMI (WEO)
,THA,2009,Dette publique (% du PIB),42.4,FMI (WEO)
,BHS,2009,Dette publique (% du PIB),30.1,FMI (WEO)
,GMB,2009,Dette publique (% du PIB),38.9,FMI (WEO)
,TON,2009,Dette publique (% du PIB),39.7,FMI (WEO)
,TTO,2009,Dette publique (% du PIB),34.2,FMI (WEO)
,TUN,2009,Dette publique (% du PIB),40.3,FMI (WEO)
,TUR,2009,Dette publique (% du PIB),42.4,FMI (WEO)
,TKM,2009,Dette publique (% du PIB),3.1,FMI (WEO)
,TUV,2009,Dette publique (% du PIB),20.6,FMI (WEO)
,UGA,2009,Dette publique (% du PIB),14.8,FMI (WEO)
,UKR,2009,Dette publique (% du PIB),34.1,FMI (WEO)
,ARE,2009,Dette publique (% du PIB),21.1,FMI (WEO)
,GBR,2009,Dette publique (% du PIB),64.5,FMI (WEO)
,USA,2009,Dette publique (% du PIB),87.1,FMI (WEO)
,URY,2009,Dette publique (% du PIB),46.2,FMI (WEO)
,UZB,2009,Dette publique (% du PIB),6.6,FMI (WEO)
,VUT,2009,Dette publique (% du PIB),19.1,FMI (WEO)
,VEN,2009,Dette publique (% du PIB),27.6,FMI (WEO)
,VNM,2009,Dette publique (% du PIB),36.2,FMI (WEO)
,WBG,2009,Dette publique (% du PIB),24.0,FMI (WEO)
,ZMB,2009,Dette publique (% du PIB),20.5,FMI (WEO)
,ZWE,2009,Dette publique (% du PIB),39.7,FMI (WEO)
,ADVEC,2009,Dette publique (% du PIB),87.8,FMI (WEO)
,AFQ,2009,Dette publique (% du PIB),30.2,FMI (WEO)
,SSQ,2009,Dette publique (% du PIB),25.7,FMI (WEO)
,AS5,2009,Dette publique (% du PIB),46.4,FMI (WEO)
,APQ,2009,Dette publique (% du PIB),78.9,FMI (WEO)
,AZQ,2009,Dette publique (% du PIB),17.4,FMI (WEO)
,CBQ,2009,Dette publique (% du PIB),55.7,FMI (WEO)
,CMQ,2009,Dette publique (% du PIB),33.9,FMI (WEO)
,CAQ,2009,Dette publique (% du PIB),33.5,FMI (WEO)
,EAQ,2009,Dette publique (% du PIB),94.3,FMI (WEO)
,EEQ,2009,Dette publique (% du PIB),26.6,FMI (WEO)
,DA,2009,Dette publique (% du PIB),41.2,FMI (WEO)
,EDE,2009,Dette publique (% du PIB),28.9,FMI (WEO)
,OEMDC,2009,Dette publique (% du PIB),37.9,FMI (WEO)
,EURO,2009,Dette publique (% du PIB),79.8,FMI (WEO)
,EUQ,2009,Dette publique (% du PIB),67.7,FMI (WEO)
,EU,2009,Dette publique (% du PIB),75.6,FMI (WEO)
,WE,2009,Dette publique (% du PIB),48.4,FMI (WEO)
,MAE,2009,Dette publique (% du PIB),99.6,FMI (WEO)
,MEQ,2009,Dette publique (% du PIB),29.0,FMI (WEO)
,MECA,2009,Dette publique (% du PIB),29.1,FMI (WEO)
,NAQ,2009,Dette publique (% du PIB),42.9,FMI (WEO)
,NMQ,2009,Dette publique (% du PIB),83.9,FMI (WEO)
,OAE,2009,Dette publique (% du PIB),35.4,FMI (WEO)
,PIQ,2009,Dette publique (% du PIB),27.4,FMI (WEO)
,SMQ,2009,Dette publique (% du PIB),51.2,FMI (WEO)
,SAQ,2009,Dette publique (% du PIB),67.6,FMI (WEO)
,SEQ,2009,Dette publique (% du PIB),45.3,FMI (WEO)
,SSA,2009,Dette publique (% du PIB),23.7,FMI (WEO)
,WEQ,2009,Dette publique (% du PIB),74.7,FMI (WEO)
,WHQ,2009,Dette publique (% du PIB),78.5,FMI (WEO)
,WEOWORLD,2009,Dette publique (% du PIB),72.1,FMI (WEO)
,SDN,2010,Dette publique (% du PIB),74.6,FMI (WEO)
,AFG,2010,Dette publique (% du PIB),7.7,FMI (WEO)
,ALB,2010,Dette publique (% du PIB),57.7,FMI (WEO)
,DZA,2010,Dette publique (% du PIB),9.5,FMI (WEO)
,AND,2010,Dette publique (% du PIB),35.0,FMI (WEO)
,AGO,2010,Dette publique (% du PIB),32.6,FMI (WEO)
,ATG,2010,Dette publique (% du PIB),79.4,FMI (WEO)
,ARG,2010,Dette publique (% du PIB),43.5,FMI (WEO)
,ARM,2010,Dette publique (% du PIB),40.0,FMI (WEO)
,ABW,2010,Dette publique (% du PIB),54.7,FMI (WEO)
,AUS,2010,Dette publique (% du PIB),20.3,FMI (WEO)
,AUT,2010,Dette publique (% du PIB),83.7,FMI (WEO)
,AZE,2010,Dette publique (% du PIB),5.0,FMI (WEO)
,BHR,2010,Dette publique (% du PIB),28.8,FMI (WEO)
,BGD,2010,Dette publique (% du PIB),29.6,FMI (WEO)
,BRB,2010,Dette publique (% du PIB),90.3,FMI (WEO)
,BLR,2010,Dette publique (% du PIB),36.8,FMI (WEO)
,BEL,2010,Dette publique (% du PIB),100.2,FMI (WEO)
,BLZ,2010,Dette publique (% du PIB),68.4,FMI (WEO)
,BTN,2010,Dette publique (% du PIB),55.8,FMI (WEO)
,BOL,2010,Dette publique (% du PIB),32.8,FMI (WEO)
,BIH,2010,Dette publique (% du PIB),42.2,FMI (WEO)
,BWA,2010,Dette publique (% du PIB),26.5,FMI (WEO)
,BRA,2010,Dette publique (% du PIB),62.4,FMI (WEO)
,BRN,2010,Dette publique (% du PIB),1.1,FMI (WEO)
,BGR,2010,Dette publique (% du PIB),14.1,FMI (WEO)
,BDI,2010,Dette publique (% du PIB),46.9,FMI (WEO)
,CPV,2010,Dette publique (% du PIB),66.2,FMI (WEO)
,KHM,2010,Dette publique (% du PIB),23.5,FMI (WEO)
,CMR,2010,Dette publique (% du PIB),14.0,FMI (WEO)
,CAN,2010,Dette publique (% du PIB),84.0,FMI (WEO)
,CAF,2010,Dette publique (% du PIB),19.9,FMI (WEO)
,TCD,2010,Dette publique (% du PIB),22.9,FMI (WEO)
,CHL,2010,Dette publique (% du PIB),8.6,FMI (WEO)
,CHN,2010,Dette publique (% du PIB),33.3,FMI (WEO)
,COL,2010,Dette publique (% du PIB),36.5,FMI (WEO)
,COM,2010,Dette publique (% du PIB),30.1,FMI (WEO)
,COD,2010,Dette publique (% du PIB),31.8,FMI (WEO)
,CRI,2010,Dette publique (% du PIB),28.1,FMI (WEO)
,HRV,2010,Dette publique (% du PIB),56.8,FMI (WEO)
,CYP,2010,Dette publique (% du PIB),55.3,FMI (WEO)
,CZE,2010,Dette publique (% du PIB),36.7,FMI (WEO)
,TLS,2010,Dette publique (% du PIB),0.0,FMI (WEO)
,DNK,2010,Dette publique (% du PIB),46.1,FMI (WEO)
,DJI,2010,Dette publique (% du PIB),27.9,FMI (WEO)
,DMA,2010,Dette publique (% du PIB),66.8,FMI (WEO)
,DOM,2010,Dette publique (% du PIB),37.4,FMI (WEO)
,ECU,2010,Dette publique (% du PIB),18.4,FMI (WEO)
,EGY,2010,Dette publique (% du PIB),69.6,FMI (WEO)
,SLV,2010,Dette publique (% du PIB),66.8,FMI (WEO)
,GNQ,2010,Dette publique (% du PIB),7.9,FMI (WEO)
,ERI,2010,Dette publique (% du PIB),201.8,FMI (WEO)
,EST,2010,Dette publique (% du PIB),8.0,FMI (WEO)
,SWZ,2010,Dette publique (% du PIB),14.2,FMI (WEO)
,ETH,2010,Dette publique (% du PIB),39.4,FMI (WEO)
,FJI,2010,Dette publique (% du PIB),53.4,FMI (WEO)
,FIN,2010,Dette publique (% du PIB),50.1,FMI (WEO)
,FRA,2010,Dette publique (% du PIB),86.3,FMI (WEO)
,GAB,2010,Dette publique (% du PIB),21.3,FMI (WEO)
,GEO,2010,Dette publique (% du PIB),31.4,FMI (WEO)
,DEU,2010,Dette publique (% du PIB),81.0,FMI (WEO)
,GHA,2010,Dette publique (% du PIB),32.9,FMI (WEO)
,GRC,2010,Dette publique (% du PIB),147.8,FMI (WEO)
,GRD,2010,Dette publique (% du PIB),96.2,FMI (WEO)
,GTM,2010,Dette publique (% du PIB),24.0,FMI (WEO)
,GIN,2010,Dette publique (% du PIB),71.1,FMI (WEO)
,GUY,2010,Dette publique (% du PIB),53.1,FMI (WEO)
,HTI,2010,Dette publique (% du PIB),24.9,FMI (WEO)
,HND,2010,Dette publique (% du PIB),21.8,FMI (WEO)
,HKG,2010,Dette publique (% du PIB),0.6,FMI (WEO)
,HUN,2010,Dette publique (% du PIB),80.2,FMI (WEO)
,ISL,2010,Dette publique (% du PIB),131.5,FMI (WEO)
,IND,2010,Dette publique (% du PIB),67.7,FMI (WEO)
,IDN,2010,Dette publique (% du PIB),26.4,FMI (WEO)
,IRN,2010,Dette publique (% du PIB),12.8,FMI (WEO)
,IRQ,2010,Dette publique (% du PIB),53.5,FMI (WEO)
,IRL,2010,Dette publique (% du PIB),86.2,FMI (WEO)
,ISR,2010,Dette publique (% du PIB),69.0,FMI (WEO)
,ITA,2010,Dette publique (% du PIB),118.8,FMI (WEO)
,JAM,2010,Dette publique (% du PIB),137.8,FMI (WEO)
,JPN,2010,Dette publique (% du PIB),178.6,FMI (WEO)
,JOR,2010,Dette publique (% du PIB),53.4,FMI (WEO)
,KAZ,2010,Dette publique (% du PIB),10.7,FMI (WEO)
,KEN,2010,Dette publique (% du PIB),36.7,FMI (WEO)
,KIR,2010,Dette publique (% du PIB),9.4,FMI (WEO)
,KOR,2010,Dette publique (% du PIB),28.3,FMI (WEO)
,UVK,2010,Dette publique (% du PIB),6.5,FMI (WEO)
,KWT,2010,Dette publique (% du PIB),6.2,FMI (WEO)
,KGZ,2010,Dette publique (% du PIB),59.7,FMI (WEO)
,LAO,2010,Dette publique (% du PIB),49.3,FMI (WEO)
,LVA,2010,Dette publique (% du PIB),48.2,FMI (WEO)
,LBN,2010,Dette publique (% du PIB),136.8,FMI (WEO)
,LSO,2010,Dette publique (% du PIB),33.8,FMI (WEO)
,LBR,2010,Dette publique (% du PIB),25.4,FMI (WEO)
,LTU,2010,Dette publique (% du PIB),36.7,FMI (WEO)
,LUX,2010,Dette publique (% du PIB),19.1,FMI (WEO)
,MAC,2010,Dette publique (% du PIB),0.0,FMI (WEO)
,MDG,2010,Dette publique (% du PIB),32.3,FMI (WEO)
,MWI,2010,Dette publique (% du PIB),19.3,FMI (WEO)
,MYS,2010,Dette publique (% du PIB),51.2,FMI (WEO)
,MDV,2010,Dette publique (% du PIB),52.7,FMI (WEO)
,MLT,2010,Dette publique (% du PIB),65.0,FMI (WEO)
,MHL,2010,Dette publique (% du PIB),38.8,FMI (WEO)
,MRT,2010,Dette publique (% du PIB),43.9,FMI (WEO)
,MUS,2010,Dette publique (% du PIB),54.4,FMI (WEO)
,MEX,2010,Dette publique (% du PIB),40.2,FMI (WEO)
,FSM,2010,Dette publique (% du PIB),29.4,FMI (WEO)
,MDA,2010,Dette publique (% du PIB),25.5,FMI (WEO)
,MNG,2010,Dette publique (% du PIB),31.0,FMI (WEO)
,MNE,2010,Dette publique (% du PIB),45.1,FMI (WEO)
,MAR,2010,Dette publique (% du PIB),45.3,FMI (WEO)
,MOZ,2010,Dette publique (% du PIB),38.6,FMI (WEO)
,MMR,2010,Dette publique (% du PIB),54.4,FMI (WEO)
,NAM,2010,Dette publique (% du PIB),16.3,FMI (WEO)
,NRU,2010,Dette publique (% du PIB),298.9,FMI (WEO)
,NPL,2010,Dette publique (% du PIB),35.4,FMI (WEO)
,NLD,2010,Dette publique (% du PIB),58.9,FMI (WEO)
,NZL,2010,Dette publique (% du PIB),29.6,FMI (WEO)
,NIC,2010,Dette publique (% du PIB),30.3,FMI (WEO)
,NGA,2010,Dette publique (% du PIB),6.7,FMI (WEO)
,MKD,2010,Dette publique (% du PIB),24.3,FMI (WEO)
,NOR,2010,Dette publique (% du PIB),42.1,FMI (WEO)
,OMN,2010,Dette publique (% du PIB),5.5,FMI (WEO)
,PAK,2010,Dette publique (% du PIB),56.7,FMI (WEO)
,PLW,2010,Dette publique (% du PIB),34.5,FMI (WEO)
,PAN,2010,Dette publique (% du PIB),38.5,FMI (WEO)
,PNG,2010,Dette publique (% du PIB),17.3,FMI (WEO)
,PRY,2010,Dette publique (% du PIB),13.0,FMI (WEO)
,PER,2010,Dette publique (% du PIB),25.1,FMI (WEO)
,PHL,2010,Dette publique (% du PIB),47.6,FMI (WEO)
,POL,2010,Dette publique (% du PIB),53.7,FMI (WEO)
,PRT,2010,Dette publique (% du PIB),100.1,FMI (WEO)
,PRI,2010,Dette publique (% du PIB),48.3,FMI (WEO)
,QAT,2010,Dette publique (% du PIB),30.4,FMI (WEO)
,COG,2010,Dette publique (% du PIB),43.5,FMI (WEO)
,ROU,2010,Dette publique (% du PIB),30.2,FMI (WEO)
,RUS,2010,Dette publique (% du PIB),10.1,FMI (WEO)
,RWA,2010,Dette publique (% du PIB),19.0,FMI (WEO)
,WSM,2010,Dette publique (% du PIB),40.3,FMI (WEO)
,SMR,2010,Dette publique (% du PIB),20.0,FMI (WEO)
,STP,2010,Dette publique (% du PIB),83.0,FMI (WEO)
,SAU,2010,Dette publique (% du PIB),8.4,FMI (WEO)
,SRB,2010,Dette publique (% du PIB),42.4,FMI (WEO)
,SYC,2010,Dette publique (% du PIB),82.2,FMI (WEO)
,SLE,2010,Dette publique (% du PIB),28.9,FMI (WEO)
,SGP,2010,Dette publique (% du PIB),98.7,FMI (WEO)
,SVK,2010,Dette publique (% du PIB),40.7,FMI (WEO)
,SVN,2010,Dette publique (% du PIB),38.6,FMI (WEO)
,SLB,2010,Dette publique (% du PIB),21.6,FMI (WEO)
,ZAF,2010,Dette publique (% du PIB),31.2,FMI (WEO)
,ESP,2010,Dette publique (% du PIB),60.3,FMI (WEO)
,LKA,2010,Dette publique (% du PIB),68.7,FMI (WEO)
,KNA,2010,Dette publique (% du PIB),134.9,FMI (WEO)
,LCA,2010,Dette publique (% du PIB),52.2,FMI (WEO)
,VCT,2010,Dette publique (% du PIB),61.1,FMI (WEO)
,SUR,2010,Dette publique (% du PIB),17.3,FMI (WEO)
,SWE,2010,Dette publique (% du PIB),38.6,FMI (WEO)
,CHE,2010,Dette publique (% du PIB),40.7,FMI (WEO)
,SYR,2010,Dette publique (% du PIB),30.0,FMI (WEO)
,TWN,2010,Dette publique (% du PIB),36.9,FMI (WEO)
,TJK,2010,Dette publique (% du PIB),36.8,FMI (WEO)
,TZA,2010,Dette publique (% du PIB),27.6,FMI (WEO)
,THA,2010,Dette publique (% du PIB),39.8,FMI (WEO)
,BHS,2010,Dette publique (% du PIB),33.9,FMI (WEO)
,GMB,2010,Dette publique (% du PIB),42.9,FMI (WEO)
,TON,2010,Dette publique (% du PIB),44.7,FMI (WEO)
,TTO,2010,Dette publique (% du PIB),28.9,FMI (WEO)
,TUN,2010,Dette publique (% du PIB),38.8,FMI (WEO)
,TUR,2010,Dette publique (% du PIB),38.6,FMI (WEO)
,TKM,2010,Dette publique (% du PIB),7.0,FMI (WEO)
,TUV,2010,Dette publique (% du PIB),21.1,FMI (WEO)
,UGA,2010,Dette publique (% du PIB),18.4,FMI (WEO)
,UKR,2010,Dette publique (% du PIB),39.1,FMI (WEO)
,ARE,2010,Dette publique (% du PIB),18.3,FMI (WEO)
,GBR,2010,Dette publique (% du PIB),75.5,FMI (WEO)
,USA,2010,Dette publique (% du PIB),95.7,FMI (WEO)
,URY,2010,Dette publique (% du PIB),40.9,FMI (WEO)
,UZB,2010,Dette publique (% du PIB),5.9,FMI (WEO)
,VUT,2010,Dette publique (% du PIB),18.3,FMI (WEO)
,VEN,2010,Dette publique (% du PIB),37.7,FMI (WEO)
,VNM,2010,Dette publique (% du PIB),37.3,FMI (WEO)
,WBG,2010,Dette publique (% du PIB),22.7,FMI (WEO)
,ZMB,2010,Dette publique (% du PIB),18.9,FMI (WEO)
,ZWE,2010,Dette publique (% du PIB),33.2,FMI (WEO)
,ADVEC,2010,Dette publique (% du PIB),93.8,FMI (WEO)
,AFQ,2010,Dette publique (% du PIB),29.6,FMI (WEO)
,SSQ,2010,Dette publique (% du PIB),24.9,FMI (WEO)
,AS5,2010,Dette publique (% du PIB),44.8,FMI (WEO)
,APQ,2010,Dette publique (% du PIB),77.2,FMI (WEO)
,AZQ,2010,Dette publique (% du PIB),21.3,FMI (WEO)
,CBQ,2010,Dette publique (% du PIB),57.1,FMI (WEO)
,CMQ,2010,Dette publique (% du PIB),34.3,FMI (WEO)
,CAQ,2010,Dette publique (% du PIB),30.6,FMI (WEO)
,EAQ,2010,Dette publique (% du PIB),93.5,FMI (WEO)
,EEQ,2010,Dette publique (% du PIB),27.6,FMI (WEO)
,DA,2010,Dette publique (% du PIB),39.9,FMI (WEO)
,EDE,2010,Dette publique (% du PIB),28.5,FMI (WEO)
,OEMDC,2010,Dette publique (% du PIB),36.8,FMI (WEO)
,EURO,2010,Dette publique (% du PIB),85.2,FMI (WEO)
,EUQ,2010,Dette publique (% du PIB),71.6,FMI (WEO)
,EU,2010,Dette publique (% du PIB),80.5,FMI (WEO)
,WE,2010,Dette publique (% du PIB),47.4,FMI (WEO)
,MAE,2010,Dette publique (% du PIB),107.3,FMI (WEO)
,MEQ,2010,Dette publique (% du PIB),24.6,FMI (WEO)
,MECA,2010,Dette publique (% du PIB),26.2,FMI (WEO)
,NAQ,2010,Dette publique (% du PIB),43.4,FMI (WEO)
,NMQ,2010,Dette publique (% du PIB),90.9,FMI (WEO)
,OAE,2010,Dette publique (% du PIB),35.5,FMI (WEO)
,PIQ,2010,Dette publique (% du PIB),24.6,FMI (WEO)
,SMQ,2010,Dette publique (% du PIB),50.1,FMI (WEO)
,SAQ,2010,Dette publique (% du PIB),63.9,FMI (WEO)
,SEQ,2010,Dette publique (% du PIB),44.0,FMI (WEO)
,SSA,2010,Dette publique (% du PIB),22.8,FMI (WEO)
,WEQ,2010,Dette publique (% du PIB),80.0,FMI (WEO)
,WHQ,2010,Dette publique (% du PIB),83.2,FMI (WEO)
,WEOWORLD,2010,Dette publique (% du PIB),74.1,FMI (WEO)
,SDN,2011,Dette publique (% du PIB),78.1,FMI (WEO)
,AFG,2011,Dette publique (% du PIB),7.5,FMI (WEO)
,ALB,2011,Dette publique (% du PIB),59.4,FMI (WEO)
,DZA,2011,Dette publique (% du PIB),8.5,FMI (WEO)
,AND,2011,Dette publique (% du PIB),36.5,FMI (WEO)
,AGO,2011,Dette publique (% du PIB),26.3,FMI (WEO)
,ATG,2011,Dette publique (% du PIB),81.1,FMI (WEO)
,ARG,2011,Dette publique (% du PIB),38.9,FMI (WEO)
,ARM,2011,Dette publique (% du PIB),42.2,FMI (WEO)
,ABW,2011,Dette publique (% du PIB),59.3,FMI (WEO)
,AUS,2011,Dette publique (% du PIB),24.0,FMI (WEO)
,AUT,2011,Dette publique (% du PIB),83.4,FMI (WEO)
,AZE,2011,Dette publique (% du PIB),5.0,FMI (WEO)
,BHR,2011,Dette publique (% du PIB),31.6,FMI (WEO)
,BGD,2011,Dette publique (% du PIB),29.4,FMI (WEO)
,BRB,2011,Dette publique (% du PIB),94.4,FMI (WEO)
,BLR,2011,Dette publique (% du PIB),58.2,FMI (WEO)
,BEL,2011,Dette publique (% du PIB),102.7,FMI (WEO)
,BLZ,2011,Dette publique (% du PIB),66.2,FMI (WEO)
,BTN,2011,Dette publique (% du PIB),62.3,FMI (WEO)
,BOL,2011,Dette publique (% du PIB),30.5,FMI (WEO)
,BIH,2011,Dette publique (% du PIB),40.9,FMI (WEO)
,BWA,2011,Dette publique (% du PIB),27.9,FMI (WEO)
,BRA,2011,Dette publique (% du PIB),60.6,FMI (WEO)
,BRN,2011,Dette publique (% du PIB),2.1,FMI (WEO)
,BGR,2011,Dette publique (% du PIB),14.3,FMI (WEO)
,BDI,2011,Dette publique (% du PIB),42.7,FMI (WEO)
,CPV,2011,Dette publique (% du PIB),71.6,FMI (WEO)
,KHM,2011,Dette publique (% du PIB),23.7,FMI (WEO)
,CMR,2011,Dette publique (% du PIB),15.9,FMI (WEO)
,CAN,2011,Dette publique (% du PIB),84.3,FMI (WEO)
,CAF,2011,Dette publique (% du PIB),19.7,FMI (WEO)
,TCD,2011,Dette publique (% du PIB),22.3,FMI (WEO)
,CHL,2011,Dette publique (% du PIB),11.1,FMI (WEO)
,CHN,2011,Dette publique (% du PIB),33.2,FMI (WEO)
,COL,2011,Dette publique (% du PIB),35.8,FMI (WEO)
,COM,2011,Dette publique (% du PIB),27.6,FMI (WEO)
,COD,2011,Dette publique (% du PIB),7.8,FMI (WEO)
,CRI,2011,Dette publique (% du PIB),29.5,FMI (WEO)
,HRV,2011,Dette publique (% du PIB),63.1,FMI (WEO)
,CYP,2011,Dette publique (% du PIB),64.8,FMI (WEO)
,CZE,2011,Dette publique (% du PIB),39.4,FMI (WEO)
,TLS,2011,Dette publique (% du PIB),0.0,FMI (WEO)
,DNK,2011,Dette publique (% du PIB),50.0,FMI (WEO)
,DJI,2011,Dette publique (% du PIB),25.7,FMI (WEO)
,DMA,2011,Dette publique (% du PIB),69.7,FMI (WEO)
,DOM,2011,Dette publique (% du PIB),39.1,FMI (WEO)
,ECU,2011,Dette publique (% du PIB),18.6,FMI (WEO)
,EGY,2011,Dette publique (% du PIB),72.8,FMI (WEO)
,SLV,2011,Dette publique (% du PIB),65.6,FMI (WEO)
,GNQ,2011,Dette publique (% du PIB),7.2,FMI (WEO)
,ERI,2011,Dette publique (% du PIB),171.6,FMI (WEO)
,EST,2011,Dette publique (% du PIB),7.6,FMI (WEO)
,SWZ,2011,Dette publique (% du PIB),14.6,FMI (WEO)
,ETH,2011,Dette publique (% du PIB),44.6,FMI (WEO)
,FJI,2011,Dette publique (% du PIB),51.0,FMI (WEO)
,FIN,2011,Dette publique (% du PIB),52.0,FMI (WEO)
,FRA,2011,Dette publique (% du PIB),88.7,FMI (WEO)
,GAB,2011,Dette publique (% du PIB),21.4,FMI (WEO)
,GEO,2011,Dette publique (% du PIB),27.7,FMI (WEO)
,DEU,2011,Dette publique (% du PIB),78.5,FMI (WEO)
,GHA,2011,Dette publique (% du PIB),31.2,FMI (WEO)
,GRC,2011,Dette publique (% du PIB),175.1,FMI (WEO)
,GRD,2011,Dette publique (% du PIB),102.8,FMI (WEO)
,GTM,2011,Dette publique (% du PIB),23.8,FMI (WEO)
,GIN,2011,Dette publique (% du PIB),53.8,FMI (WEO)
,GUY,2011,Dette publique (% du PIB),51.7,FMI (WEO)
,HTI,2011,Dette publique (% du PIB),22.3,FMI (WEO)
,HND,2011,Dette publique (% du PIB),24.6,FMI (WEO)
,HKG,2011,Dette publique (% du PIB),0.6,FMI (WEO)
,HUN,2011,Dette publique (% du PIB),80.5,FMI (WEO)
,ISL,2011,Dette publique (% du PIB),136.6,FMI (WEO)
,IND,2011,Dette publique (% du PIB),68.7,FMI (WEO)
,IDN,2011,Dette publique (% du PIB),23.1,FMI (WEO)
,IRN,2011,Dette publique (% du PIB),10.6,FMI (WEO)
,IRQ,2011,Dette publique (% du PIB),40.7,FMI (WEO)
,IRL,2011,Dette publique (% du PIB),109.6,FMI (WEO)
,ISR,2011,Dette publique (% du PIB),67.2,FMI (WEO)
,ITA,2011,Dette publique (% du PIB),119.1,FMI (WEO)
,JAM,2011,Dette publique (% du PIB),135.9,FMI (WEO)
,JPN,2011,Dette publique (% du PIB),190.6,FMI (WEO)
,JOR,2011,Dette publique (% du PIB),56.1,FMI (WEO)
,KAZ,2011,Dette publique (% du PIB),10.2,FMI (WEO)
,KEN,2011,Dette publique (% du PIB),35.7,FMI (WEO)
,KIR,2011,Dette publique (% du PIB),8.8,FMI (WEO)
,KOR,2011,Dette publique (% du PIB),31.7,FMI (WEO)
,UVK,2011,Dette publique (% du PIB),5.6,FMI (WEO)
,KWT,2011,Dette publique (% du PIB),4.6,FMI (WEO)
,KGZ,2011,Dette publique (% du PIB),50.1,FMI (WEO)
,LAO,2011,Dette publique (% du PIB),43.0,FMI (WEO)
,LVA,2011,Dette publique (% du PIB),46.8,FMI (WEO)
,LBN,2011,Dette publique (% du PIB),134.4,FMI (WEO)
,LSO,2011,Dette publique (% du PIB),36.2,FMI (WEO)
,LBR,2011,Dette publique (% du PIB),22.5,FMI (WEO)
,LTU,2011,Dette publique (% du PIB),37.5,FMI (WEO)
,LUX,2011,Dette publique (% du PIB),18.5,FMI (WEO)
,MAC,2011,Dette publique (% du PIB),0.0,FMI (WEO)
,MDG,2011,Dette publique (% du PIB),29.9,FMI (WEO)
,MWI,2011,Dette publique (% du PIB),20.0,FMI (WEO)
,MYS,2011,Dette publique (% du PIB),51.9,FMI (WEO)
,MDV,2011,Dette publique (% du PIB),51.9,FMI (WEO)
,MLT,2011,Dette publique (% du PIB),68.9,FMI (WEO)
,MHL,2011,Dette publique (% du PIB),35.9,FMI (WEO)
,MRT,2011,Dette publique (% du PIB),38.8,FMI (WEO)
,MUS,2011,Dette publique (% du PIB),54.9,FMI (WEO)
,MEX,2011,Dette publique (% du PIB),41.2,FMI (WEO)
,FSM,2011,Dette publique (% du PIB),28.6,FMI (WEO)
,MDA,2011,Dette publique (% du PIB),24.2,FMI (WEO)
,MNG,2011,Dette publique (% du PIB),32.7,FMI (WEO)
,MNE,2011,Dette publique (% du PIB),49.0,FMI (WEO)
,MAR,2011,Dette publique (% du PIB),48.6,FMI (WEO)
,MOZ,2011,Dette publique (% du PIB),34.2,FMI (WEO)
,MMR,2011,Dette publique (% du PIB),49.9,FMI (WEO)
,NAM,2011,Dette publique (% du PIB),27.4,FMI (WEO)
,NRU,2011,Dette publique (% du PIB),236.8,FMI (WEO)
,NPL,2011,Dette publique (% du PIB),32.4,FMI (WEO)
,NLD,2011,Dette publique (% du PIB),61.2,FMI (WEO)
,NZL,2011,Dette publique (% du PIB),34.7,FMI (WEO)
,NIC,2011,Dette publique (% du PIB),28.8,FMI (WEO)
,NGA,2011,Dette publique (% du PIB),12.4,FMI (WEO)
,MKD,2011,Dette publique (% du PIB),27.7,FMI (WEO)
,NOR,2011,Dette publique (% du PIB),28.9,FMI (WEO)
,OMN,2011,Dette publique (% du PIB),4.4,FMI (WEO)
,PAK,2011,Dette publique (% du PIB),56.2,FMI (WEO)
,PLW,2011,Dette publique (% du PIB),30.6,FMI (WEO)
,PAN,2011,Dette publique (% du PIB),35.9,FMI (WEO)
,PNG,2011,Dette publique (% du PIB),16.3,FMI (WEO)
,PRY,2011,Dette publique (% du PIB),11.1,FMI (WEO)
,PER,2011,Dette publique (% du PIB),23.1,FMI (WEO)
,PHL,2011,Dette publique (% du PIB),45.4,FMI (WEO)
,POL,2011,Dette publique (% du PIB),54.8,FMI (WEO)
,PRT,2011,Dette publique (% du PIB),114.0,FMI (WEO)
,PRI,2011,Dette publique (% du PIB),50.0,FMI (WEO)
,QAT,2011,Dette publique (% du PIB),33.5,FMI (WEO)
,COG,2011,Dette publique (% du PIB),34.4,FMI (WEO)
,ROU,2011,Dette publique (% du PIB),32.6,FMI (WEO)
,RUS,2011,Dette publique (% du PIB),10.3,FMI (WEO)
,RWA,2011,Dette publique (% du PIB),18.9,FMI (WEO)
,WSM,2011,Dette publique (% du PIB),41.5,FMI (WEO)
,SMR,2011,Dette publique (% du PIB),16.6,FMI (WEO)
,STP,2011,Dette publique (% du PIB),86.0,FMI (WEO)
,SAU,2011,Dette publique (% du PIB),5.3,FMI (WEO)
,SRB,2011,Dette publique (% du PIB),46.0,FMI (WEO)
,SYC,2011,Dette publique (% du PIB),82.5,FMI (WEO)
,SLE,2011,Dette publique (% du PIB),25.8,FMI (WEO)
,SGP,2011,Dette publique (% du PIB),103.1,FMI (WEO)
,SVK,2011,Dette publique (% du PIB),43.3,FMI (WEO)
,SVN,2011,Dette publique (% du PIB),46.8,FMI (WEO)
,SLB,2011,Dette publique (% du PIB),18.1,FMI (WEO)
,ZAF,2011,Dette publique (% du PIB),34.7,FMI (WEO)
,SSD,2011,Dette publique (% du PIB),0.0,FMI (WEO)
,ESP,2011,Dette publique (% du PIB),69.5,FMI (WEO)
,LKA,2011,Dette publique (% du PIB),69.4,FMI (WEO)
,KNA,2011,Dette publique (% du PIB),127.1,FMI (WEO)
,LCA,2011,Dette publique (% du PIB),54.9,FMI (WEO)
,VCT,2011,Dette publique (% du PIB),64.0,FMI (WEO)
,SUR,2011,Dette publique (% du PIB),18.7,FMI (WEO)
,SWE,2011,Dette publique (% du PIB),37.7,FMI (WEO)
,CHE,2011,Dette publique (% du PIB),41.2,FMI (WEO)
,TWN,2011,Dette publique (% du PIB),38.3,FMI (WEO)
,TJK,2011,Dette publique (% du PIB),35.5,FMI (WEO)
,TZA,2011,Dette publique (% du PIB),28.4,FMI (WEO)
,THA,2011,Dette publique (% du PIB),39.1,FMI (WEO)
,BHS,2011,Dette publique (% du PIB),35.3,FMI (WEO)
,GMB,2011,Dette publique (% du PIB),49.2,FMI (WEO)
,TON,2011,Dette publique (% du PIB),51.9,FMI (WEO)
,TTO,2011,Dette publique (% du PIB),39.2,FMI (WEO)
,TUN,2011,Dette publique (% du PIB),43.3,FMI (WEO)
,TUR,2011,Dette publique (% du PIB),34.8,FMI (WEO)
,TKM,2011,Dette publique (% du PIB),14.8,FMI (WEO)
,TUV,2011,Dette publique (% du PIB),19.1,FMI (WEO)
,UGA,2011,Dette publique (% du PIB),18.0,FMI (WEO)
,UKR,2011,Dette publique (% du PIB),35.5,FMI (WEO)
,ARE,2011,Dette publique (% du PIB),20.4,FMI (WEO)
,GBR,2011,Dette publique (% du PIB),81.1,FMI (WEO)
,USA,2011,Dette publique (% du PIB),100.0,FMI (WEO)
,URY,2011,Dette publique (% du PIB),41.3,FMI (WEO)
,UZB,2011,Dette publique (% du PIB),5.7,FMI (WEO)
,VUT,2011,Dette publique (% du PIB),19.3,FMI (WEO)
,VEN,2011,Dette publique (% du PIB),52.5,FMI (WEO)
,VNM,2011,Dette publique (% du PIB),36.2,FMI (WEO)
,WBG,2011,Dette publique (% du PIB),26.3,FMI (WEO)
,ZMB,2011,Dette publique (% du PIB),20.8,FMI (WEO)
,ZWE,2011,Dette publique (% du PIB),30.0,FMI (WEO)
,LIE,2011,Dette publique (% du PIB),0.4,FMI (WEO)
,ADVEC,2011,Dette publique (% du PIB),97.6,FMI (WEO)
,AFQ,2011,Dette publique (% du PIB),30.8,FMI (WEO)
,SSQ,2011,Dette publique (% du PIB),26.5,FMI (WEO)
,AS5,2011,Dette publique (% du PIB),43.5,FMI (WEO)
,APQ,2011,Dette publique (% du PIB),77.8,FMI (WEO)
,AZQ,2011,Dette publique (% du PIB),25.0,FMI (WEO)
,CBQ,2011,Dette publique (% du PIB),59.7,FMI (WEO)
,CMQ,2011,Dette publique (% du PIB),34.5,FMI (WEO)
,CAQ,2011,Dette publique (% du PIB),27.1,FMI (WEO)
,EAQ,2011,Dette publique (% du PIB),94.6,FMI (WEO)
,EEQ,2011,Dette publique (% du PIB),27.5,FMI (WEO)
,DA,2011,Dette publique (% du PIB),39.0,FMI (WEO)
,EDE,2011,Dette publique (% du PIB),27.2,FMI (WEO)
,OEMDC,2011,Dette publique (% du PIB),36.1,FMI (WEO)
,EURO,2011,Dette publique (% du PIB),87.0,FMI (WEO)
,EUQ,2011,Dette publique (% du PIB),72.5,FMI (WEO)
,EU,2011,Dette publique (% du PIB),82.5,FMI (WEO)
,WE,2011,Dette publique (% du PIB),47.5,FMI (WEO)
,MAE,2011,Dette publique (% du PIB),111.9,FMI (WEO)
,MEQ,2011,Dette publique (% du PIB),21.7,FMI (WEO)
,MECA,2011,Dette publique (% du PIB),24.1,FMI (WEO)
,NAQ,2011,Dette publique (% du PIB),43.8,FMI (WEO)
,NMQ,2011,Dette publique (% du PIB),94.4,FMI (WEO)
,OAE,2011,Dette publique (% du PIB),36.5,FMI (WEO)
,PIQ,2011,Dette publique (% du PIB),23.1,FMI (WEO)
,SMQ,2011,Dette publique (% du PIB),49.7,FMI (WEO)
,SAQ,2011,Dette publique (% du PIB),64.5,FMI (WEO)
,SEQ,2011,Dette publique (% du PIB),42.6,FMI (WEO)
,SSA,2011,Dette publique (% du PIB),24.5,FMI (WEO)
,WEQ,2011,Dette publique (% du PIB),81.9,FMI (WEO)
,WHQ,2011,Dette publique (% du PIB),85.3,FMI (WEO)
,WEOWORLD,2011,Dette publique (% du PIB),74.9,FMI (WEO)
,SDN,2012,Dette publique (% du PIB),117.7,FMI (WEO)
,AFG,2012,Dette publique (% du PIB),6.8,FMI (WEO)
,ALB,2012,Dette publique (% du PIB),62.1,FMI (WEO)
,DZA,2012,Dette publique (% du PIB),8.6,FMI (WEO)
,AND,2012,Dette publique (% du PIB),41.5,FMI (WEO)
,AGO,2012,Dette publique (% du PIB),23.8,FMI (WEO)
,ATG,2012,Dette publique (% du PIB),76.9,FMI (WEO)
,ARG,2012,Dette publique (% du PIB),40.4,FMI (WEO)
,ARM,2012,Dette publique (% du PIB),41.4,FMI (WEO)
,ABW,2012,Dette publique (% du PIB),65.5,FMI (WEO)
,AUS,2012,Dette publique (% du PIB),27.4,FMI (WEO)
,AUT,2012,Dette publique (% du PIB),82.9,FMI (WEO)
,AZE,2012,Dette publique (% du PIB),5.8,FMI (WEO)
,BHR,2012,Dette publique (% du PIB),34.8,FMI (WEO)
,BGD,2012,Dette publique (% du PIB),29.1,FMI (WEO)
,BRB,2012,Dette publique (% du PIB),103.5,FMI (WEO)
,BLR,2012,Dette publique (% du PIB),36.9,FMI (WEO)
,BEL,2012,Dette publique (% du PIB),104.3,FMI (WEO)
,BLZ,2012,Dette publique (% du PIB),63.1,FMI (WEO)
,BTN,2012,Dette publique (% du PIB),71.5,FMI (WEO)
,BOL,2012,Dette publique (% du PIB),30.7,FMI (WEO)
,BIH,2012,Dette publique (% du PIB),43.6,FMI (WEO)
,BWA,2012,Dette publique (% du PIB),26.4,FMI (WEO)
,BRA,2012,Dette publique (% du PIB),61.6,FMI (WEO)
,BRN,2012,Dette publique (% du PIB),2.1,FMI (WEO)
,BGR,2012,Dette publique (% du PIB),16.5,FMI (WEO)
,BDI,2012,Dette publique (% du PIB),41.4,FMI (WEO)
,CPV,2012,Dette publique (% du PIB),82.9,FMI (WEO)
,KHM,2012,Dette publique (% du PIB),25.0,FMI (WEO)
,CMR,2012,Dette publique (% du PIB),14.9,FMI (WEO)
,CAN,2012,Dette publique (% du PIB),87.0,FMI (WEO)
,CAF,2012,Dette publique (% du PIB),31.5,FMI (WEO)
,TCD,2012,Dette publique (% du PIB),20.0,FMI (WEO)
,CHL,2012,Dette publique (% du PIB),11.9,FMI (WEO)
,CHN,2012,Dette publique (% du PIB),33.8,FMI (WEO)
,COL,2012,Dette publique (% du PIB),34.0,FMI (WEO)
,COM,2012,Dette publique (% du PIB),25.0,FMI (WEO)
,COD,2012,Dette publique (% du PIB),7.6,FMI (WEO)
,CRI,2012,Dette publique (% du PIB),33.7,FMI (WEO)
,HRV,2012,Dette publique (% du PIB),68.9,FMI (WEO)
,CYP,2012,Dette publique (% du PIB),79.2,FMI (WEO)
,CZE,2012,Dette publique (% du PIB),43.8,FMI (WEO)
,TLS,2012,Dette publique (% du PIB),0.0,FMI (WEO)
,DNK,2012,Dette publique (% du PIB),48.7,FMI (WEO)
,DJI,2012,Dette publique (% du PIB),25.0,FMI (WEO)
,DMA,2012,Dette publique (% du PIB),73.1,FMI (WEO)
,DOM,2012,Dette publique (% du PIB),42.4,FMI (WEO)
,ECU,2012,Dette publique (% du PIB),19.3,FMI (WEO)
,EGY,2012,Dette publique (% du PIB),69.9,FMI (WEO)
,SLV,2012,Dette publique (% du PIB),70.0,FMI (WEO)
,GNQ,2012,Dette publique (% du PIB),7.1,FMI (WEO)
,ERI,2012,Dette publique (% du PIB),171.6,FMI (WEO)
,EST,2012,Dette publique (% du PIB),11.1,FMI (WEO)
,SWZ,2012,Dette publique (% du PIB),14.8,FMI (WEO)
,ETH,2012,Dette publique (% du PIB),39.4,FMI (WEO)
,FJI,2012,Dette publique (% du PIB),48.6,FMI (WEO)
,FIN,2012,Dette publique (% du PIB),57.9,FMI (WEO)
,FRA,2012,Dette publique (% du PIB),91.7,FMI (WEO)
,GAB,2012,Dette publique (% du PIB),21.4,FMI (WEO)
,GEO,2012,Dette publique (% du PIB),28.1,FMI (WEO)
,DEU,2012,Dette publique (% du PIB),79.8,FMI (WEO)
,GHA,2012,Dette publique (% du PIB),35.5,FMI (WEO)
,GRC,2012,Dette publique (% du PIB),164.3,FMI (WEO)
,GRD,2012,Dette publique (% du PIB),101.5,FMI (WEO)
,GTM,2012,Dette publique (% du PIB),24.6,FMI (WEO)
,GIN,2012,Dette publique (% du PIB),26.9,FMI (WEO)
,GUY,2012,Dette publique (% du PIB),44.7,FMI (WEO)
,HTI,2012,Dette publique (% du PIB),24.1,FMI (WEO)
,HND,2012,Dette publique (% du PIB),27.1,FMI (WEO)
,HKG,2012,Dette publique (% du PIB),0.5,FMI (WEO)
,HUN,2012,Dette publique (% du PIB),78.4,FMI (WEO)
,ISL,2012,Dette publique (% du PIB),132.2,FMI (WEO)
,IND,2012,Dette publique (% du PIB),68.1,FMI (WEO)
,IDN,2012,Dette publique (% du PIB),23.0,FMI (WEO)
,IRN,2012,Dette publique (% du PIB),11.7,FMI (WEO)
,IRQ,2012,Dette publique (% du PIB),34.8,FMI (WEO)
,IRL,2012,Dette publique (% du PIB),118.9,FMI (WEO)
,ISR,2012,Dette publique (% du PIB),66.9,FMI (WEO)
,ITA,2012,Dette publique (% du PIB),125.9,FMI (WEO)
,JAM,2012,Dette publique (% du PIB),140.3,FMI (WEO)
,JPN,2012,Dette publique (% du PIB),197.1,FMI (WEO)
,JOR,2012,Dette publique (% du PIB),64.0,FMI (WEO)
,KAZ,2012,Dette publique (% du PIB),12.1,FMI (WEO)
,KEN,2012,Dette publique (% du PIB),37.6,FMI (WEO)
,KIR,2012,Dette publique (% du PIB),8.1,FMI (WEO)
,KOR,2012,Dette publique (% du PIB),33.5,FMI (WEO)
,UVK,2012,Dette publique (% du PIB),8.6,FMI (WEO)
,KWT,2012,Dette publique (% du PIB),3.6,FMI (WEO)
,KGZ,2012,Dette publique (% du PIB),50.5,FMI (WEO)
,LAO,2012,Dette publique (% du PIB),46.1,FMI (WEO)
,LVA,2012,Dette publique (% du PIB),44.4,FMI (WEO)
,LBN,2012,Dette publique (% du PIB),131.1,FMI (WEO)
,LSO,2012,Dette publique (% du PIB),39.8,FMI (WEO)
,LBR,2012,Dette publique (% du PIB),20.5,FMI (WEO)
,LTU,2012,Dette publique (% du PIB),39.9,FMI (WEO)
,LUX,2012,Dette publique (% du PIB),20.8,FMI (WEO)
,MAC,2012,Dette publique (% du PIB),0.0,FMI (WEO)
,MDG,2012,Dette publique (% du PIB),30.4,FMI (WEO)
,MWI,2012,Dette publique (% du PIB),28.6,FMI (WEO)
,MYS,2012,Dette publique (% du PIB),53.8,FMI (WEO)
,MDV,2012,Dette publique (% du PIB),57.1,FMI (WEO)
,MLT,2012,Dette publique (% du PIB),65.6,FMI (WEO)
,MHL,2012,Dette publique (% du PIB),37.6,FMI (WEO)
,MRT,2012,Dette publique (% du PIB),39.3,FMI (WEO)
,MUS,2012,Dette publique (% du PIB),54.2,FMI (WEO)
,MEX,2012,Dette publique (% du PIB),40.8,FMI (WEO)
,FSM,2012,Dette publique (% du PIB),27.3,FMI (WEO)
,MDA,2012,Dette publique (% du PIB),31.3,FMI (WEO)
,MNG,2012,Dette publique (% du PIB),43.7,FMI (WEO)
,MNE,2012,Dette publique (% du PIB),57.1,FMI (WEO)
,MAR,2012,Dette publique (% du PIB),52.3,FMI (WEO)
,MOZ,2012,Dette publique (% du PIB),36.7,FMI (WEO)
,MMR,2012,Dette publique (% du PIB),48.0,FMI (WEO)
,NAM,2012,Dette publique (% du PIB),24.6,FMI (WEO)
,NRU,2012,Dette publique (% du PIB),157.3,FMI (WEO)
,NPL,2012,Dette publique (% du PIB),34.5,FMI (WEO)
,NLD,2012,Dette publique (% du PIB),65.7,FMI (WEO)
,NZL,2012,Dette publique (% du PIB),35.7,FMI (WEO)
,NIC,2012,Dette publique (% du PIB),27.9,FMI (WEO)
,NGA,2012,Dette publique (% du PIB),12.5,FMI (WEO)
,MKD,2012,Dette publique (% du PIB),33.7,FMI (WEO)
,NOR,2012,Dette publique (% du PIB),30.2,FMI (WEO)
,OMN,2012,Dette publique (% du PIB),4.6,FMI (WEO)
,PAK,2012,Dette publique (% du PIB),58.4,FMI (WEO)
,PLW,2012,Dette publique (% du PIB),30.8,FMI (WEO)
,PAN,2012,Dette publique (% du PIB),31.3,FMI (WEO)
,PNG,2012,Dette publique (% du PIB),19.1,FMI (WEO)
,PRY,2012,Dette publique (% du PIB),12.3,FMI (WEO)
,PER,2012,Dette publique (% du PIB),20.7,FMI (WEO)
,PHL,2012,Dette publique (% du PIB),45.7,FMI (WEO)
,POL,2012,Dette publique (% du PIB),54.5,FMI (WEO)
,PRT,2012,Dette publique (% du PIB),128.6,FMI (WEO)
,PRI,2012,Dette publique (% du PIB),53.7,FMI (WEO)
,QAT,2012,Dette publique (% du PIB),32.1,FMI (WEO)
,COG,2012,Dette publique (% du PIB),30.2,FMI (WEO)
,ROU,2012,Dette publique (% du PIB),36.2,FMI (WEO)
,RUS,2012,Dette publique (% du PIB),11.2,FMI (WEO)
,RWA,2012,Dette publique (% du PIB),19.3,FMI (WEO)
,WSM,2012,Dette publique (% du PIB),50.9,FMI (WEO)
,SMR,2012,Dette publique (% du PIB),17.2,FMI (WEO)
,STP,2012,Dette publique (% du PIB),59.6,FMI (WEO)
,SAU,2012,Dette publique (% du PIB),3.0,FMI (WEO)
,SRB,2012,Dette publique (% du PIB),58.0,FMI (WEO)
,SYC,2012,Dette publique (% du PIB),80.1,FMI (WEO)
,SLE,2012,Dette publique (% du PIB),24.1,FMI (WEO)
,SGP,2012,Dette publique (% du PIB),106.7,FMI (WEO)
,SVK,2012,Dette publique (% du PIB),51.7,FMI (WEO)
,SVN,2012,Dette publique (% du PIB),54.1,FMI (WEO)
,SLB,2012,Dette publique (% du PIB),13.3,FMI (WEO)
,ZAF,2012,Dette publique (% du PIB),37.4,FMI (WEO)
,SSD,2012,Dette publique (% du PIB),8.9,FMI (WEO)
,ESP,2012,Dette publique (% du PIB),89.6,FMI (WEO)
,LKA,2012,Dette publique (% du PIB),67.5,FMI (WEO)
,KNA,2012,Dette publique (% du PIB),118.0,FMI (WEO)
,LCA,2012,Dette publique (% du PIB),60.2,FMI (WEO)
,VCT,2012,Dette publique (% du PIB),67.8,FMI (WEO)
,SUR,2012,Dette publique (% du PIB),20.1,FMI (WEO)
,SWE,2012,Dette publique (% du PIB),38.0,FMI (WEO)
,CHE,2012,Dette publique (% du PIB),41.9,FMI (WEO)
,TWN,2012,Dette publique (% du PIB),39.2,FMI (WEO)
,TJK,2012,Dette publique (% du PIB),32.5,FMI (WEO)
,TZA,2012,Dette publique (% du PIB),30.0,FMI (WEO)
,THA,2012,Dette publique (% du PIB),41.9,FMI (WEO)
,BHS,2012,Dette publique (% du PIB),37.6,FMI (WEO)
,GMB,2012,Dette publique (% du PIB),49.5,FMI (WEO)
,TON,2012,Dette publique (% du PIB),60.0,FMI (WEO)
,TTO,2012,Dette publique (% du PIB),32.9,FMI (WEO)
,TUN,2012,Dette publique (% du PIB),49.0,FMI (WEO)
,TUR,2012,Dette publique (% du PIB),30.8,FMI (WEO)
,TKM,2012,Dette publique (% du PIB),17.9,FMI (WEO)
,TUV,2012,Dette publique (% du PIB),19.3,FMI (WEO)
,UGA,2012,Dette publique (% du PIB),19.5,FMI (WEO)
,UKR,2012,Dette publique (% du PIB),36.1,FMI (WEO)
,ARE,2012,Dette publique (% du PIB),20.2,FMI (WEO)
,GBR,2012,Dette publique (% du PIB),84.1,FMI (WEO)
,USA,2012,Dette publique (% du PIB),103.7,FMI (WEO)
,URY,2012,Dette publique (% du PIB),49.8,FMI (WEO)
,UZB,2012,Dette publique (% du PIB),6.1,FMI (WEO)
,VUT,2012,Dette publique (% du PIB),17.4,FMI (WEO)
,VEN,2012,Dette publique (% du PIB),58.4,FMI (WEO)
,VNM,2012,Dette publique (% du PIB),38.3,FMI (WEO)
,WBG,2012,Dette publique (% du PIB),29.8,FMI (WEO)
,ZMB,2012,Dette publique (% du PIB),24.9,FMI (WEO)
,ZWE,2012,Dette publique (% du PIB),27.2,FMI (WEO)
,LIE,2012,Dette publique (% du PIB),0.5,FMI (WEO)
,ADVEC,2012,Dette publique (% du PIB),101.8,FMI (WEO)
,AFQ,2012,Dette publique (% du PIB),31.5,FMI (WEO)
,SSQ,2012,Dette publique (% du PIB),26.7,FMI (WEO)
,AS5,2012,Dette publique (% du PIB),45.0,FMI (WEO)
,APQ,2012,Dette publique (% du PIB),77.8,FMI (WEO)
,AZQ,2012,Dette publique (% du PIB),28.2,FMI (WEO)
,CBQ,2012,Dette publique (% du PIB),58.8,FMI (WEO)
,CMQ,2012,Dette publique (% du PIB),36.0,FMI (WEO)
,CAQ,2012,Dette publique (% du PIB),24.6,FMI (WEO)
,EAQ,2012,Dette publique (% du PIB),93.9,FMI (WEO)
,EEQ,2012,Dette publique (% du PIB),27.4,FMI (WEO)
,DA,2012,Dette publique (% du PIB),39.0,FMI (WEO)
,EDE,2012,Dette publique (% du PIB),25.9,FMI (WEO)
,OEMDC,2012,Dette publique (% du PIB),36.1,FMI (WEO)
,EURO,2012,Dette publique (% du PIB),90.5,FMI (WEO)
,EUQ,2012,Dette publique (% du PIB),74.9,FMI (WEO)
,EU,2012,Dette publique (% du PIB),86.6,FMI (WEO)
,WE,2012,Dette publique (% du PIB),47.6,FMI (WEO)
,MAE,2012,Dette publique (% du PIB),116.0,FMI (WEO)
,MEQ,2012,Dette publique (% du PIB),21.5,FMI (WEO)
,MECA,2012,Dette publique (% du PIB),25.1,FMI (WEO)
,NAQ,2012,Dette publique (% du PIB),45.0,FMI (WEO)
,NMQ,2012,Dette publique (% du PIB),97.8,FMI (WEO)
,OAE,2012,Dette publique (% du PIB),38.0,FMI (WEO)
,PIQ,2012,Dette publique (% du PIB),24.5,FMI (WEO)
,SMQ,2012,Dette publique (% du PIB),50.0,FMI (WEO)
,SAQ,2012,Dette publique (% du PIB),64.1,FMI (WEO)
,SEQ,2012,Dette publique (% du PIB),44.0,FMI (WEO)
,SSA,2012,Dette publique (% du PIB),24.3,FMI (WEO)
,WEQ,2012,Dette publique (% du PIB),85.6,FMI (WEO)
,WHQ,2012,Dette publique (% du PIB),88.2,FMI (WEO)
,WEOWORLD,2012,Dette publique (% du PIB),76.7,FMI (WEO)
,SDN,2013,Dette publique (% du PIB),105.8,FMI (WEO)
,AFG,2013,Dette publique (% du PIB),6.9,FMI (WEO)
,ALB,2013,Dette publique (% du PIB),70.4,FMI (WEO)
,DZA,2013,Dette publique (% du PIB),6.5,FMI (WEO)
,AND,2013,Dette publique (% du PIB),42.5,FMI (WEO)
,AGO,2013,Dette publique (% du PIB),29.5,FMI (WEO)
,ATG,2013,Dette publique (% du PIB),85.4,FMI (WEO)
,ARG,2013,Dette publique (% du PIB),43.5,FMI (WEO)
,ARM,2013,Dette publique (% du PIB),40.9,FMI (WEO)
,ABW,2013,Dette publique (% du PIB),70.0,FMI (WEO)
,AUS,2013,Dette publique (% du PIB),30.3,FMI (WEO)
,AUT,2013,Dette publique (% du PIB),82.4,FMI (WEO)
,AZE,2013,Dette publique (% du PIB),6.2,FMI (WEO)
,BHR,2013,Dette publique (% du PIB),42.3,FMI (WEO)
,BGD,2013,Dette publique (% du PIB),28.3,FMI (WEO)
,BRB,2013,Dette publique (% du PIB),111.7,FMI (WEO)
,BLR,2013,Dette publique (% du PIB),36.9,FMI (WEO)
,BEL,2013,Dette publique (% du PIB),105.0,FMI (WEO)
,BLZ,2013,Dette publique (% du PIB),62.8,FMI (WEO)
,BTN,2013,Dette publique (% du PIB),87.4,FMI (WEO)
,BOL,2013,Dette publique (% du PIB),31.0,FMI (WEO)
,BIH,2013,Dette publique (% du PIB),43.8,FMI (WEO)
,BWA,2013,Dette publique (% du PIB),23.8,FMI (WEO)
,BRA,2013,Dette publique (% du PIB),59.6,FMI (WEO)
,BRN,2013,Dette publique (% du PIB),2.2,FMI (WEO)
,BGR,2013,Dette publique (% du PIB),17.2,FMI (WEO)
,BDI,2013,Dette publique (% du PIB),37.9,FMI (WEO)
,CPV,2013,Dette publique (% du PIB),93.5,FMI (WEO)
,KHM,2013,Dette publique (% du PIB),24.6,FMI (WEO)
,CMR,2013,Dette publique (% du PIB),17.5,FMI (WEO)
,CAN,2013,Dette publique (% du PIB),87.7,FMI (WEO)
,CAF,2013,Dette publique (% du PIB),51.8,FMI (WEO)
,TCD,2013,Dette publique (% du PIB),22.3,FMI (WEO)
,CHL,2013,Dette publique (% du PIB),12.8,FMI (WEO)
,CHN,2013,Dette publique (% du PIB),36.4,FMI (WEO)
,COL,2013,Dette publique (% du PIB),37.6,FMI (WEO)
,COM,2013,Dette publique (% du PIB),10.5,FMI (WEO)
,COD,2013,Dette publique (% du PIB),8.3,FMI (WEO)
,CRI,2013,Dette publique (% du PIB),35.1,FMI (WEO)
,HRV,2013,Dette publique (% du PIB),79.5,FMI (WEO)
,CYP,2013,Dette publique (% du PIB),102.7,FMI (WEO)
,CZE,2013,Dette publique (% du PIB),44.1,FMI (WEO)
,TLS,2013,Dette publique (% du PIB),0.5,FMI (WEO)
,DNK,2013,Dette publique (% du PIB),47.8,FMI (WEO)
,DJI,2013,Dette publique (% du PIB),24.6,FMI (WEO)
,DMA,2013,Dette publique (% du PIB),73.9,FMI (WEO)
,DOM,2013,Dette publique (% du PIB),46.8,FMI (WEO)
,ECU,2013,Dette publique (% du PIB),23.4,FMI (WEO)
,EGY,2013,Dette publique (% du PIB),79.8,FMI (WEO)
,SLV,2013,Dette publique (% du PIB),69.7,FMI (WEO)
,GNQ,2013,Dette publique (% du PIB),6.3,FMI (WEO)
,ERI,2013,Dette publique (% du PIB),232.4,FMI (WEO)
,EST,2013,Dette publique (% du PIB),11.4,FMI (WEO)
,SWZ,2013,Dette publique (% du PIB),15.2,FMI (WEO)
,ETH,2013,Dette publique (% du PIB),44.1,FMI (WEO)
,FJI,2013,Dette publique (% du PIB),47.4,FMI (WEO)
,FIN,2013,Dette publique (% du PIB),60.8,FMI (WEO)
,FRA,2013,Dette publique (% du PIB),94.6,FMI (WEO)
,GAB,2013,Dette publique (% du PIB),31.1,FMI (WEO)
,GEO,2013,Dette publique (% du PIB),28.9,FMI (WEO)
,DEU,2013,Dette publique (% du PIB),77.5,FMI (WEO)
,GHA,2013,Dette publique (% du PIB),42.9,FMI (WEO)
,GRC,2013,Dette publique (% du PIB),180.5,FMI (WEO)
,GRD,2013,Dette publique (% du PIB),105.4,FMI (WEO)
,GTM,2013,Dette publique (% du PIB),25.0,FMI (WEO)
,GIN,2013,Dette publique (% du PIB),30.5,FMI (WEO)
,GUY,2013,Dette publique (% du PIB),41.4,FMI (WEO)
,HTI,2013,Dette publique (% du PIB),25.1,FMI (WEO)
,HND,2013,Dette publique (% du PIB),37.3,FMI (WEO)
,HKG,2013,Dette publique (% du PIB),0.5,FMI (WEO)
,HUN,2013,Dette publique (% du PIB),77.2,FMI (WEO)
,ISL,2013,Dette publique (% du PIB),121.1,FMI (WEO)
,IND,2013,Dette publique (% du PIB),68.0,FMI (WEO)
,IDN,2013,Dette publique (% du PIB),24.9,FMI (WEO)
,IRN,2013,Dette publique (% du PIB),10.2,FMI (WEO)
,IRQ,2013,Dette publique (% du PIB),32.0,FMI (WEO)
,IRL,2013,Dette publique (% du PIB),117.7,FMI (WEO)
,ISR,2013,Dette publique (% du PIB),66.0,FMI (WEO)
,ITA,2013,Dette publique (% du PIB),131.9,FMI (WEO)
,JAM,2013,Dette publique (% du PIB),135.2,FMI (WEO)
,JPN,2013,Dette publique (% du PIB),201.2,FMI (WEO)
,JOR,2013,Dette publique (% du PIB),68.8,FMI (WEO)
,KAZ,2013,Dette publique (% du PIB),12.6,FMI (WEO)
,KEN,2013,Dette publique (% du PIB),39.8,FMI (WEO)
,KIR,2013,Dette publique (% du PIB),8.9,FMI (WEO)
,KOR,2013,Dette publique (% du PIB),36.0,FMI (WEO)
,UVK,2013,Dette publique (% du PIB),9.4,FMI (WEO)
,KWT,2013,Dette publique (% du PIB),3.1,FMI (WEO)
,KGZ,2013,Dette publique (% du PIB),47.1,FMI (WEO)
,LAO,2013,Dette publique (% du PIB),49.5,FMI (WEO)
,LVA,2013,Dette publique (% du PIB),41.8,FMI (WEO)
,LBN,2013,Dette publique (% du PIB),135.4,FMI (WEO)
,LSO,2013,Dette publique (% du PIB),41.2,FMI (WEO)
,LBR,2013,Dette publique (% du PIB),20.6,FMI (WEO)
,LTU,2013,Dette publique (% du PIB),38.9,FMI (WEO)
,LUX,2013,Dette publique (% du PIB),22.4,FMI (WEO)
,MAC,2013,Dette publique (% du PIB),0.0,FMI (WEO)
,MDG,2013,Dette publique (% du PIB),36.2,FMI (WEO)
,MWI,2013,Dette publique (% du PIB),35.3,FMI (WEO)
,MYS,2013,Dette publique (% du PIB),55.7,FMI (WEO)
,MDV,2013,Dette publique (% du PIB),55.9,FMI (WEO)
,MLT,2013,Dette publique (% du PIB),64.9,FMI (WEO)
,MHL,2013,Dette publique (% du PIB),33.4,FMI (WEO)
,MRT,2013,Dette publique (% du PIB),40.7,FMI (WEO)
,MUS,2013,Dette publique (% du PIB),56.5,FMI (WEO)
,MEX,2013,Dette publique (% du PIB),44.1,FMI (WEO)
,FSM,2013,Dette publique (% du PIB),27.9,FMI (WEO)
,MDA,2013,Dette publique (% du PIB),30.0,FMI (WEO)
,MNG,2013,Dette publique (% du PIB),49.4,FMI (WEO)
,MNE,2013,Dette publique (% du PIB),59.2,FMI (WEO)
,MAR,2013,Dette publique (% du PIB),57.1,FMI (WEO)
,MOZ,2013,Dette publique (% du PIB),49.5,FMI (WEO)
,MMR,2013,Dette publique (% du PIB),44.8,FMI (WEO)
,NAM,2013,Dette publique (% du PIB),26.1,FMI (WEO)
,NRU,2013,Dette publique (% du PIB),166.9,FMI (WEO)
,NPL,2013,Dette publique (% du PIB),31.9,FMI (WEO)
,NLD,2013,Dette publique (% du PIB),67.2,FMI (WEO)
,NZL,2013,Dette publique (% du PIB),34.6,FMI (WEO)
,NIC,2013,Dette publique (% du PIB),28.8,FMI (WEO)
,NGA,2013,Dette publique (% du PIB),13.0,FMI (WEO)
,MKD,2013,Dette publique (% du PIB),34.0,FMI (WEO)
,NOR,2013,Dette publique (% du PIB),30.6,FMI (WEO)
,OMN,2013,Dette publique (% du PIB),4.7,FMI (WEO)
,PAK,2013,Dette publique (% du PIB),59.2,FMI (WEO)
,PLW,2013,Dette publique (% du PIB),27.4,FMI (WEO)
,PAN,2013,Dette publique (% du PIB),30.8,FMI (WEO)
,PNG,2013,Dette publique (% du PIB),24.9,FMI (WEO)
,PRY,2013,Dette publique (% du PIB),13.5,FMI (WEO)
,PER,2013,Dette publique (% du PIB),19.9,FMI (WEO)
,PHL,2013,Dette publique (% du PIB),43.9,FMI (WEO)
,POL,2013,Dette publique (% du PIB),56.9,FMI (WEO)
,PRT,2013,Dette publique (% du PIB),130.8,FMI (WEO)
,PRI,2013,Dette publique (% du PIB),52.3,FMI (WEO)
,QAT,2013,Dette publique (% du PIB),30.9,FMI (WEO)
,COG,2013,Dette publique (% du PIB),33.9,FMI (WEO)
,ROU,2013,Dette publique (% du PIB),39.3,FMI (WEO)
,RUS,2013,Dette publique (% du PIB),12.3,FMI (WEO)
,RWA,2013,Dette publique (% du PIB),27.0,FMI (WEO)
,WSM,2013,Dette publique (% du PIB),54.1,FMI (WEO)
,SMR,2013,Dette publique (% du PIB),23.2,FMI (WEO)
,STP,2013,Dette publique (% du PIB),76.8,FMI (WEO)
,SAU,2013,Dette publique (% du PIB),2.1,FMI (WEO)
,SRB,2013,Dette publique (% du PIB),61.2,FMI (WEO)
,SYC,2013,Dette publique (% du PIB),68.2,FMI (WEO)
,SLE,2013,Dette publique (% du PIB),22.3,FMI (WEO)
,SGP,2013,Dette publique (% du PIB),98.2,FMI (WEO)
,SVK,2013,Dette publique (% du PIB),54.6,FMI (WEO)
,SVN,2013,Dette publique (% du PIB),70.8,FMI (WEO)
,SLB,2013,Dette publique (% du PIB),11.6,FMI (WEO)
,ZAF,2013,Dette publique (% du PIB),40.4,FMI (WEO)
,SSD,2013,Dette publique (% du PIB),17.6,FMI (WEO)
,ESP,2013,Dette publique (% du PIB),100.0,FMI (WEO)
,LKA,2013,Dette publique (% du PIB),69.5,FMI (WEO)
,KNA,2013,Dette publique (% du PIB),89.3,FMI (WEO)
,LCA,2013,Dette publique (% du PIB),61.2,FMI (WEO)
,VCT,2013,Dette publique (% du PIB),70.0,FMI (WEO)
,SUR,2013,Dette publique (% du PIB),27.9,FMI (WEO)
,SWE,2013,Dette publique (% du PIB),40.8,FMI (WEO)
,CHE,2013,Dette publique (% du PIB),41.2,FMI (WEO)
,TWN,2013,Dette publique (% du PIB),38.9,FMI (WEO)
,TJK,2013,Dette publique (% du PIB),29.3,FMI (WEO)
,TZA,2013,Dette publique (% du PIB),32.7,FMI (WEO)
,THA,2013,Dette publique (% du PIB),42.2,FMI (WEO)
,BHS,2013,Dette publique (% du PIB),44.2,FMI (WEO)
,GMB,2013,Dette publique (% du PIB),58.2,FMI (WEO)
,TON,2013,Dette publique (% du PIB),48.9,FMI (WEO)
,TTO,2013,Dette publique (% du PIB),32.9,FMI (WEO)
,TUN,2013,Dette publique (% du PIB),45.6,FMI (WEO)
,TUR,2013,Dette publique (% du PIB),29.5,FMI (WEO)
,TKM,2013,Dette publique (% du PIB),20.4,FMI (WEO)
,TUV,2013,Dette publique (% du PIB),17.8,FMI (WEO)
,UGA,2013,Dette publique (% du PIB),22.1,FMI (WEO)
,UKR,2013,Dette publique (% du PIB),39.0,FMI (WEO)
,ARE,2013,Dette publique (% du PIB),15.3,FMI (WEO)
,GBR,2013,Dette publique (% du PIB),84.9,FMI (WEO)
,USA,2013,Dette publique (% du PIB),105.0,FMI (WEO)
,URY,2013,Dette publique (% du PIB),50.0,FMI (WEO)
,UZB,2013,Dette publique (% du PIB),5.5,FMI (WEO)
,VUT,2013,Dette publique (% du PIB),16.4,FMI (WEO)
,VEN,2013,Dette publique (% du PIB),85.4,FMI (WEO)
,VNM,2013,Dette publique (% du PIB),41.4,FMI (WEO)
,WBG,2013,Dette publique (% du PIB),30.2,FMI (WEO)
,ZMB,2013,Dette publique (% du PIB),25.9,FMI (WEO)
,ZWE,2013,Dette publique (% du PIB),26.4,FMI (WEO)
,LIE,2013,Dette publique (% du PIB),0.4,FMI (WEO)
,ADVEC,2013,Dette publique (% du PIB),101.0,FMI (WEO)
,AFQ,2013,Dette publique (% du PIB),33.5,FMI (WEO)
,SSQ,2013,Dette publique (% du PIB),28.1,FMI (WEO)
,AS5,2013,Dette publique (% du PIB),45.1,FMI (WEO)
,APQ,2013,Dette publique (% du PIB),72.4,FMI (WEO)
,AZQ,2013,Dette publique (% du PIB),30.8,FMI (WEO)
,CBQ,2013,Dette publique (% du PIB),58.5,FMI (WEO)
,CMQ,2013,Dette publique (% du PIB),37.8,FMI (WEO)
,CAQ,2013,Dette publique (% du PIB),23.9,FMI (WEO)
,EAQ,2013,Dette publique (% du PIB),86.1,FMI (WEO)
,EEQ,2013,Dette publique (% du PIB),29.1,FMI (WEO)
,DA,2013,Dette publique (% du PIB),40.7,FMI (WEO)
,EDE,2013,Dette publique (% du PIB),26.8,FMI (WEO)
,OEMDC,2013,Dette publique (% du PIB),37.3,FMI (WEO)
,EURO,2013,Dette publique (% du PIB),92.4,FMI (WEO)
,EUQ,2013,Dette publique (% du PIB),76.7,FMI (WEO)
,EU,2013,Dette publique (% du PIB),88.8,FMI (WEO)
,WE,2013,Dette publique (% du PIB),48.8,FMI (WEO)
,MAE,2013,Dette publique (% du PIB),114.6,FMI (WEO)
,MEQ,2013,Dette publique (% du PIB),20.7,FMI (WEO)
,MECA,2013,Dette publique (% du PIB),25.0,FMI (WEO)
,NAQ,2013,Dette publique (% du PIB),49.5,FMI (WEO)
,NMQ,2013,Dette publique (% du PIB),99.1,FMI (WEO)
,OAE,2013,Dette publique (% du PIB),39.0,FMI (WEO)
,PIQ,2013,Dette publique (% du PIB),28.5,FMI (WEO)
,SMQ,2013,Dette publique (% du PIB),50.7,FMI (WEO)
,SAQ,2013,Dette publique (% du PIB),63.8,FMI (WEO)
,SEQ,2013,Dette publique (% du PIB),44.3,FMI (WEO)
,SSA,2013,Dette publique (% du PIB),26.0,FMI (WEO)
,WEQ,2013,Dette publique (% du PIB),87.4,FMI (WEO)
,WHQ,2013,Dette publique (% du PIB),89.7,FMI (WEO)
,WEOWORLD,2013,Dette publique (% du PIB),75.9,FMI (WEO)
,SDN,2014,Dette publique (% du PIB),84.4,FMI (WEO)
,AFG,2014,Dette publique (% du PIB),8.7,FMI (WEO)
,ALB,2014,Dette publique (% du PIB),72.0,FMI (WEO)
,DZA,2014,Dette publique (% du PIB),6.9,FMI (WEO)
,AND,2014,Dette publique (% du PIB),42.0,FMI (WEO)
,AGO,2014,Dette publique (% du PIB),35.3,FMI (WEO)
,ATG,2014,Dette publique (% du PIB),91.9,FMI (WEO)
,ARG,2014,Dette publique (% du PIB),44.7,FMI (WEO)
,ARM,2014,Dette publique (% du PIB),43.7,FMI (WEO)
,ABW,2014,Dette publique (% du PIB),77.7,FMI (WEO)
,AUS,2014,Dette publique (% du PIB),33.9,FMI (WEO)
,AUT,2014,Dette publique (% du PIB),85.2,FMI (WEO)
,AZE,2014,Dette publique (% du PIB),8.5,FMI (WEO)
,BHR,2014,Dette publique (% du PIB),42.6,FMI (WEO)
,BGD,2014,Dette publique (% du PIB),28.7,FMI (WEO)
,BRB,2014,Dette publique (% du PIB),115.1,FMI (WEO)
,BLR,2014,Dette publique (% du PIB),38.8,FMI (WEO)
,BEL,2014,Dette publique (% du PIB),106.6,FMI (WEO)
,BLZ,2014,Dette publique (% du PIB),61.5,FMI (WEO)
,BTN,2014,Dette publique (% du PIB),89.8,FMI (WEO)
,BOL,2014,Dette publique (% du PIB),31.8,FMI (WEO)
,BIH,2014,Dette publique (% du PIB),47.1,FMI (WEO)
,BWA,2014,Dette publique (% du PIB),23.9,FMI (WEO)
,BRA,2014,Dette publique (% du PIB),61.6,FMI (WEO)
,BRN,2014,Dette publique (% du PIB),3.2,FMI (WEO)
,BGR,2014,Dette publique (% du PIB),26.3,FMI (WEO)
,BDI,2014,Dette publique (% du PIB),38.0,FMI (WEO)
,CPV,2014,Dette publique (% du PIB),105.7,FMI (WEO)
,KHM,2014,Dette publique (% du PIB),24.0,FMI (WEO)
,CMR,2014,Dette publique (% du PIB),20.7,FMI (WEO)
,CAN,2014,Dette publique (% du PIB),85.8,FMI (WEO)
,CAF,2014,Dette publique (% du PIB),57.5,FMI (WEO)
,TCD,2014,Dette publique (% du PIB),29.4,FMI (WEO)
,CHL,2014,Dette publique (% du PIB),15.0,FMI (WEO)
,CHN,2014,Dette publique (% du PIB),39.3,FMI (WEO)
,COL,2014,Dette publique (% du PIB),43.3,FMI (WEO)
,COM,2014,Dette publique (% du PIB),12.0,FMI (WEO)
,COD,2014,Dette publique (% du PIB),8.7,FMI (WEO)
,CRI,2014,Dette publique (% du PIB),37.4,FMI (WEO)
,HRV,2014,Dette publique (% du PIB),83.2,FMI (WEO)
,CYP,2014,Dette publique (% du PIB),113.0,FMI (WEO)
,CZE,2014,Dette publique (% du PIB),41.5,FMI (WEO)
,TLS,2014,Dette publique (% du PIB),1.5,FMI (WEO)
,DNK,2014,Dette publique (% du PIB),48.7,FMI (WEO)
,DJI,2014,Dette publique (% du PIB),26.9,FMI (WEO)
,DMA,2014,Dette publique (% du PIB),71.3,FMI (WEO)
,DOM,2014,Dette publique (% du PIB),45.0,FMI (WEO)
,ECU,2014,Dette publique (% du PIB),28.2,FMI (WEO)
,EGY,2014,Dette publique (% du PIB),80.9,FMI (WEO)
,SLV,2014,Dette publique (% du PIB),71.8,FMI (WEO)
,GNQ,2014,Dette publique (% du PIB),12.6,FMI (WEO)
,ERI,2014,Dette publique (% du PIB),204.5,FMI (WEO)
,EST,2014,Dette publique (% du PIB),11.6,FMI (WEO)
,SWZ,2014,Dette publique (% du PIB),14.1,FMI (WEO)
,ETH,2014,Dette publique (% du PIB),44.2,FMI (WEO)
,FJI,2014,Dette publique (% du PIB),46.2,FMI (WEO)
,FIN,2014,Dette publique (% du PIB),64.8,FMI (WEO)
,FRA,2014,Dette publique (% du PIB),96.2,FMI (WEO)
,GAB,2014,Dette publique (% du PIB),34.1,FMI (WEO)
,GEO,2014,Dette publique (% du PIB),30.3,FMI (WEO)
,DEU,2014,Dette publique (% du PIB),74.5,FMI (WEO)
,GHA,2014,Dette publique (% du PIB),50.1,FMI (WEO)
,GRC,2014,Dette publique (% du PIB),182.8,FMI (WEO)
,GRD,2014,Dette publique (% du PIB),99.3,FMI (WEO)
,GTM,2014,Dette publique (% du PIB),24.7,FMI (WEO)
,GIN,2014,Dette publique (% du PIB),32.1,FMI (WEO)
,GUY,2014,Dette publique (% du PIB),38.7,FMI (WEO)
,HTI,2014,Dette publique (% du PIB),21.4,FMI (WEO)
,HND,2014,Dette publique (% du PIB),35.2,FMI (WEO)
,HKG,2014,Dette publique (% du PIB),0.1,FMI (WEO)
,HUN,2014,Dette publique (% du PIB),76.5,FMI (WEO)
,ISL,2014,Dette publique (% du PIB),114.1,FMI (WEO)
,IND,2014,Dette publique (% du PIB),67.6,FMI (WEO)
,IDN,2014,Dette publique (% du PIB),24.6,FMI (WEO)
,IRN,2014,Dette publique (% du PIB),10.9,FMI (WEO)
,IRQ,2014,Dette publique (% du PIB),27.6,FMI (WEO)
,IRL,2014,Dette publique (% du PIB),101.4,FMI (WEO)
,ISR,2014,Dette publique (% du PIB),65.8,FMI (WEO)
,ITA,2014,Dette publique (% du PIB),134.8,FMI (WEO)
,JAM,2014,Dette publique (% du PIB),134.4,FMI (WEO)
,JPN,2014,Dette publique (% du PIB),203.6,FMI (WEO)
,JOR,2014,Dette publique (% du PIB),68.2,FMI (WEO)
,KAZ,2014,Dette publique (% du PIB),14.5,FMI (WEO)
,KEN,2014,Dette publique (% du PIB),41.3,FMI (WEO)
,KIR,2014,Dette publique (% du PIB),9.0,FMI (WEO)
,KOR,2014,Dette publique (% du PIB),37.9,FMI (WEO)
,UVK,2014,Dette publique (% du PIB),11.2,FMI (WEO)
,KWT,2014,Dette publique (% du PIB),3.4,FMI (WEO)
,KGZ,2014,Dette publique (% du PIB),53.6,FMI (WEO)
,LAO,2014,Dette publique (% du PIB),53.5,FMI (WEO)
,LVA,2014,Dette publique (% du PIB),43.1,FMI (WEO)
,LBN,2014,Dette publique (% du PIB),138.5,FMI (WEO)
,LSO,2014,Dette publique (% du PIB),41.5,FMI (WEO)
,LBR,2014,Dette publique (% du PIB),24.3,FMI (WEO)
,LTU,2014,Dette publique (% du PIB),40.7,FMI (WEO)
,LUX,2014,Dette publique (% du PIB),21.9,FMI (WEO)
,MAC,2014,Dette publique (% du PIB),0.0,FMI (WEO)
,MDG,2014,Dette publique (% du PIB),37.8,FMI (WEO)
,MWI,2014,Dette publique (% du PIB),33.5,FMI (WEO)
,MYS,2014,Dette publique (% du PIB),55.4,FMI (WEO)
,MDV,2014,Dette publique (% du PIB),55.1,FMI (WEO)
,MLT,2014,Dette publique (% du PIB),60.7,FMI (WEO)
,MHL,2014,Dette publique (% du PIB),34.9,FMI (WEO)
,MRT,2014,Dette publique (% du PIB),49.5,FMI (WEO)
,MUS,2014,Dette publique (% du PIB),59.1,FMI (WEO)
,MEX,2014,Dette publique (% du PIB),47.1,FMI (WEO)
,FSM,2014,Dette publique (% du PIB),28.4,FMI (WEO)
,MDA,2014,Dette publique (% du PIB),35.4,FMI (WEO)
,MNG,2014,Dette publique (% du PIB),44.0,FMI (WEO)
,MNE,2014,Dette publique (% du PIB),63.6,FMI (WEO)
,MAR,2014,Dette publique (% du PIB),58.6,FMI (WEO)
,MOZ,2014,Dette publique (% du PIB),63.4,FMI (WEO)
,MMR,2014,Dette publique (% du PIB),34.5,FMI (WEO)
,NAM,2014,Dette publique (% du PIB),27.6,FMI (WEO)
,NRU,2014,Dette publique (% du PIB),147.7,FMI (WEO)
,NPL,2014,Dette publique (% du PIB),27.6,FMI (WEO)
,NLD,2014,Dette publique (% du PIB),67.2,FMI (WEO)
,NZL,2014,Dette publique (% du PIB),34.2,FMI (WEO)
,NIC,2014,Dette publique (% du PIB),28.7,FMI (WEO)
,NGA,2014,Dette publique (% du PIB),15.8,FMI (WEO)
,MKD,2014,Dette publique (% du PIB),38.0,FMI (WEO)
,NOR,2014,Dette publique (% du PIB),28.8,FMI (WEO)
,OMN,2014,Dette publique (% du PIB),4.0,FMI (WEO)
,PAK,2014,Dette publique (% du PIB),58.8,FMI (WEO)
,PLW,2014,Dette publique (% du PIB),27.5,FMI (WEO)
,PAN,2014,Dette publique (% du PIB),32.9,FMI (WEO)
,PNG,2014,Dette publique (% du PIB),26.9,FMI (WEO)
,PRY,2014,Dette publique (% du PIB),15.6,FMI (WEO)
,PER,2014,Dette publique (% du PIB),20.5,FMI (WEO)
,PHL,2014,Dette publique (% du PIB),40.3,FMI (WEO)
,POL,2014,Dette publique (% du PIB),51.1,FMI (WEO)
,PRT,2014,Dette publique (% du PIB),132.5,FMI (WEO)
,PRI,2014,Dette publique (% du PIB),54.5,FMI (WEO)
,QAT,2014,Dette publique (% du PIB),24.9,FMI (WEO)
,COG,2014,Dette publique (% du PIB),42.3,FMI (WEO)
,ROU,2014,Dette publique (% du PIB),40.5,FMI (WEO)
,RUS,2014,Dette publique (% du PIB),15.1,FMI (WEO)
,RWA,2014,Dette publique (% du PIB),29.5,FMI (WEO)
,WSM,2014,Dette publique (% du PIB),54.9,FMI (WEO)
,SMR,2014,Dette publique (% du PIB),21.0,FMI (WEO)
,STP,2014,Dette publique (% du PIB),92.5,FMI (WEO)
,SAU,2014,Dette publique (% du PIB),1.5,FMI (WEO)
,SRB,2014,Dette publique (% du PIB),63.5,FMI (WEO)
,SYC,2014,Dette publique (% du PIB),70.4,FMI (WEO)
,SLE,2014,Dette publique (% du PIB),26.8,FMI (WEO)
,SGP,2014,Dette publique (% du PIB),97.7,FMI (WEO)
,SVK,2014,Dette publique (% du PIB),53.4,FMI (WEO)
,SVN,2014,Dette publique (% du PIB),81.1,FMI (WEO)
,SLB,2014,Dette publique (% du PIB),10.1,FMI (WEO)
,ZAF,2014,Dette publique (% du PIB),43.3,FMI (WEO)
,SSD,2014,Dette publique (% du PIB),39.6,FMI (WEO)
,ESP,2014,Dette publique (% du PIB),104.4,FMI (WEO)
,LKA,2014,Dette publique (% du PIB),69.6,FMI (WEO)
,KNA,2014,Dette publique (% du PIB),67.9,FMI (WEO)
,LCA,2014,Dette publique (% du PIB),61.9,FMI (WEO)
,VCT,2014,Dette publique (% du PIB),75.1,FMI (WEO)
,SUR,2014,Dette publique (% du PIB),25.2,FMI (WEO)
,SWE,2014,Dette publique (% du PIB),45.7,FMI (WEO)
,CHE,2014,Dette publique (% du PIB),41.2,FMI (WEO)
,TWN,2014,Dette publique (% du PIB),37.5,FMI (WEO)
,TJK,2014,Dette publique (% du PIB),27.9,FMI (WEO)
,TZA,2014,Dette publique (% du PIB),36.4,FMI (WEO)
,THA,2014,Dette publique (% du PIB),43.3,FMI (WEO)
,BHS,2014,Dette publique (% du PIB),47.7,FMI (WEO)
,GMB,2014,Dette publique (% du PIB),71.1,FMI (WEO)
,TON,2014,Dette publique (% du PIB),47.4,FMI (WEO)
,TTO,2014,Dette publique (% du PIB),37.1,FMI (WEO)
,TUN,2014,Dette publique (% du PIB),50.7,FMI (WEO)
,TUR,2014,Dette publique (% du PIB),27.4,FMI (WEO)
,TKM,2014,Dette publique (% du PIB),16.0,FMI (WEO)
,TUV,2014,Dette publique (% du PIB),16.4,FMI (WEO)
,UGA,2014,Dette publique (% du PIB),24.8,FMI (WEO)
,UKR,2014,Dette publique (% du PIB),70.3,FMI (WEO)
,ARE,2014,Dette publique (% du PIB),13.5,FMI (WEO)
,GBR,2014,Dette publique (% du PIB),86.5,FMI (WEO)
,USA,2014,Dette publique (% du PIB),104.9,FMI (WEO)
,URY,2014,Dette publique (% du PIB),51.1,FMI (WEO)
,UZB,2014,Dette publique (% du PIB),5.4,FMI (WEO)
,VUT,2014,Dette publique (% du PIB),17.8,FMI (WEO)
,VEN,2014,Dette publique (% du PIB),84.9,FMI (WEO)
,VNM,2014,Dette publique (% du PIB),43.6,FMI (WEO)
,WBG,2014,Dette publique (% du PIB),34.0,FMI (WEO)
,ZMB,2014,Dette publique (% du PIB),33.9,FMI (WEO)
,ZWE,2014,Dette publique (% du PIB),29.2,FMI (WEO)
,LIE,2014,Dette publique (% du PIB),0.5,FMI (WEO)
,ADVEC,2014,Dette publique (% du PIB),100.7,FMI (WEO)
,AFQ,2014,Dette publique (% du PIB),35.7,FMI (WEO)
,SSQ,2014,Dette publique (% du PIB),30.5,FMI (WEO)
,AS5,2014,Dette publique (% du PIB),45.1,FMI (WEO)
,APQ,2014,Dette publique (% du PIB),71.3,FMI (WEO)
,AZQ,2014,Dette publique (% du PIB),33.9,FMI (WEO)
,CBQ,2014,Dette publique (% du PIB),58.8,FMI (WEO)
,CMQ,2014,Dette publique (% du PIB),38.0,FMI (WEO)
,CAQ,2014,Dette publique (% du PIB),22.7,FMI (WEO)
,EAQ,2014,Dette publique (% du PIB),83.8,FMI (WEO)
,EEQ,2014,Dette publique (% du PIB),32.4,FMI (WEO)
,DA,2014,Dette publique (% du PIB),42.7,FMI (WEO)
,EDE,2014,Dette publique (% du PIB),29.0,FMI (WEO)
,OEMDC,2014,Dette publique (% du PIB),39.2,FMI (WEO)
,EURO,2014,Dette publique (% du PIB),92.7,FMI (WEO)
,EUQ,2014,Dette publique (% du PIB),78.6,FMI (WEO)
,EU,2014,Dette publique (% du PIB),89.1,FMI (WEO)
,WE,2014,Dette publique (% du PIB),50.8,FMI (WEO)
,MAE,2014,Dette publique (% du PIB),113.7,FMI (WEO)
,MEQ,2014,Dette publique (% du PIB),19.8,FMI (WEO)
,MECA,2014,Dette publique (% du PIB),24.6,FMI (WEO)
,NAQ,2014,Dette publique (% du PIB),50.9,FMI (WEO)
,NMQ,2014,Dette publique (% du PIB),99.3,FMI (WEO)
,OAE,2014,Dette publique (% du PIB),40.3,FMI (WEO)
,PIQ,2014,Dette publique (% du PIB),29.7,FMI (WEO)
,SMQ,2014,Dette publique (% du PIB),52.6,FMI (WEO)
,SAQ,2014,Dette publique (% du PIB),63.3,FMI (WEO)
,SEQ,2014,Dette publique (% du PIB),44.3,FMI (WEO)
,SSA,2014,Dette publique (% du PIB),28.9,FMI (WEO)
,WEQ,2014,Dette publique (% du PIB),88.1,FMI (WEO)
,WHQ,2014,Dette publique (% du PIB),90.5,FMI (WEO)
,WEOWORLD,2014,Dette publique (% du PIB),76.3,FMI (WEO)
,SDN,2015,Dette publique (% du PIB),93.2,FMI (WEO)
,AFG,2015,Dette publique (% du PIB),9.2,FMI (WEO)
,ALB,2015,Dette publique (% du PIB),73.7,FMI (WEO)
,DZA,2015,Dette publique (% du PIB),7.7,FMI (WEO)
,AND,2015,Dette publique (% du PIB),41.0,FMI (WEO)
,AGO,2015,Dette publique (% du PIB),50.4,FMI (WEO)
,ATG,2015,Dette publique (% du PIB),92.1,FMI (WEO)
,ARG,2015,Dette publique (% du PIB),52.6,FMI (WEO)
,ARM,2015,Dette publique (% du PIB),48.7,FMI (WEO)
,ABW,2015,Dette publique (% du PIB),74.2,FMI (WEO)
,AUS,2015,Dette publique (% du PIB),37.6,FMI (WEO)
,AUT,2015,Dette publique (% du PIB),85.6,FMI (WEO)
,AZE,2015,Dette publique (% du PIB),18.0,FMI (WEO)
,BHR,2015,Dette publique (% du PIB),63.2,FMI (WEO)
,BGD,2015,Dette publique (% du PIB),28.2,FMI (WEO)
,BRB,2015,Dette publique (% du PIB),122.5,FMI (WEO)
,BLR,2015,Dette publique (% du PIB),53.0,FMI (WEO)
,BEL,2015,Dette publique (% du PIB),105.6,FMI (WEO)
,BLZ,2015,Dette publique (% du PIB),65.1,FMI (WEO)
,BTN,2015,Dette publique (% du PIB),90.2,FMI (WEO)
,BOL,2015,Dette publique (% du PIB),34.0,FMI (WEO)
,BIH,2015,Dette publique (% du PIB),46.4,FMI (WEO)
,BWA,2015,Dette publique (% du PIB),24.5,FMI (WEO)
,BRA,2015,Dette publique (% du PIB),71.7,FMI (WEO)
,BRN,2015,Dette publique (% du PIB),3.0,FMI (WEO)
,BGR,2015,Dette publique (% du PIB),25.4,FMI (WEO)
,BDI,2015,Dette publique (% du PIB),39.9,FMI (WEO)
,CPV,2015,Dette publique (% du PIB),115.7,FMI (WEO)
,KHM,2015,Dette publique (% du PIB),23.4,FMI (WEO)
,CMR,2015,Dette publique (% du PIB),31.6,FMI (WEO)
,CAN,2015,Dette publique (% du PIB),92.3,FMI (WEO)
,CAF,2015,Dette publique (% du PIB),54.4,FMI (WEO)
,TCD,2015,Dette publique (% du PIB),31.3,FMI (WEO)
,CHL,2015,Dette publique (% du PIB),17.4,FMI (WEO)
,CHN,2015,Dette publique (% du PIB),40.8,FMI (WEO)
,COL,2015,Dette publique (% du PIB),50.4,FMI (WEO)
,COM,2015,Dette publique (% du PIB),13.6,FMI (WEO)
,COD,2015,Dette publique (% du PIB),10.2,FMI (WEO)
,CRI,2015,Dette publique (% du PIB),39.8,FMI (WEO)
,HRV,2015,Dette publique (% du PIB),82.8,FMI (WEO)
,CYP,2015,Dette publique (% du PIB),111.6,FMI (WEO)
,CZE,2015,Dette publique (% du PIB),39.5,FMI (WEO)
,TLS,2015,Dette publique (% du PIB),2.9,FMI (WEO)
,DNK,2015,Dette publique (% du PIB),44.6,FMI (WEO)
,DJI,2015,Dette publique (% du PIB),40.3,FMI (WEO)
,DMA,2015,Dette publique (% du PIB),68.2,FMI (WEO)
,DOM,2015,Dette publique (% du PIB),44.8,FMI (WEO)
,ECU,2015,Dette publique (% du PIB),36.4,FMI (WEO)
,EGY,2015,Dette publique (% du PIB),83.8,FMI (WEO)
,SLV,2015,Dette publique (% du PIB),73.5,FMI (WEO)
,GNQ,2015,Dette publique (% du PIB),31.7,FMI (WEO)
,ERI,2015,Dette publique (% du PIB),271.4,FMI (WEO)
,EST,2015,Dette publique (% du PIB),10.8,FMI (WEO)
,SWZ,2015,Dette publique (% du PIB),16.0,FMI (WEO)
,ETH,2015,Dette publique (% du PIB),50.7,FMI (WEO)
,FJI,2015,Dette publique (% du PIB),44.3,FMI (WEO)
,FIN,2015,Dette publique (% du PIB),68.8,FMI (WEO)
,FRA,2015,Dette publique (% du PIB),97.0,FMI (WEO)
,GAB,2015,Dette publique (% du PIB),44.7,FMI (WEO)
,GEO,2015,Dette publique (% du PIB),36.0,FMI (WEO)
,DEU,2015,Dette publique (% du PIB),71.2,FMI (WEO)
,GHA,2015,Dette publique (% du PIB),53.9,FMI (WEO)
,GRC,2015,Dette publique (% du PIB),180.0,FMI (WEO)
,GRD,2015,Dette publique (% du PIB),90.1,FMI (WEO)
,GTM,2015,Dette publique (% du PIB),24.8,FMI (WEO)
,GIN,2015,Dette publique (% du PIB),41.5,FMI (WEO)
,GUY,2015,Dette publique (% du PIB),42.2,FMI (WEO)
,HTI,2015,Dette publique (% du PIB),23.9,FMI (WEO)
,HND,2015,Dette publique (% du PIB),38.3,FMI (WEO)
,HKG,2015,Dette publique (% du PIB),0.1,FMI (WEO)
,HUN,2015,Dette publique (% du PIB),75.7,FMI (WEO)
,ISL,2015,Dette publique (% du PIB),96.3,FMI (WEO)
,IND,2015,Dette publique (% du PIB),69.8,FMI (WEO)
,IDN,2015,Dette publique (% du PIB),27.0,FMI (WEO)
,IRN,2015,Dette publique (% du PIB),32.1,FMI (WEO)
,IRQ,2015,Dette publique (% du PIB),48.3,FMI (WEO)
,IRL,2015,Dette publique (% du PIB),74.0,FMI (WEO)
,ISR,2015,Dette publique (% du PIB),62.8,FMI (WEO)
,ITA,2015,Dette publique (% du PIB),134.8,FMI (WEO)
,JAM,2015,Dette publique (% du PIB),115.9,FMI (WEO)
,JPN,2015,Dette publique (% du PIB),200.1,FMI (WEO)
,JOR,2015,Dette publique (% du PIB),71.4,FMI (WEO)
,KAZ,2015,Dette publique (% du PIB),21.9,FMI (WEO)
,KEN,2015,Dette publique (% du PIB),45.8,FMI (WEO)
,KIR,2015,Dette publique (% du PIB),18.8,FMI (WEO)
,KOR,2015,Dette publique (% du PIB),38.8,FMI (WEO)
,UVK,2015,Dette publique (% du PIB),13.4,FMI (WEO)
,KWT,2015,Dette publique (% du PIB),4.6,FMI (WEO)
,KGZ,2015,Dette publique (% du PIB),67.1,FMI (WEO)
,LAO,2015,Dette publique (% du PIB),53.1,FMI (WEO)
,LVA,2015,Dette publique (% du PIB),38.3,FMI (WEO)
,LBN,2015,Dette publique (% du PIB),140.9,FMI (WEO)
,LSO,2015,Dette publique (% du PIB),45.8,FMI (WEO)
,LBR,2015,Dette publique (% du PIB),24.4,FMI (WEO)
,LTU,2015,Dette publique (% du PIB),42.4,FMI (WEO)
,LUX,2015,Dette publique (% du PIB),21.1,FMI (WEO)
,MAC,2015,Dette publique (% du PIB),0.0,FMI (WEO)
,MDG,2015,Dette publique (% du PIB),44.1,FMI (WEO)
,MWI,2015,Dette publique (% du PIB),35.5,FMI (WEO)
,MYS,2015,Dette publique (% du PIB),57.0,FMI (WEO)
,MDV,2015,Dette publique (% du PIB),54.8,FMI (WEO)
,MLT,2015,Dette publique (% du PIB),55.0,FMI (WEO)
,MHL,2015,Dette publique (% du PIB),33.9,FMI (WEO)
,MRT,2015,Dette publique (% du PIB),59.9,FMI (WEO)
,MUS,2015,Dette publique (% du PIB),63.0,FMI (WEO)
,MEX,2015,Dette publique (% du PIB),51.0,FMI (WEO)
,FSM,2015,Dette publique (% du PIB),26.0,FMI (WEO)
,MDA,2015,Dette publique (% du PIB),42.1,FMI (WEO)
,MNG,2015,Dette publique (% du PIB),50.5,FMI (WEO)
,MNE,2015,Dette publique (% du PIB),69.5,FMI (WEO)
,MAR,2015,Dette publique (% du PIB),58.4,FMI (WEO)
,MOZ,2015,Dette publique (% du PIB),86.0,FMI (WEO)
,MMR,2015,Dette publique (% du PIB),36.6,FMI (WEO)
,NAM,2015,Dette publique (% du PIB),42.1,FMI (WEO)
,NRU,2015,Dette publique (% du PIB),113.0,FMI (WEO)
,NPL,2015,Dette publique (% du PIB),25.7,FMI (WEO)
,NLD,2015,Dette publique (% du PIB),63.8,FMI (WEO)
,NZL,2015,Dette publique (% du PIB),34.2,FMI (WEO)
,NIC,2015,Dette publique (% du PIB),28.9,FMI (WEO)
,NGA,2015,Dette publique (% du PIB),14.9,FMI (WEO)
,MKD,2015,Dette publique (% du PIB),38.0,FMI (WEO)
,NOR,2015,Dette publique (% du PIB),33.2,FMI (WEO)
,OMN,2015,Dette publique (% du PIB),13.9,FMI (WEO)
,PAK,2015,Dette publique (% du PIB),59.1,FMI (WEO)
,PLW,2015,Dette publique (% du PIB),21.7,FMI (WEO)
,PAN,2015,Dette publique (% du PIB),34.1,FMI (WEO)
,PNG,2015,Dette publique (% du PIB),29.9,FMI (WEO)
,PRY,2015,Dette publique (% du PIB),18.6,FMI (WEO)
,PER,2015,Dette publique (% du PIB),23.7,FMI (WEO)
,PHL,2015,Dette publique (% du PIB),39.7,FMI (WEO)
,POL,2015,Dette publique (% du PIB),51.1,FMI (WEO)
,PRT,2015,Dette publique (% du PIB),131.0,FMI (WEO)
,PRI,2015,Dette publique (% du PIB),52.7,FMI (WEO)
,QAT,2015,Dette publique (% du PIB),35.5,FMI (WEO)
,COG,2015,Dette publique (% du PIB),74.2,FMI (WEO)
,ROU,2015,Dette publique (% du PIB),39.4,FMI (WEO)
,RUS,2015,Dette publique (% du PIB),15.3,FMI (WEO)
,RWA,2015,Dette publique (% du PIB),33.5,FMI (WEO)
,WSM,2015,Dette publique (% du PIB),56.4,FMI (WEO)
,SMR,2015,Dette publique (% du PIB),19.3,FMI (WEO)
,STP,2015,Dette publique (% du PIB),101.1,FMI (WEO)
,SAU,2015,Dette publique (% du PIB),5.5,FMI (WEO)
,SRB,2015,Dette publique (% du PIB),67.1,FMI (WEO)
,SYC,2015,Dette publique (% du PIB),75.4,FMI (WEO)
,SLE,2015,Dette publique (% du PIB),28.4,FMI (WEO)
,SGP,2015,Dette publique (% du PIB),102.1,FMI (WEO)
,SVK,2015,Dette publique (% du PIB),51.6,FMI (WEO)
,SVN,2015,Dette publique (% du PIB),83.4,FMI (WEO)
,SLB,2015,Dette publique (% du PIB),7.9,FMI (WEO)
,ZAF,2015,Dette publique (% du PIB),45.2,FMI (WEO)
,SSD,2015,Dette publique (% du PIB),58.2,FMI (WEO)
,ESP,2015,Dette publique (% du PIB),102.4,FMI (WEO)
,LKA,2015,Dette publique (% du PIB),76.3,FMI (WEO)
,KNA,2015,Dette publique (% du PIB),62.2,FMI (WEO)
,LCA,2015,Dette publique (% du PIB),60.6,FMI (WEO)
,VCT,2015,Dette publique (% du PIB),76.0,FMI (WEO)
,SUR,2015,Dette publique (% du PIB),41.2,FMI (WEO)
,SWE,2015,Dette publique (% du PIB),44.5,FMI (WEO)
,CHE,2015,Dette publique (% du PIB),41.4,FMI (WEO)
,TWN,2015,Dette publique (% du PIB),35.9,FMI (WEO)
,TJK,2015,Dette publique (% du PIB),35.0,FMI (WEO)
,TZA,2015,Dette publique (% du PIB),39.5,FMI (WEO)
,THA,2015,Dette publique (% du PIB),42.6,FMI (WEO)
,BHS,2015,Dette publique (% du PIB),49.9,FMI (WEO)
,GMB,2015,Dette publique (% du PIB),69.4,FMI (WEO)
,TON,2015,Dette publique (% du PIB),51.1,FMI (WEO)
,TTO,2015,Dette publique (% du PIB),43.2,FMI (WEO)
,TUN,2015,Dette publique (% du PIB),52.4,FMI (WEO)
,TUR,2015,Dette publique (% du PIB),26.5,FMI (WEO)
,TKM,2015,Dette publique (% du PIB),19.0,FMI (WEO)
,TUV,2015,Dette publique (% du PIB),14.4,FMI (WEO)
,UGA,2015,Dette publique (% du PIB),28.0,FMI (WEO)
,UKR,2015,Dette publique (% du PIB),79.3,FMI (WEO)
,ARE,2015,Dette publique (% du PIB),15.6,FMI (WEO)
,GBR,2015,Dette publique (% du PIB),87.3,FMI (WEO)
,USA,2015,Dette publique (% du PIB),105.4,FMI (WEO)
,URY,2015,Dette publique (% du PIB),57.8,FMI (WEO)
,UZB,2015,Dette publique (% du PIB),5.9,FMI (WEO)
,VUT,2015,Dette publique (% du PIB),32.2,FMI (WEO)
,VEN,2015,Dette publique (% du PIB),129.8,FMI (WEO)
,VNM,2015,Dette publique (% du PIB),46.1,FMI (WEO)
,WBG,2015,Dette publique (% du PIB),37.1,FMI (WEO)
,ZMB,2015,Dette publique (% du PIB),61.9,FMI (WEO)
,ZWE,2015,Dette publique (% du PIB),34.1,FMI (WEO)
,LIE,2015,Dette publique (% du PIB),0.5,FMI (WEO)
,ADVEC,2015,Dette publique (% du PIB),100.6,FMI (WEO)
,AFQ,2015,Dette publique (% du PIB),40.9,FMI (WEO)
,SSQ,2015,Dette publique (% du PIB),35.1,FMI (WEO)
,AS5,2015,Dette publique (% du PIB),46.5,FMI (WEO)
,APQ,2015,Dette publique (% du PIB),69.6,FMI (WEO)
,AZQ,2015,Dette publique (% du PIB),37.2,FMI (WEO)
,CBQ,2015,Dette publique (% du PIB),60.7,FMI (WEO)
,CMQ,2015,Dette publique (% du PIB),38.9,FMI (WEO)
,CAQ,2015,Dette publique (% du PIB),24.0,FMI (WEO)
,EAQ,2015,Dette publique (% du PIB),79.4,FMI (WEO)
,EEQ,2015,Dette publique (% du PIB),35.1,FMI (WEO)
,DA,2015,Dette publique (% du PIB),44.1,FMI (WEO)
,EDE,2015,Dette publique (% du PIB),30.8,FMI (WEO)
,OEMDC,2015,Dette publique (% du PIB),42.9,FMI (WEO)
,EURO,2015,Dette publique (% du PIB),90.7,FMI (WEO)
,EUQ,2015,Dette publique (% du PIB),78.9,FMI (WEO)
,EU,2015,Dette publique (% du PIB),87.0,FMI (WEO)
,WE,2015,Dette publique (% du PIB),56.6,FMI (WEO)
,MAE,2015,Dette publique (% du PIB),113.2,FMI (WEO)
,MEQ,2015,Dette publique (% du PIB),28.8,FMI (WEO)
,MECA,2015,Dette publique (% du PIB),33.8,FMI (WEO)
,NAQ,2015,Dette publique (% du PIB),57.1,FMI (WEO)
,NMQ,2015,Dette publique (% du PIB),101.1,FMI (WEO)
,OAE,2015,Dette publique (% du PIB),41.2,FMI (WEO)
,PIQ,2015,Dette publique (% du PIB),32.2,FMI (WEO)
,SMQ,2015,Dette publique (% du PIB),60.0,FMI (WEO)
,SAQ,2015,Dette publique (% du PIB),64.8,FMI (WEO)
,SEQ,2015,Dette publique (% du PIB),45.8,FMI (WEO)
,SSA,2015,Dette publique (% du PIB),33.0,FMI (WEO)
,WEQ,2015,Dette publique (% du PIB),86.7,FMI (WEO)
,WHQ,2015,Dette publique (% du PIB),94.4,FMI (WEO)
,WEOWORLD,2015,Dette publique (% du PIB),77.8,FMI (WEO)
,SDN,2016,Dette publique (% du PIB),109.9,FMI (WEO)
,AFG,2016,Dette publique (% du PIB),8.4,FMI (WEO)
,ALB,2016,Dette publique (% du PIB),73.3,FMI (WEO)
,DZA,2016,Dette publique (% du PIB),18.1,FMI (WEO)
,AND,2016,Dette publique (% du PIB),39.8,FMI (WEO)
,AGO,2016,Dette publique (% du PIB),65.7,FMI (WEO)
,ATG,2016,Dette publique (% du PIB),83.1,FMI (WEO)
,ARG,2016,Dette publique (% du PIB),53.1,FMI (WEO)
,ARM,2016,Dette publique (% du PIB),56.7,FMI (WEO)
,ABW,2016,Dette publique (% du PIB),75.4,FMI (WEO)
,AUS,2016,Dette publique (% du PIB),40.5,FMI (WEO)
,AUT,2016,Dette publique (% du PIB),83.4,FMI (WEO)
,AZE,2016,Dette publique (% du PIB),20.6,FMI (WEO)
,BHR,2016,Dette publique (% du PIB),77.4,FMI (WEO)
,BGD,2016,Dette publique (% du PIB),27.7,FMI (WEO)
,BRB,2016,Dette publique (% du PIB),127.1,FMI (WEO)
,BLR,2016,Dette publique (% du PIB),53.5,FMI (WEO)
,BEL,2016,Dette publique (% du PIB),105.5,FMI (WEO)
,BLZ,2016,Dette publique (% du PIB),70.5,FMI (WEO)
,BTN,2016,Dette publique (% du PIB),103.0,FMI (WEO)
,BOL,2016,Dette publique (% du PIB),38.2,FMI (WEO)
,BIH,2016,Dette publique (% du PIB),44.9,FMI (WEO)
,BWA,2016,Dette publique (% du PIB),22.3,FMI (WEO)
,BRA,2016,Dette publique (% du PIB),77.4,FMI (WEO)
,BRN,2016,Dette publique (% du PIB),3.0,FMI (WEO)
,BGR,2016,Dette publique (% du PIB),27.0,FMI (WEO)
,BDI,2016,Dette publique (% du PIB),46.1,FMI (WEO)
,CPV,2016,Dette publique (% du PIB),115.6,FMI (WEO)
,KHM,2016,Dette publique (% du PIB),22.0,FMI (WEO)
,CMR,2016,Dette publique (% du PIB),32.1,FMI (WEO)
,CAN,2016,Dette publique (% du PIB),92.5,FMI (WEO)
,CAF,2016,Dette publique (% du PIB),49.3,FMI (WEO)
,TCD,2016,Dette publique (% du PIB),40.2,FMI (WEO)
,CHL,2016,Dette publique (% du PIB),21.1,FMI (WEO)
,CHN,2016,Dette publique (% du PIB),50.0,FMI (WEO)
,COL,2016,Dette publique (% du PIB),49.9,FMI (WEO)
,COM,2016,Dette publique (% du PIB),15.7,FMI (WEO)
,COD,2016,Dette publique (% du PIB),10.6,FMI (WEO)
,CRI,2016,Dette publique (% du PIB),44.1,FMI (WEO)
,HRV,2016,Dette publique (% du PIB),79.3,FMI (WEO)
,CYP,2016,Dette publique (% du PIB),106.8,FMI (WEO)
,CZE,2016,Dette publique (% du PIB),36.2,FMI (WEO)
,TLS,2016,Dette publique (% du PIB),4.7,FMI (WEO)
,DNK,2016,Dette publique (% du PIB),41.7,FMI (WEO)
,DJI,2016,Dette publique (% du PIB),45.9,FMI (WEO)
,DMA,2016,Dette publique (% du PIB),76.9,FMI (WEO)
,DOM,2016,Dette publique (% du PIB),46.7,FMI (WEO)
,ECU,2016,Dette publique (% du PIB),46.1,FMI (WEO)
,EGY,2016,Dette publique (% du PIB),91.6,FMI (WEO)
,SLV,2016,Dette publique (% du PIB),75.2,FMI (WEO)
,GNQ,2016,Dette publique (% du PIB),41.1,FMI (WEO)
,ERI,2016,Dette publique (% du PIB),251.2,FMI (WEO)
,EST,2016,Dette publique (% du PIB),10.2,FMI (WEO)
,SWZ,2016,Dette publique (% du PIB),20.1,FMI (WEO)
,ETH,2016,Dette publique (% du PIB),51.8,FMI (WEO)
,FJI,2016,Dette publique (% du PIB),44.6,FMI (WEO)
,FIN,2016,Dette publique (% du PIB),68.6,FMI (WEO)
,FRA,2016,Dette publique (% du PIB),98.1,FMI (WEO)
,GAB,2016,Dette publique (% du PIB),64.5,FMI (WEO)
,GEO,2016,Dette publique (% du PIB),39.5,FMI (WEO)
,DEU,2016,Dette publique (% du PIB),68.3,FMI (WEO)
,GHA,2016,Dette publique (% du PIB),55.9,FMI (WEO)
,GRC,2016,Dette publique (% du PIB),183.7,FMI (WEO)
,GRD,2016,Dette publique (% du PIB),81.6,FMI (WEO)
,GTM,2016,Dette publique (% du PIB),24.9,FMI (WEO)
,GIN,2016,Dette publique (% du PIB),40.6,FMI (WEO)
,GUY,2016,Dette publique (% du PIB),35.7,FMI (WEO)
,HTI,2016,Dette publique (% du PIB),24.4,FMI (WEO)
,HND,2016,Dette publique (% du PIB),39.4,FMI (WEO)
,HKG,2016,Dette publique (% du PIB),0.1,FMI (WEO)
,HUN,2016,Dette publique (% du PIB),74.6,FMI (WEO)
,ISL,2016,Dette publique (% du PIB),81.3,FMI (WEO)
,IND,2016,Dette publique (% du PIB),69.8,FMI (WEO)
,IDN,2016,Dette publique (% du PIB),28.0,FMI (WEO)
,IRN,2016,Dette publique (% du PIB),45.9,FMI (WEO)
,IRQ,2016,Dette publique (% du PIB),60.3,FMI (WEO)
,IRL,2016,Dette publique (% du PIB),72.7,FMI (WEO)
,ISR,2016,Dette publique (% du PIB),61.7,FMI (WEO)
,ITA,2016,Dette publique (% du PIB),134.2,FMI (WEO)
,JAM,2016,Dette publique (% du PIB),106.9,FMI (WEO)
,JPN,2016,Dette publique (% du PIB),202.1,FMI (WEO)
,JOR,2016,Dette publique (% du PIB),70.7,FMI (WEO)
,KAZ,2016,Dette publique (% du PIB),19.7,FMI (WEO)
,KEN,2016,Dette publique (% du PIB),50.4,FMI (WEO)
,KIR,2016,Dette publique (% du PIB),21.2,FMI (WEO)
,KOR,2016,Dette publique (% du PIB),39.1,FMI (WEO)
,UVK,2016,Dette publique (% du PIB),14.5,FMI (WEO)
,KWT,2016,Dette publique (% du PIB),9.9,FMI (WEO)
,KGZ,2016,Dette publique (% du PIB),59.1,FMI (WEO)
,LAO,2016,Dette publique (% du PIB),54.5,FMI (WEO)
,LVA,2016,Dette publique (% du PIB),41.7,FMI (WEO)
,LBN,2016,Dette publique (% du PIB),147.9,FMI (WEO)
,LSO,2016,Dette publique (% du PIB),41.5,FMI (WEO)
,LBR,2016,Dette publique (% du PIB),28.0,FMI (WEO)
,LTU,2016,Dette publique (% du PIB),39.8,FMI (WEO)
,LUX,2016,Dette publique (% du PIB),19.6,FMI (WEO)
,MAC,2016,Dette publique (% du PIB),0.0,FMI (WEO)
,MDG,2016,Dette publique (% du PIB),40.3,FMI (WEO)
,MWI,2016,Dette publique (% du PIB),37.1,FMI (WEO)
,MYS,2016,Dette publique (% du PIB),55.8,FMI (WEO)
,MDV,2016,Dette publique (% du PIB),61.9,FMI (WEO)
,MLT,2016,Dette publique (% du PIB),53.1,FMI (WEO)
,MHL,2016,Dette publique (% du PIB),29.2,FMI (WEO)
,MRT,2016,Dette publique (% du PIB),57.6,FMI (WEO)
,MUS,2016,Dette publique (% du PIB),62.6,FMI (WEO)
,MEX,2016,Dette publique (% du PIB),55.0,FMI (WEO)
,FSM,2016,Dette publique (% du PIB),24.6,FMI (WEO)
,MDA,2016,Dette publique (% du PIB),39.7,FMI (WEO)
,MNG,2016,Dette publique (% du PIB),78.7,FMI (WEO)
,MNE,2016,Dette publique (% du PIB),66.7,FMI (WEO)
,MAR,2016,Dette publique (% du PIB),60.1,FMI (WEO)
,MOZ,2016,Dette publique (% du PIB),124.8,FMI (WEO)
,MMR,2016,Dette publique (% du PIB),35.7,FMI (WEO)
,NAM,2016,Dette publique (% du PIB),45.8,FMI (WEO)
,NRU,2016,Dette publique (% du PIB),86.3,FMI (WEO)
,NPL,2016,Dette publique (% du PIB),25.0,FMI (WEO)
,NLD,2016,Dette publique (% du PIB),60.9,FMI (WEO)
,NZL,2016,Dette publique (% du PIB),33.4,FMI (WEO)
,NIC,2016,Dette publique (% du PIB),30.9,FMI (WEO)
,NGA,2016,Dette publique (% du PIB),17.4,FMI (WEO)
,MKD,2016,Dette publique (% du PIB),39.7,FMI (WEO)
,NOR,2016,Dette publique (% du PIB),36.7,FMI (WEO)
,OMN,2016,Dette publique (% du PIB),29.3,FMI (WEO)
,PAK,2016,Dette publique (% du PIB),62.1,FMI (WEO)
,PLW,2016,Dette publique (% du PIB),23.7,FMI (WEO)
,PAN,2016,Dette publique (% du PIB),34.0,FMI (WEO)
,PNG,2016,Dette publique (% du PIB),33.7,FMI (WEO)
,PRY,2016,Dette publique (% du PIB),19.4,FMI (WEO)
,PER,2016,Dette publique (% du PIB),23.9,FMI (WEO)
,PHL,2016,Dette publique (% du PIB),37.4,FMI (WEO)
,POL,2016,Dette publique (% du PIB),54.1,FMI (WEO)
,PRT,2016,Dette publique (% du PIB),131.2,FMI (WEO)
,PRI,2016,Dette publique (% du PIB),49.9,FMI (WEO)
,QAT,2016,Dette publique (% du PIB),46.7,FMI (WEO)
,COG,2016,Dette publique (% du PIB),84.5,FMI (WEO)
,ROU,2016,Dette publique (% du PIB),39.5,FMI (WEO)
,RUS,2016,Dette publique (% du PIB),14.8,FMI (WEO)
,RWA,2016,Dette publique (% du PIB),41.5,FMI (WEO)
,WSM,2016,Dette publique (% du PIB),49.0,FMI (WEO)
,SMR,2016,Dette publique (% du PIB),21.4,FMI (WEO)
,STP,2016,Dette publique (% du PIB),104.6,FMI (WEO)
,SAU,2016,Dette publique (% du PIB),12.2,FMI (WEO)
,SRB,2016,Dette publique (% du PIB),65.0,FMI (WEO)
,SYC,2016,Dette publique (% du PIB),64.3,FMI (WEO)
,SLE,2016,Dette publique (% du PIB),38.9,FMI (WEO)
,SGP,2016,Dette publique (% du PIB),105.9,FMI (WEO)
,SVK,2016,Dette publique (% du PIB),52.1,FMI (WEO)
,SVN,2016,Dette publique (% du PIB),79.4,FMI (WEO)
,SLB,2016,Dette publique (% du PIB),7.5,FMI (WEO)
,ZAF,2016,Dette publique (% du PIB),47.1,FMI (WEO)
,SSD,2016,Dette publique (% du PIB),128.9,FMI (WEO)
,ESP,2016,Dette publique (% du PIB),102.0,FMI (WEO)
,LKA,2016,Dette publique (% du PIB),75.0,FMI (WEO)
,KNA,2016,Dette publique (% du PIB),57.4,FMI (WEO)
,LCA,2016,Dette publique (% du PIB),60.2,FMI (WEO)
,VCT,2016,Dette publique (% du PIB),78.1,FMI (WEO)
,SUR,2016,Dette publique (% du PIB),75.4,FMI (WEO)
,SWE,2016,Dette publique (% du PIB),42.9,FMI (WEO)
,CHE,2016,Dette publique (% du PIB),40.3,FMI (WEO)
,TWN,2016,Dette publique (% du PIB),35.4,FMI (WEO)
,TJK,2016,Dette publique (% du PIB),42.2,FMI (WEO)
,TZA,2016,Dette publique (% du PIB),39.8,FMI (WEO)
,THA,2016,Dette publique (% du PIB),41.7,FMI (WEO)
,BHS,2016,Dette publique (% du PIB),51.1,FMI (WEO)
,GMB,2016,Dette publique (% du PIB),79.5,FMI (WEO)
,TON,2016,Dette publique (% du PIB),49.4,FMI (WEO)
,TTO,2016,Dette publique (% du PIB),53.3,FMI (WEO)
,TUN,2016,Dette publique (% du PIB),58.9,FMI (WEO)
,TUR,2016,Dette publique (% du PIB),27.0,FMI (WEO)
,TKM,2016,Dette publique (% du PIB),21.1,FMI (WEO)
,TUV,2016,Dette publique (% du PIB),11.5,FMI (WEO)
,UGA,2016,Dette publique (% du PIB),31.3,FMI (WEO)
,UKR,2016,Dette publique (% du PIB),79.5,FMI (WEO)
,ARE,2016,Dette publique (% du PIB),18.6,FMI (WEO)
,GBR,2016,Dette publique (% du PIB),87.3,FMI (WEO)
,USA,2016,Dette publique (% du PIB),107.4,FMI (WEO)
,URY,2016,Dette publique (% du PIB),56.4,FMI (WEO)
,UZB,2016,Dette publique (% du PIB),7.2,FMI (WEO)
,VUT,2016,Dette publique (% du PIB),37.6,FMI (WEO)
,VEN,2016,Dette publique (% du PIB),138.4,FMI (WEO)
,VNM,2016,Dette publique (% du PIB),47.9,FMI (WEO)
,WBG,2016,Dette publique (% du PIB),31.0,FMI (WEO)
,ZMB,2016,Dette publique (% du PIB),61.2,FMI (WEO)
,ZWE,2016,Dette publique (% du PIB),35.1,FMI (WEO)
,LIE,2016,Dette publique (% du PIB),0.4,FMI (WEO)
,ADVEC,2016,Dette publique (% du PIB),102.5,FMI (WEO)
,AFQ,2016,Dette publique (% du PIB),47.2,FMI (WEO)
,SSQ,2016,Dette publique (% du PIB),40.3,FMI (WEO)
,AS5,2016,Dette publique (% du PIB),46.6,FMI (WEO)
,APQ,2016,Dette publique (% du PIB),76.5,FMI (WEO)
,AZQ,2016,Dette publique (% du PIB),39.6,FMI (WEO)
,CBQ,2016,Dette publique (% du PIB),64.7,FMI (WEO)
,CMQ,2016,Dette publique (% du PIB),40.3,FMI (WEO)
,CAQ,2016,Dette publique (% du PIB),24.7,FMI (WEO)
,EAQ,2016,Dette publique (% du PIB),88.7,FMI (WEO)
,EEQ,2016,Dette publique (% du PIB),35.6,FMI (WEO)
,DA,2016,Dette publique (% du PIB),50.7,FMI (WEO)
,EDE,2016,Dette publique (% du PIB),31.6,FMI (WEO)
,OEMDC,2016,Dette publique (% du PIB),48.4,FMI (WEO)
,EURO,2016,Dette publique (% du PIB),89.7,FMI (WEO)
,EUQ,2016,Dette publique (% du PIB),78.5,FMI (WEO)
,EU,2016,Dette publique (% du PIB),86.0,FMI (WEO)
,WE,2016,Dette publique (% du PIB),60.2,FMI (WEO)
,MAE,2016,Dette publique (% du PIB),115.6,FMI (WEO)
,MEQ,2016,Dette publique (% du PIB),36.3,FMI (WEO)
,MECA,2016,Dette publique (% du PIB),41.4,FMI (WEO)
,NAQ,2016,Dette publique (% du PIB),65.1,FMI (WEO)
,NMQ,2016,Dette publique (% du PIB),103.4,FMI (WEO)
,OAE,2016,Dette publique (% du PIB),41.6,FMI (WEO)
,PIQ,2016,Dette publique (% du PIB),35.0,FMI (WEO)
,SMQ,2016,Dette publique (% du PIB),63.7,FMI (WEO)
,SAQ,2016,Dette publique (% du PIB),65.0,FMI (WEO)
,SEQ,2016,Dette publique (% du PIB),46.0,FMI (WEO)
,SSA,2016,Dette publique (% du PIB),37.6,FMI (WEO)
,WEQ,2016,Dette publique (% du PIB),85.9,FMI (WEO)
,WHQ,2016,Dette publique (% du PIB),97.1,FMI (WEO)
,WEOWORLD,2016,Dette publique (% du PIB),81.5,FMI (WEO)
,SDN,2017,Dette publique (% du PIB),149.5,FMI (WEO)
,AFG,2017,Dette publique (% du PIB),8.0,FMI (WEO)
,ALB,2017,Dette publique (% du PIB),71.9,FMI (WEO)
,DZA,2017,Dette publique (% du PIB),24.0,FMI (WEO)
,AND,2017,Dette publique (% du PIB),37.9,FMI (WEO)
,AGO,2017,Dette publique (% du PIB),59.6,FMI (WEO)
,ATG,2017,Dette publique (% du PIB),88.2,FMI (WEO)
,ARG,2017,Dette publique (% du PIB),57.0,FMI (WEO)
,ARM,2017,Dette publique (% du PIB),58.9,FMI (WEO)
,ABW,2017,Dette publique (% du PIB),75.8,FMI (WEO)
,AUS,2017,Dette publique (% du PIB),41.0,FMI (WEO)
,AUT,2017,Dette publique (% du PIB),79.1,FMI (WEO)
,AZE,2017,Dette publique (% du PIB),22.5,FMI (WEO)
,BHR,2017,Dette publique (% du PIB),84.0,FMI (WEO)
,BGD,2017,Dette publique (% du PIB),28.3,FMI (WEO)
,BRB,2017,Dette publique (% du PIB),134.6,FMI (WEO)
,BLR,2017,Dette publique (% du PIB),53.2,FMI (WEO)
,BEL,2017,Dette publique (% du PIB),102.5,FMI (WEO)
,BLZ,2017,Dette publique (% du PIB),78.1,FMI (WEO)
,BTN,2017,Dette publique (% du PIB),104.1,FMI (WEO)
,BOL,2017,Dette publique (% du PIB),41.9,FMI (WEO)
,BIH,2017,Dette publique (% du PIB),38.6,FMI (WEO)
,BWA,2017,Dette publique (% du PIB),19.6,FMI (WEO)
,BRA,2017,Dette publique (% du PIB),82.7,FMI (WEO)
,BRN,2017,Dette publique (% du PIB),2.6,FMI (WEO)
,BGR,2017,Dette publique (% du PIB),22.9,FMI (WEO)
,BDI,2017,Dette publique (% du PIB),46.9,FMI (WEO)
,CPV,2017,Dette publique (% du PIB),113.0,FMI (WEO)
,KHM,2017,Dette publique (% du PIB),22.9,FMI (WEO)
,CMR,2017,Dette publique (% du PIB),36.5,FMI (WEO)
,CAN,2017,Dette publique (% du PIB),91.0,FMI (WEO)
,CAF,2017,Dette publique (% du PIB),47.4,FMI (WEO)
,TCD,2017,Dette publique (% du PIB),39.1,FMI (WEO)
,CHL,2017,Dette publique (% du PIB),23.7,FMI (WEO)
,CHN,2017,Dette publique (% du PIB),53.9,FMI (WEO)
,COL,2017,Dette publique (% du PIB),49.4,FMI (WEO)
,COM,2017,Dette publique (% du PIB),19.4,FMI (WEO)
,COD,2017,Dette publique (% du PIB),8.4,FMI (WEO)
,CRI,2017,Dette publique (% du PIB),47.1,FMI (WEO)
,HRV,2017,Dette publique (% du PIB),76.2,FMI (WEO)
,CYP,2017,Dette publique (% du PIB),96.4,FMI (WEO)
,CZE,2017,Dette publique (% du PIB),33.8,FMI (WEO)
,TLS,2017,Dette publique (% du PIB),6.7,FMI (WEO)
,DNK,2017,Dette publique (% du PIB),40.2,FMI (WEO)
,DJI,2017,Dette publique (% du PIB),48.0,FMI (WEO)
,DMA,2017,Dette publique (% du PIB),84.2,FMI (WEO)
,DOM,2017,Dette publique (% du PIB),49.5,FMI (WEO)
,ECU,2017,Dette publique (% du PIB),47.4,FMI (WEO)
,EGY,2017,Dette publique (% du PIB),97.8,FMI (WEO)
,SLV,2017,Dette publique (% du PIB),77.1,FMI (WEO)
,GNQ,2017,Dette publique (% du PIB),36.2,FMI (WEO)
,ERI,2017,Dette publique (% du PIB),290.4,FMI (WEO)
,EST,2017,Dette publique (% du PIB),9.4,FMI (WEO)
,SWZ,2017,Dette publique (% du PIB),21.7,FMI (WEO)
,ETH,2017,Dette publique (% du PIB),55.3,FMI (WEO)
,FJI,2017,Dette publique (% du PIB),43.4,FMI (WEO)
,FIN,2017,Dette publique (% du PIB),66.6,FMI (WEO)
,FRA,2017,Dette publique (% du PIB),98.8,FMI (WEO)
,GAB,2017,Dette publique (% du PIB),62.9,FMI (WEO)
,GEO,2017,Dette publique (% du PIB),38.9,FMI (WEO)
,DEU,2017,Dette publique (% du PIB),64.0,FMI (WEO)
,GHA,2017,Dette publique (% du PIB),57.0,FMI (WEO)
,GRC,2017,Dette publique (% du PIB),182.6,FMI (WEO)
,GRD,2017,Dette publique (% du PIB),70.3,FMI (WEO)
,GTM,2017,Dette publique (% du PIB),25.1,FMI (WEO)
,GIN,2017,Dette publique (% du PIB),39.9,FMI (WEO)
,GUY,2017,Dette publique (% du PIB),35.2,FMI (WEO)
,HTI,2017,Dette publique (% du PIB),22.5,FMI (WEO)
,HND,2017,Dette publique (% du PIB),41.3,FMI (WEO)
,HKG,2017,Dette publique (% du PIB),0.1,FMI (WEO)
,HUN,2017,Dette publique (% du PIB),72.0,FMI (WEO)
,ISL,2017,Dette publique (% du PIB),70.8,FMI (WEO)
,IND,2017,Dette publique (% du PIB),70.8,FMI (WEO)
,IDN,2017,Dette publique (% du PIB),29.4,FMI (WEO)
,IRN,2017,Dette publique (% du PIB),43.2,FMI (WEO)
,IRQ,2017,Dette publique (% du PIB),55.9,FMI (WEO)
,IRL,2017,Dette publique (% du PIB),65.2,FMI (WEO)
,ISR,2017,Dette publique (% du PIB),59.8,FMI (WEO)
,ITA,2017,Dette publique (% du PIB),133.7,FMI (WEO)
,JAM,2017,Dette publique (% du PIB),95.1,FMI (WEO)
,JPN,2017,Dette publique (% du PIB),203.1,FMI (WEO)
,JOR,2017,Dette publique (% du PIB),69.1,FMI (WEO)
,KAZ,2017,Dette publique (% du PIB),19.9,FMI (WEO)
,KEN,2017,Dette publique (% du PIB),53.9,FMI (WEO)
,KIR,2017,Dette publique (% du PIB),20.2,FMI (WEO)
,KOR,2017,Dette publique (% du PIB),38.0,FMI (WEO)
,UVK,2017,Dette publique (% du PIB),16.4,FMI (WEO)
,KWT,2017,Dette publique (% du PIB),19.6,FMI (WEO)
,KGZ,2017,Dette publique (% du PIB),58.8,FMI (WEO)
,LAO,2017,Dette publique (% du PIB),57.2,FMI (WEO)
,LVA,2017,Dette publique (% du PIB),40.3,FMI (WEO)
,LBN,2017,Dette publique (% du PIB),150.4,FMI (WEO)
,LSO,2017,Dette publique (% du PIB),41.0,FMI (WEO)
,LBR,2017,Dette publique (% du PIB),31.8,FMI (WEO)
,LTU,2017,Dette publique (% du PIB),39.1,FMI (WEO)
,LUX,2017,Dette publique (% du PIB),21.8,FMI (WEO)
,MAC,2017,Dette publique (% du PIB),0.0,FMI (WEO)
,MDG,2017,Dette publique (% du PIB),40.1,FMI (WEO)
,MWI,2017,Dette publique (% du PIB),40.0,FMI (WEO)
,MYS,2017,Dette publique (% du PIB),54.4,FMI (WEO)
,MDV,2017,Dette publique (% du PIB),63.8,FMI (WEO)
,MLT,2017,Dette publique (% du PIB),45.6,FMI (WEO)
,MHL,2017,Dette publique (% du PIB),26.5,FMI (WEO)
,MRT,2017,Dette publique (% du PIB),55.7,FMI (WEO)
,MUS,2017,Dette publique (% du PIB),61.3,FMI (WEO)
,MEX,2017,Dette publique (% du PIB),52.5,FMI (WEO)
,FSM,2017,Dette publique (% du PIB),23.9,FMI (WEO)
,MDA,2017,Dette publique (% du PIB),34.9,FMI (WEO)
,MNG,2017,Dette publique (% du PIB),86.9,FMI (WEO)
,MNE,2017,Dette publique (% du PIB),66.9,FMI (WEO)
,MAR,2017,Dette publique (% du PIB),60.3,FMI (WEO)
,MOZ,2017,Dette publique (% du PIB),103.8,FMI (WEO)
,MMR,2017,Dette publique (% du PIB),41.9,FMI (WEO)
,NAM,2017,Dette publique (% du PIB),43.8,FMI (WEO)
,NRU,2017,Dette publique (% du PIB),78.0,FMI (WEO)
,NPL,2017,Dette publique (% du PIB),25.0,FMI (WEO)
,NLD,2017,Dette publique (% du PIB),56.0,FMI (WEO)
,NZL,2017,Dette publique (% du PIB),31.1,FMI (WEO)
,NIC,2017,Dette publique (% du PIB),34.7,FMI (WEO)
,NGA,2017,Dette publique (% du PIB),18.0,FMI (WEO)
,MKD,2017,Dette publique (% du PIB),39.4,FMI (WEO)
,NOR,2017,Dette publique (% du PIB),36.9,FMI (WEO)
,OMN,2017,Dette publique (% du PIB),40.1,FMI (WEO)
,PAK,2017,Dette publique (% du PIB),62.1,FMI (WEO)
,PLW,2017,Dette publique (% du PIB),26.9,FMI (WEO)
,PAN,2017,Dette publique (% du PIB),34.3,FMI (WEO)
,PNG,2017,Dette publique (% du PIB),32.5,FMI (WEO)
,PRY,2017,Dette publique (% du PIB),19.8,FMI (WEO)
,PER,2017,Dette publique (% du PIB),24.8,FMI (WEO)
,PHL,2017,Dette publique (% du PIB),38.1,FMI (WEO)
,POL,2017,Dette publique (% du PIB),50.4,FMI (WEO)
,PRT,2017,Dette publique (% du PIB),126.0,FMI (WEO)
,PRI,2017,Dette publique (% du PIB),51.2,FMI (WEO)
,QAT,2017,Dette publique (% du PIB),51.6,FMI (WEO)
,COG,2017,Dette publique (% du PIB),88.5,FMI (WEO)
,ROU,2017,Dette publique (% du PIB),37.1,FMI (WEO)
,RUS,2017,Dette publique (% du PIB),14.3,FMI (WEO)
,RWA,2017,Dette publique (% du PIB),46.1,FMI (WEO)
,WSM,2017,Dette publique (% du PIB),46.7,FMI (WEO)
,SMR,2017,Dette publique (% du PIB),56.6,FMI (WEO)
,STP,2017,Dette publique (% du PIB),92.3,FMI (WEO)
,SAU,2017,Dette publique (% du PIB),15.9,FMI (WEO)
,SRB,2017,Dette publique (% du PIB),55.3,FMI (WEO)
,SYC,2017,Dette publique (% du PIB),56.7,FMI (WEO)
,SLE,2017,Dette publique (% du PIB),44.2,FMI (WEO)
,SGP,2017,Dette publique (% du PIB),107.3,FMI (WEO)
,SVK,2017,Dette publique (% du PIB),51.4,FMI (WEO)
,SVN,2017,Dette publique (% du PIB),74.9,FMI (WEO)
,SLB,2017,Dette publique (% du PIB),8.8,FMI (WEO)
,ZAF,2017,Dette publique (% du PIB),48.6,FMI (WEO)
,SSD,2017,Dette publique (% du PIB),77.5,FMI (WEO)
,ESP,2017,Dette publique (% du PIB),101.1,FMI (WEO)
,LKA,2017,Dette publique (% du PIB),72.3,FMI (WEO)
,KNA,2017,Dette publique (% du PIB),56.2,FMI (WEO)
,LCA,2017,Dette publique (% du PIB),59.9,FMI (WEO)
,VCT,2017,Dette publique (% du PIB),69.5,FMI (WEO)
,SUR,2017,Dette publique (% du PIB),73.0,FMI (WEO)
,SWE,2017,Dette publique (% du PIB),41.6,FMI (WEO)
,CHE,2017,Dette publique (% du PIB),41.1,FMI (WEO)
,TWN,2017,Dette publique (% du PIB),34.5,FMI (WEO)
,TJK,2017,Dette publique (% du PIB),46.3,FMI (WEO)
,TZA,2017,Dette publique (% du PIB),40.1,FMI (WEO)
,THA,2017,Dette publique (% du PIB),41.8,FMI (WEO)
,BHS,2017,Dette publique (% du PIB),54.6,FMI (WEO)
,GMB,2017,Dette publique (% du PIB),87.0,FMI (WEO)
,TON,2017,Dette publique (% du PIB),44.7,FMI (WEO)
,TTO,2017,Dette publique (% du PIB),57.2,FMI (WEO)
,TUN,2017,Dette publique (% du PIB),67.1,FMI (WEO)
,TUR,2017,Dette publique (% du PIB),26.9,FMI (WEO)
,TKM,2017,Dette publique (% du PIB),24.7,FMI (WEO)
,TUV,2017,Dette publique (% du PIB),12.0,FMI (WEO)
,UGA,2017,Dette publique (% du PIB),33.6,FMI (WEO)
,UKR,2017,Dette publique (% du PIB),71.6,FMI (WEO)
,ARE,2017,Dette publique (% du PIB),21.2,FMI (WEO)
,GBR,2017,Dette publique (% du PIB),86.1,FMI (WEO)
,USA,2017,Dette publique (% du PIB),106.4,FMI (WEO)
,URY,2017,Dette publique (% du PIB),55.8,FMI (WEO)
,UZB,2017,Dette publique (% du PIB),17.3,FMI (WEO)
,VUT,2017,Dette publique (% du PIB),46.4,FMI (WEO)
,VEN,2017,Dette publique (% du PIB),133.6,FMI (WEO)
,VNM,2017,Dette publique (% du PIB),46.6,FMI (WEO)
,WBG,2017,Dette publique (% du PIB),31.8,FMI (WEO)
,ZMB,2017,Dette publique (% du PIB),66.6,FMI (WEO)
,ZWE,2017,Dette publique (% du PIB),49.0,FMI (WEO)
,LIE,2017,Dette publique (% du PIB),0.6,FMI (WEO)
,ADVEC,2017,Dette publique (% du PIB),100.4,FMI (WEO)
,AFQ,2017,Dette publique (% du PIB),48.1,FMI (WEO)
,SSQ,2017,Dette publique (% du PIB),42.7,FMI (WEO)
,AS5,2017,Dette publique (% du PIB),47.1,FMI (WEO)
,APQ,2017,Dette publique (% du PIB),76.3,FMI (WEO)
,AZQ,2017,Dette publique (% du PIB),39.8,FMI (WEO)
,CBQ,2017,Dette publique (% du PIB),64.2,FMI (WEO)
,CMQ,2017,Dette publique (% du PIB),41.9,FMI (WEO)
,CAQ,2017,Dette publique (% du PIB),25.7,FMI (WEO)
,EAQ,2017,Dette publique (% du PIB),88.3,FMI (WEO)
,EEQ,2017,Dette publique (% du PIB),32.8,FMI (WEO)
,DA,2017,Dette publique (% du PIB),53.8,FMI (WEO)
,EDE,2017,Dette publique (% du PIB),29.7,FMI (WEO)
,OEMDC,2017,Dette publique (% du PIB),50.5,FMI (WEO)
,EURO,2017,Dette publique (% du PIB),87.2,FMI (WEO)
,EUQ,2017,Dette publique (% du PIB),75.7,FMI (WEO)
,EU,2017,Dette publique (% du PIB),83.3,FMI (WEO)
,WE,2017,Dette publique (% du PIB),62.5,FMI (WEO)
,MAE,2017,Dette publique (% du PIB),113.9,FMI (WEO)
,MEQ,2017,Dette publique (% du PIB),37.9,FMI (WEO)
,MECA,2017,Dette publique (% du PIB),42.3,FMI (WEO)
,NAQ,2017,Dette publique (% du PIB),64.7,FMI (WEO)
,NMQ,2017,Dette publique (% du PIB),102.2,FMI (WEO)
,OAE,2017,Dette publique (% du PIB),41.1,FMI (WEO)
,PIQ,2017,Dette publique (% du PIB),34.1,FMI (WEO)
,SMQ,2017,Dette publique (% du PIB),67.3,FMI (WEO)
,SAQ,2017,Dette publique (% du PIB),65.9,FMI (WEO)
,SEQ,2017,Dette publique (% du PIB),46.5,FMI (WEO)
,SSA,2017,Dette publique (% du PIB),39.8,FMI (WEO)
,WEQ,2017,Dette publique (% du PIB),83.9,FMI (WEO)
,WHQ,2017,Dette publique (% du PIB),96.2,FMI (WEO)
,WEOWORLD,2017,Dette publique (% du PIB),80.5,FMI (WEO)
,SDN,2018,Dette publique (% du PIB),209.8,FMI (WEO)
,AFG,2018,Dette publique (% du PIB),7.4,FMI (WEO)
,ALB,2018,Dette publique (% du PIB),68.5,FMI (WEO)
,DZA,2018,Dette publique (% du PIB),34.5,FMI (WEO)
,AND,2018,Dette publique (% du PIB),36.3,FMI (WEO)
,AGO,2018,Dette publique (% du PIB),81.6,FMI (WEO)
,ATG,2018,Dette publique (% du PIB),84.3,FMI (WEO)
,ARG,2018,Dette publique (% du PIB),85.2,FMI (WEO)
,ARM,2018,Dette publique (% du PIB),55.7,FMI (WEO)
,ABW,2018,Dette publique (% du PIB),73.3,FMI (WEO)
,AUS,2018,Dette publique (% du PIB),41.6,FMI (WEO)
,AUT,2018,Dette publique (% du PIB),74.6,FMI (WEO)
,AZE,2018,Dette publique (% du PIB),18.7,FMI (WEO)
,BHR,2018,Dette publique (% du PIB),90.4,FMI (WEO)
,BGD,2018,Dette publique (% du PIB),29.6,FMI (WEO)
,BRB,2018,Dette publique (% du PIB),107.2,FMI (WEO)
,BLR,2018,Dette publique (% du PIB),47.5,FMI (WEO)
,BEL,2018,Dette publique (% du PIB),100.1,FMI (WEO)
,BLZ,2018,Dette publique (% du PIB),79.0,FMI (WEO)
,BTN,2018,Dette publique (% du PIB),103.4,FMI (WEO)
,BOL,2018,Dette publique (% du PIB),44.2,FMI (WEO)
,BIH,2018,Dette publique (% du PIB),34.5,FMI (WEO)
,BWA,2018,Dette publique (% du PIB),19.6,FMI (WEO)
,BRA,2018,Dette publique (% du PIB),84.8,FMI (WEO)
,BRN,2018,Dette publique (% du PIB),1.9,FMI (WEO)
,BGR,2018,Dette publique (% du PIB),20.1,FMI (WEO)
,BDI,2018,Dette publique (% du PIB),53.0,FMI (WEO)
,CPV,2018,Dette publique (% du PIB),112.3,FMI (WEO)
,KHM,2018,Dette publique (% du PIB),21.3,FMI (WEO)
,CMR,2018,Dette publique (% du PIB),38.3,FMI (WEO)
,CAN,2018,Dette publique (% du PIB),90.8,FMI (WEO)
,CAF,2018,Dette publique (% du PIB),47.9,FMI (WEO)
,TCD,2018,Dette publique (% du PIB),33.8,FMI (WEO)
,CHL,2018,Dette publique (% du PIB),25.8,FMI (WEO)
,CHN,2018,Dette publique (% du PIB),55.9,FMI (WEO)
,COL,2018,Dette publique (% du PIB),51.8,FMI (WEO)
,COM,2018,Dette publique (% du PIB),17.5,FMI (WEO)
,COD,2018,Dette publique (% du PIB),9.2,FMI (WEO)
,CRI,2018,Dette publique (% du PIB),51.7,FMI (WEO)
,HRV,2018,Dette publique (% du PIB),72.8,FMI (WEO)
,CYP,2018,Dette publique (% du PIB),100.7,FMI (WEO)
,CZE,2018,Dette publique (% du PIB),31.7,FMI (WEO)
,TLS,2018,Dette publique (% du PIB),9.3,FMI (WEO)
,DNK,2018,Dette publique (% du PIB),38.5,FMI (WEO)
,DJI,2018,Dette publique (% du PIB),47.5,FMI (WEO)
,DMA,2018,Dette publique (% du PIB),85.7,FMI (WEO)
,DOM,2018,Dette publique (% du PIB),50.8,FMI (WEO)
,ECU,2018,Dette publique (% du PIB),49.5,FMI (WEO)
,EGY,2018,Dette publique (% du PIB),87.9,FMI (WEO)
,SLV,2018,Dette publique (% du PIB),77.0,FMI (WEO)
,GNQ,2018,Dette publique (% du PIB),40.6,FMI (WEO)
,ERI,2018,Dette publique (% du PIB),267.1,FMI (WEO)
,EST,2018,Dette publique (% du PIB),8.5,FMI (WEO)
,SWZ,2018,Dette publique (% du PIB),26.5,FMI (WEO)
,ETH,2018,Dette publique (% du PIB),58.4,FMI (WEO)
,FJI,2018,Dette publique (% du PIB),45.8,FMI (WEO)
,FIN,2018,Dette publique (% du PIB),65.3,FMI (WEO)
,FRA,2018,Dette publique (% du PIB),98.5,FMI (WEO)
,GAB,2018,Dette publique (% du PIB),62.3,FMI (WEO)
,GEO,2018,Dette publique (% du PIB),38.2,FMI (WEO)
,DEU,2018,Dette publique (% du PIB),60.8,FMI (WEO)
,GHA,2018,Dette publique (% du PIB),62.0,FMI (WEO)
,GRC,2018,Dette publique (% du PIB),189.6,FMI (WEO)
,GRD,2018,Dette publique (% du PIB),68.5,FMI (WEO)
,GTM,2018,Dette publique (% du PIB),26.4,FMI (WEO)
,GIN,2018,Dette publique (% du PIB),37.5,FMI (WEO)
,GUY,2018,Dette publique (% du PIB),37.4,FMI (WEO)
,HTI,2018,Dette publique (% du PIB),24.1,FMI (WEO)
,HND,2018,Dette publique (% du PIB),42.4,FMI (WEO)
,HKG,2018,Dette publique (% du PIB),0.1,FMI (WEO)
,HUN,2018,Dette publique (% du PIB),68.8,FMI (WEO)
,ISL,2018,Dette publique (% du PIB),62.3,FMI (WEO)
,IND,2018,Dette publique (% du PIB),71.7,FMI (WEO)
,IDN,2018,Dette publique (% du PIB),30.4,FMI (WEO)
,IRN,2018,Dette publique (% du PIB),41.6,FMI (WEO)
,IRQ,2018,Dette publique (% du PIB),44.4,FMI (WEO)
,IRL,2018,Dette publique (% du PIB),61.3,FMI (WEO)
,ISR,2018,Dette publique (% du PIB),60.1,FMI (WEO)
,ITA,2018,Dette publique (% du PIB),134.2,FMI (WEO)
,JAM,2018,Dette publique (% du PIB),88.3,FMI (WEO)
,JPN,2018,Dette publique (% du PIB),203.7,FMI (WEO)
,JOR,2018,Dette publique (% du PIB),67.9,FMI (WEO)
,KAZ,2018,Dette publique (% du PIB),20.3,FMI (WEO)
,KEN,2018,Dette publique (% du PIB),56.4,FMI (WEO)
,KIR,2018,Dette publique (% du PIB),19.0,FMI (WEO)
,KOR,2018,Dette publique (% du PIB),37.9,FMI (WEO)
,UVK,2018,Dette publique (% du PIB),17.1,FMI (WEO)
,KWT,2018,Dette publique (% du PIB),14.3,FMI (WEO)
,KGZ,2018,Dette publique (% du PIB),54.8,FMI (WEO)
,LAO,2018,Dette publique (% du PIB),60.6,FMI (WEO)
,LVA,2018,Dette publique (% du PIB),38.3,FMI (WEO)
,LBN,2018,Dette publique (% du PIB),154.0,FMI (WEO)
,LSO,2018,Dette publique (% du PIB),48.2,FMI (WEO)
,LBR,2018,Dette publique (% du PIB),36.2,FMI (WEO)
,LTU,2018,Dette publique (% du PIB),33.3,FMI (WEO)
,LUX,2018,Dette publique (% du PIB),20.9,FMI (WEO)
,MAC,2018,Dette publique (% du PIB),0.0,FMI (WEO)
,MDG,2018,Dette publique (% du PIB),42.9,FMI (WEO)
,MWI,2018,Dette publique (% du PIB),40.8,FMI (WEO)
,MYS,2018,Dette publique (% du PIB),55.6,FMI (WEO)
,MDV,2018,Dette publique (% du PIB),70.7,FMI (WEO)
,MLT,2018,Dette publique (% du PIB),41.4,FMI (WEO)
,MHL,2018,Dette publique (% du PIB),24.7,FMI (WEO)
,MRT,2018,Dette publique (% du PIB),59.2,FMI (WEO)
,MUS,2018,Dette publique (% du PIB),63.1,FMI (WEO)
,MEX,2018,Dette publique (% du PIB),52.2,FMI (WEO)
,FSM,2018,Dette publique (% du PIB),21.0,FMI (WEO)
,MDA,2018,Dette publique (% du PIB),31.8,FMI (WEO)
,MNG,2018,Dette publique (% du PIB),76.5,FMI (WEO)
,MNE,2018,Dette publique (% du PIB),72.9,FMI (WEO)
,MAR,2018,Dette publique (% du PIB),60.5,FMI (WEO)
,MOZ,2018,Dette publique (% du PIB),105.5,FMI (WEO)
,MMR,2018,Dette publique (% du PIB),39.9,FMI (WEO)
,NAM,2018,Dette publique (% du PIB),48.7,FMI (WEO)
,NRU,2018,Dette publique (% du PIB),71.1,FMI (WEO)
,NPL,2018,Dette publique (% du PIB),31.1,FMI (WEO)
,NLD,2018,Dette publique (% du PIB),51.6,FMI (WEO)
,NZL,2018,Dette publique (% du PIB),28.1,FMI (WEO)
,NIC,2018,Dette publique (% du PIB),39.1,FMI (WEO)
,NGA,2018,Dette publique (% du PIB),20.4,FMI (WEO)
,MKD,2018,Dette publique (% du PIB),40.4,FMI (WEO)
,NOR,2018,Dette publique (% du PIB),38.1,FMI (WEO)
,OMN,2018,Dette publique (% du PIB),44.7,FMI (WEO)
,PAK,2018,Dette publique (% du PIB),66.3,FMI (WEO)
,PLW,2018,Dette publique (% du PIB),29.5,FMI (WEO)
,PAN,2018,Dette publique (% du PIB),36.3,FMI (WEO)
,PNG,2018,Dette publique (% du PIB),36.7,FMI (WEO)
,PRY,2018,Dette publique (% du PIB),22.3,FMI (WEO)
,PER,2018,Dette publique (% du PIB),25.7,FMI (WEO)
,PHL,2018,Dette publique (% du PIB),37.1,FMI (WEO)
,POL,2018,Dette publique (% du PIB),48.2,FMI (WEO)
,PRT,2018,Dette publique (% du PIB),121.1,FMI (WEO)
,PRI,2018,Dette publique (% du PIB),52.4,FMI (WEO)
,QAT,2018,Dette publique (% du PIB),52.2,FMI (WEO)
,COG,2018,Dette publique (% du PIB),71.2,FMI (WEO)
,ROU,2018,Dette publique (% du PIB),36.4,FMI (WEO)
,RUS,2018,Dette publique (% du PIB),13.6,FMI (WEO)
,RWA,2018,Dette publique (% du PIB),49.2,FMI (WEO)
,WSM,2018,Dette publique (% du PIB),49.4,FMI (WEO)
,SMR,2018,Dette publique (% du PIB),56.7,FMI (WEO)
,STP,2018,Dette publique (% du PIB),95.9,FMI (WEO)
,SAU,2018,Dette publique (% du PIB),16.8,FMI (WEO)
,SRB,2018,Dette publique (% du PIB),51.1,FMI (WEO)
,SYC,2018,Dette publique (% du PIB),51.3,FMI (WEO)
,SLE,2018,Dette publique (% du PIB),44.2,FMI (WEO)
,SGP,2018,Dette publique (% du PIB),109.2,FMI (WEO)
,SVK,2018,Dette publique (% du PIB),49.3,FMI (WEO)
,SVN,2018,Dette publique (% du PIB),71.0,FMI (WEO)
,SLB,2018,Dette publique (% du PIB),7.9,FMI (WEO)
,ZAF,2018,Dette publique (% du PIB),51.5,FMI (WEO)
,SSD,2018,Dette publique (% du PIB),84.3,FMI (WEO)
,ESP,2018,Dette publique (% du PIB),99.7,FMI (WEO)
,LKA,2018,Dette publique (% du PIB),83.6,FMI (WEO)
,KNA,2018,Dette publique (% du PIB),54.7,FMI (WEO)
,LCA,2018,Dette publique (% du PIB),60.3,FMI (WEO)
,VCT,2018,Dette publique (% du PIB),69.3,FMI (WEO)
,SUR,2018,Dette publique (% du PIB),68.6,FMI (WEO)
,SWE,2018,Dette publique (% du PIB),39.9,FMI (WEO)
,CHE,2018,Dette publique (% du PIB),39.0,FMI (WEO)
,TWN,2018,Dette publique (% du PIB),33.8,FMI (WEO)
,TJK,2018,Dette publique (% du PIB),46.3,FMI (WEO)
,TZA,2018,Dette publique (% du PIB),42.0,FMI (WEO)
,THA,2018,Dette publique (% du PIB),41.9,FMI (WEO)
,BHS,2018,Dette publique (% du PIB),61.5,FMI (WEO)
,GMB,2018,Dette publique (% du PIB),83.6,FMI (WEO)
,TON,2018,Dette publique (% du PIB),45.5,FMI (WEO)
,TTO,2018,Dette publique (% du PIB),58.1,FMI (WEO)
,TUN,2018,Dette publique (% du PIB),72.9,FMI (WEO)
,TUR,2018,Dette publique (% du PIB),28.8,FMI (WEO)
,TKM,2018,Dette publique (% du PIB),22.5,FMI (WEO)
,TUV,2018,Dette publique (% du PIB),11.8,FMI (WEO)
,UGA,2018,Dette publique (% du PIB),35.0,FMI (WEO)
,UKR,2018,Dette publique (% du PIB),60.4,FMI (WEO)
,ARE,2018,Dette publique (% du PIB),20.7,FMI (WEO)
,GBR,2018,Dette publique (% du PIB),85.6,FMI (WEO)
,USA,2018,Dette publique (% du PIB),107.7,FMI (WEO)
,URY,2018,Dette publique (% du PIB),57.9,FMI (WEO)
,UZB,2018,Dette publique (% du PIB),16.7,FMI (WEO)
,VUT,2018,Dette publique (% du PIB),40.0,FMI (WEO)
,VEN,2018,Dette publique (% du PIB),175.3,FMI (WEO)
,VNM,2018,Dette publique (% du PIB),43.8,FMI (WEO)
,WBG,2018,Dette publique (% du PIB),33.1,FMI (WEO)
,ZMB,2018,Dette publique (% du PIB),81.2,FMI (WEO)
,ZWE,2018,Dette publique (% du PIB),33.0,FMI (WEO)
,LIE,2018,Dette publique (% du PIB),0.5,FMI (WEO)
,ADVEC,2018,Dette publique (% du PIB),100.0,FMI (WEO)
,AFQ,2018,Dette publique (% du PIB),49.8,FMI (WEO)
,SSQ,2018,Dette publique (% du PIB),45.1,FMI (WEO)
,AS5,2018,Dette publique (% du PIB),48.4,FMI (WEO)
,APQ,2018,Dette publique (% du PIB),76.4,FMI (WEO)
,AZQ,2018,Dette publique (% du PIB),39.9,FMI (WEO)
,CBQ,2018,Dette publique (% du PIB),62.4,FMI (WEO)
,CMQ,2018,Dette publique (% du PIB),44.0,FMI (WEO)
,CAQ,2018,Dette publique (% du PIB),26.7,FMI (WEO)
,EAQ,2018,Dette publique (% du PIB),87.4,FMI (WEO)
,EEQ,2018,Dette publique (% du PIB),31.4,FMI (WEO)
,DA,2018,Dette publique (% du PIB),55.3,FMI (WEO)
,EDE,2018,Dette publique (% du PIB),29.4,FMI (WEO)
,OEMDC,2018,Dette publique (% du PIB),51.9,FMI (WEO)
,EURO,2018,Dette publique (% du PIB),85.2,FMI (WEO)
,EUQ,2018,Dette publique (% du PIB),74.1,FMI (WEO)
,EU,2018,Dette publique (% du PIB),81.3,FMI (WEO)
,WE,2018,Dette publique (% du PIB),66.2,FMI (WEO)
,MAE,2018,Dette publique (% du PIB),113.8,FMI (WEO)
,MEQ,2018,Dette publique (% du PIB),36.0,FMI (WEO)
,MECA,2018,Dette publique (% du PIB),41.3,FMI (WEO)
,NAQ,2018,Dette publique (% du PIB),64.8,FMI (WEO)
,NMQ,2018,Dette publique (% du PIB),103.3,FMI (WEO)
,OAE,2018,Dette publique (% du PIB),40.8,FMI (WEO)
,PIQ,2018,Dette publique (% du PIB),37.2,FMI (WEO)
,SMQ,2018,Dette publique (% du PIB),73.2,FMI (WEO)
,SAQ,2018,Dette publique (% du PIB),67.2,FMI (WEO)
,SEQ,2018,Dette publique (% du PIB),47.3,FMI (WEO)
,SSA,2018,Dette publique (% du PIB),42.2,FMI (WEO)
,WEQ,2018,Dette publique (% du PIB),82.4,FMI (WEO)
,WHQ,2018,Dette publique (% du PIB),98.4,FMI (WEO)
,WEOWORLD,2018,Dette publique (% du PIB),80.7,FMI (WEO)
,SDN,2019,Dette publique (% du PIB),216.5,FMI (WEO)
,AFG,2019,Dette publique (% du PIB),6.1,FMI (WEO)
,ALB,2019,Dette publique (% du PIB),66.6,FMI (WEO)
,DZA,2019,Dette publique (% du PIB),40.9,FMI (WEO)
,AND,2019,Dette publique (% du PIB),35.4,FMI (WEO)
,AGO,2019,Dette publique (% du PIB),100.8,FMI (WEO)
,ATG,2019,Dette publique (% du PIB),81.6,FMI (WEO)
,ARG,2019,Dette publique (% du PIB),89.8,FMI (WEO)
,ARM,2019,Dette publique (% du PIB),53.7,FMI (WEO)
,ABW,2019,Dette publique (% du PIB),72.1,FMI (WEO)
,AUS,2019,Dette publique (% du PIB),46.5,FMI (WEO)
,AUT,2019,Dette publique (% du PIB),71.0,FMI (WEO)
,AZE,2019,Dette publique (% du PIB),17.7,FMI (WEO)
,BHR,2019,Dette publique (% du PIB),97.1,FMI (WEO)
,BGD,2019,Dette publique (% du PIB),32.0,FMI (WEO)
,BRB,2019,Dette publique (% du PIB),101.6,FMI (WEO)
,BLR,2019,Dette publique (% du PIB),41.0,FMI (WEO)
,BEL,2019,Dette publique (% du PIB),97.6,FMI (WEO)
,BLZ,2019,Dette publique (% du PIB),78.6,FMI (WEO)
,BTN,2019,Dette publique (% du PIB),100.8,FMI (WEO)
,BOL,2019,Dette publique (% du PIB),48.9,FMI (WEO)
,BIH,2019,Dette publique (% du PIB),32.8,FMI (WEO)
,BWA,2019,Dette publique (% du PIB),21.5,FMI (WEO)
,BRA,2019,Dette publique (% du PIB),87.1,FMI (WEO)
,BRN,2019,Dette publique (% du PIB),1.8,FMI (WEO)
,BGR,2019,Dette publique (% du PIB),18.4,FMI (WEO)
,BDI,2019,Dette publique (% du PIB),60.1,FMI (WEO)
,CPV,2019,Dette publique (% du PIB),109.8,FMI (WEO)
,KHM,2019,Dette publique (% du PIB),21.2,FMI (WEO)
,CMR,2019,Dette publique (% du PIB),41.6,FMI (WEO)
,CAN,2019,Dette publique (% du PIB),90.1,FMI (WEO)
,CAF,2019,Dette publique (% du PIB),44.9,FMI (WEO)
,TCD,2019,Dette publique (% du PIB),38.4,FMI (WEO)
,CHL,2019,Dette publique (% du PIB),28.3,FMI (WEO)
,CHN,2019,Dette publique (% du PIB),59.8,FMI (WEO)
,COL,2019,Dette publique (% du PIB),51.0,FMI (WEO)
,COM,2019,Dette publique (% du PIB),22.4,FMI (WEO)
,COD,2019,Dette publique (% du PIB),9.7,FMI (WEO)
,CRI,2019,Dette publique (% du PIB),56.1,FMI (WEO)
,HRV,2019,Dette publique (% du PIB),70.9,FMI (WEO)
,CYP,2019,Dette publique (% du PIB),92.3,FMI (WEO)
,CZE,2019,Dette publique (% du PIB),29.6,FMI (WEO)
,TLS,2019,Dette publique (% du PIB),9.5,FMI (WEO)
,DNK,2019,Dette publique (% du PIB),38.3,FMI (WEO)
,DJI,2019,Dette publique (% du PIB),41.1,FMI (WEO)
,DMA,2019,Dette publique (% du PIB),97.8,FMI (WEO)
,DOM,2019,Dette publique (% du PIB),53.5,FMI (WEO)
,ECU,2019,Dette publique (% du PIB),52.1,FMI (WEO)
,EGY,2019,Dette publique (% du PIB),80.1,FMI (WEO)
,SLV,2019,Dette publique (% du PIB),77.9,FMI (WEO)
,GNQ,2019,Dette publique (% du PIB),43.2,FMI (WEO)
,ERI,2019,Dette publique (% du PIB),260.4,FMI (WEO)
,EST,2019,Dette publique (% du PIB),9.0,FMI (WEO)
,SWZ,2019,Dette publique (% du PIB),30.5,FMI (WEO)
,ETH,2019,Dette publique (% du PIB),54.7,FMI (WEO)
,FJI,2019,Dette publique (% du PIB),49.5,FMI (WEO)
,FIN,2019,Dette publique (% du PIB),65.3,FMI (WEO)
,FRA,2019,Dette publique (% du PIB),98.2,FMI (WEO)
,GAB,2019,Dette publique (% du PIB),59.8,FMI (WEO)
,GEO,2019,Dette publique (% du PIB),40.0,FMI (WEO)
,DEU,2019,Dette publique (% du PIB),58.7,FMI (WEO)
,GHA,2019,Dette publique (% du PIB),62.9,FMI (WEO)
,GRC,2019,Dette publique (% du PIB),183.7,FMI (WEO)
,GRD,2019,Dette publique (% du PIB),62.7,FMI (WEO)
,GTM,2019,Dette publique (% du PIB),26.4,FMI (WEO)
,GIN,2019,Dette publique (% du PIB),37.3,FMI (WEO)
,GUY,2019,Dette publique (% du PIB),34.2,FMI (WEO)
,HTI,2019,Dette publique (% du PIB),26.5,FMI (WEO)
,HND,2019,Dette publique (% du PIB),43.3,FMI (WEO)
,HKG,2019,Dette publique (% du PIB),0.3,FMI (WEO)
,HUN,2019,Dette publique (% du PIB),65.0,FMI (WEO)
,ISL,2019,Dette publique (% du PIB),65.7,FMI (WEO)
,IND,2019,Dette publique (% du PIB),76.7,FMI (WEO)
,IDN,2019,Dette publique (% du PIB),30.6,FMI (WEO)
,IRN,2019,Dette publique (% du PIB),44.6,FMI (WEO)
,IRQ,2019,Dette publique (% du PIB),41.7,FMI (WEO)
,IRL,2019,Dette publique (% du PIB),55.8,FMI (WEO)
,ISR,2019,Dette publique (% du PIB),59.3,FMI (WEO)
,ITA,2019,Dette publique (% du PIB),133.9,FMI (WEO)
,JAM,2019,Dette publique (% du PIB),87.7,FMI (WEO)
,JPN,2019,Dette publique (% du PIB),206.3,FMI (WEO)
,JOR,2019,Dette publique (% du PIB),69.4,FMI (WEO)
,KAZ,2019,Dette publique (% du PIB),19.9,FMI (WEO)
,KEN,2019,Dette publique (% du PIB),59.1,FMI (WEO)
,KIR,2019,Dette publique (% du PIB),18.5,FMI (WEO)
,KOR,2019,Dette publique (% du PIB),39.7,FMI (WEO)
,UVK,2019,Dette publique (% du PIB),17.7,FMI (WEO)
,KWT,2019,Dette publique (% du PIB),10.5,FMI (WEO)
,KGZ,2019,Dette publique (% du PIB),48.8,FMI (WEO)
,LAO,2019,Dette publique (% du PIB),69.1,FMI (WEO)
,LVA,2019,Dette publique (% du PIB),37.9,FMI (WEO)
,LBN,2019,Dette publique (% du PIB),171.9,FMI (WEO)
,LSO,2019,Dette publique (% du PIB),58.2,FMI (WEO)
,LBR,2019,Dette publique (% du PIB),48.1,FMI (WEO)
,LTU,2019,Dette publique (% du PIB),35.6,FMI (WEO)
,LUX,2019,Dette publique (% du PIB),22.3,FMI (WEO)
,MAC,2019,Dette publique (% du PIB),0.0,FMI (WEO)
,MDG,2019,Dette publique (% du PIB),41.3,FMI (WEO)
,MWI,2019,Dette publique (% du PIB),41.2,FMI (WEO)
,MYS,2019,Dette publique (% du PIB),57.1,FMI (WEO)
,MDV,2019,Dette publique (% du PIB),77.2,FMI (WEO)
,MLT,2019,Dette publique (% du PIB),39.2,FMI (WEO)
,MHL,2019,Dette publique (% du PIB),25.1,FMI (WEO)
,MRT,2019,Dette publique (% du PIB),57.7,FMI (WEO)
,MUS,2019,Dette publique (% du PIB),81.1,FMI (WEO)
,MEX,2019,Dette publique (% du PIB),51.9,FMI (WEO)
,FSM,2019,Dette publique (% du PIB),19.8,FMI (WEO)
,MDA,2019,Dette publique (% du PIB),28.8,FMI (WEO)
,MNG,2019,Dette publique (% du PIB),66.8,FMI (WEO)
,MNE,2019,Dette publique (% du PIB),79.6,FMI (WEO)
,MAR,2019,Dette publique (% du PIB),60.3,FMI (WEO)
,MOZ,2019,Dette publique (% du PIB),98.3,FMI (WEO)
,MMR,2019,Dette publique (% du PIB),37.6,FMI (WEO)
,NAM,2019,Dette publique (% du PIB),57.6,FMI (WEO)
,NRU,2019,Dette publique (% du PIB),59.6,FMI (WEO)
,NPL,2019,Dette publique (% du PIB),34.0,FMI (WEO)
,NLD,2019,Dette publique (% du PIB),47.7,FMI (WEO)
,NZL,2019,Dette publique (% du PIB),31.8,FMI (WEO)
,NIC,2019,Dette publique (% du PIB),44.2,FMI (WEO)
,NGA,2019,Dette publique (% du PIB),21.4,FMI (WEO)
,MKD,2019,Dette publique (% du PIB),40.4,FMI (WEO)
,NOR,2019,Dette publique (% du PIB),39.0,FMI (WEO)
,OMN,2019,Dette publique (% du PIB),52.5,FMI (WEO)
,PAK,2019,Dette publique (% du PIB),78.7,FMI (WEO)
,PLW,2019,Dette publique (% du PIB),30.5,FMI (WEO)
,PAN,2019,Dette publique (% du PIB),42.5,FMI (WEO)
,PNG,2019,Dette publique (% du PIB),38.2,FMI (WEO)
,PRY,2019,Dette publique (% du PIB),25.8,FMI (WEO)
,PER,2019,Dette publique (% du PIB),26.5,FMI (WEO)
,PHL,2019,Dette publique (% du PIB),37.0,FMI (WEO)
,POL,2019,Dette publique (% du PIB),45.2,FMI (WEO)
,PRT,2019,Dette publique (% du PIB),116.1,FMI (WEO)
,PRI,2019,Dette publique (% du PIB),48.8,FMI (WEO)
,QAT,2019,Dette publique (% du PIB),62.1,FMI (WEO)
,COG,2019,Dette publique (% du PIB),77.6,FMI (WEO)
,ROU,2019,Dette publique (% du PIB),36.8,FMI (WEO)
,RUS,2019,Dette publique (% du PIB),13.7,FMI (WEO)
,RWA,2019,Dette publique (% du PIB),52.8,FMI (WEO)
,WSM,2019,Dette publique (% du PIB),44.3,FMI (WEO)
,SMR,2019,Dette publique (% du PIB),56.2,FMI (WEO)
,STP,2019,Dette publique (% du PIB),98.6,FMI (WEO)
,SAU,2019,Dette publique (% du PIB),20.3,FMI (WEO)
,SRB,2019,Dette publique (% du PIB),49.5,FMI (WEO)
,SYC,2019,Dette publique (% du PIB),48.9,FMI (WEO)
,SLE,2019,Dette publique (% du PIB),45.3,FMI (WEO)
,SGP,2019,Dette publique (% du PIB),127.7,FMI (WEO)
,SVK,2019,Dette publique (% du PIB),48.0,FMI (WEO)
,SVN,2019,Dette publique (% du PIB),66.0,FMI (WEO)
,SLB,2019,Dette publique (% du PIB),7.8,FMI (WEO)
,ZAF,2019,Dette publique (% du PIB),56.1,FMI (WEO)
,SSD,2019,Dette publique (% du PIB),43.4,FMI (WEO)
,ESP,2019,Dette publique (% du PIB),97.6,FMI (WEO)
,LKA,2019,Dette publique (% du PIB),82.6,FMI (WEO)
,KNA,2019,Dette publique (% du PIB),57.2,FMI (WEO)
,LCA,2019,Dette publique (% du PIB),62.1,FMI (WEO)
,VCT,2019,Dette publique (% du PIB),68.0,FMI (WEO)
,SUR,2019,Dette publique (% du PIB),84.0,FMI (WEO)
,SWE,2019,Dette publique (% du PIB),35.8,FMI (WEO)
,CHE,2019,Dette publique (% du PIB),38.8,FMI (WEO)
,TWN,2019,Dette publique (% du PIB),32.6,FMI (WEO)
,TJK,2019,Dette publique (% du PIB),43.2,FMI (WEO)
,TZA,2019,Dette publique (% du PIB),40.4,FMI (WEO)
,THA,2019,Dette publique (% du PIB),41.1,FMI (WEO)
,BHS,2019,Dette publique (% du PIB),60.3,FMI (WEO)
,GMB,2019,Dette publique (% du PIB),83.0,FMI (WEO)
,TON,2019,Dette publique (% du PIB),41.8,FMI (WEO)
,TTO,2019,Dette publique (% du PIB),62.9,FMI (WEO)
,TUN,2019,Dette publique (% du PIB),67.3,FMI (WEO)
,TUR,2019,Dette publique (% du PIB),31.2,FMI (WEO)
,TKM,2019,Dette publique (% du PIB),17.7,FMI (WEO)
,TUV,2019,Dette publique (% du PIB),11.6,FMI (WEO)
,UGA,2019,Dette publique (% du PIB),38.0,FMI (WEO)
,UKR,2019,Dette publique (% du PIB),50.5,FMI (WEO)
,ARE,2019,Dette publique (% du PIB),25.8,FMI (WEO)
,GBR,2019,Dette publique (% du PIB),84.9,FMI (WEO)
,USA,2019,Dette publique (% du PIB),108.8,FMI (WEO)
,URY,2019,Dette publique (% du PIB),59.6,FMI (WEO)
,UZB,2019,Dette publique (% du PIB),24.3,FMI (WEO)
,VUT,2019,Dette publique (% du PIB),39.8,FMI (WEO)
,VEN,2019,Dette publique (% du PIB),206.0,FMI (WEO)
,VNM,2019,Dette publique (% du PIB),41.0,FMI (WEO)
,WBG,2019,Dette publique (% du PIB),34.5,FMI (WEO)
,ZMB,2019,Dette publique (% du PIB),103.3,FMI (WEO)
,ZWE,2019,Dette publique (% du PIB),53.9,FMI (WEO)
,LIE,2019,Dette publique (% du PIB),0.6,FMI (WEO)
,ADVEC,2019,Dette publique (% du PIB),100.9,FMI (WEO)
,AFQ,2019,Dette publique (% du PIB),51.5,FMI (WEO)
,SSQ,2019,Dette publique (% du PIB),47.2,FMI (WEO)
,AS5,2019,Dette publique (% du PIB),50.1,FMI (WEO)
,APQ,2019,Dette publique (% du PIB),79.7,FMI (WEO)
,AZQ,2019,Dette publique (% du PIB),44.6,FMI (WEO)
,CBQ,2019,Dette publique (% du PIB),64.4,FMI (WEO)
,CMQ,2019,Dette publique (% du PIB),46.9,FMI (WEO)
,CAQ,2019,Dette publique (% du PIB),28.2,FMI (WEO)
,EAQ,2019,Dette publique (% du PIB),90.6,FMI (WEO)
,EEQ,2019,Dette publique (% du PIB),30.1,FMI (WEO)
,DA,2019,Dette publique (% du PIB),58.6,FMI (WEO)
,EDE,2019,Dette publique (% du PIB),28.9,FMI (WEO)
,OEMDC,2019,Dette publique (% du PIB),54.4,FMI (WEO)
,EURO,2019,Dette publique (% du PIB),83.3,FMI (WEO)
,EUQ,2019,Dette publique (% du PIB),72.2,FMI (WEO)
,EU,2019,Dette publique (% du PIB),79.1,FMI (WEO)
,WE,2019,Dette publique (% du PIB),67.1,FMI (WEO)
,MAE,2019,Dette publique (% du PIB),114.6,FMI (WEO)
,MEQ,2019,Dette publique (% du PIB),38.9,FMI (WEO)
,MECA,2019,Dette publique (% du PIB),44.4,FMI (WEO)
,NAQ,2019,Dette publique (% du PIB),64.4,FMI (WEO)
,NMQ,2019,Dette publique (% du PIB),104.2,FMI (WEO)
,OAE,2019,Dette publique (% du PIB),42.7,FMI (WEO)
,PIQ,2019,Dette publique (% du PIB),38.7,FMI (WEO)
,SMQ,2019,Dette publique (% du PIB),75.0,FMI (WEO)
,SAQ,2019,Dette publique (% du PIB),72.2,FMI (WEO)
,SEQ,2019,Dette publique (% du PIB),48.5,FMI (WEO)
,SSA,2019,Dette publique (% du PIB),44.6,FMI (WEO)
,WEQ,2019,Dette publique (% du PIB),80.7,FMI (WEO)
,WHQ,2019,Dette publique (% du PIB),99.8,FMI (WEO)
,WEOWORLD,2019,Dette publique (% du PIB),82.1,FMI (WEO)
,SDN,2020,Dette publique (% du PIB),278.8,FMI (WEO)
,AFG,2020,Dette publique (% du PIB),7.3,FMI (WEO)
,ALB,2020,Dette publique (% du PIB),75.4,FMI (WEO)
,DZA,2020,Dette publique (% du PIB),46.0,FMI (WEO)
,AND,2020,Dette publique (% du PIB),46.4,FMI (WEO)
,AGO,2020,Dette publique (% du PIB),119.8,FMI (WEO)
,ATG,2020,Dette publique (% du PIB),100.5,FMI (WEO)
,ARG,2020,Dette publique (% du PIB),103.8,FMI (WEO)
,ARM,2020,Dette publique (% du PIB),67.4,FMI (WEO)
,ABW,2020,Dette publique (% du PIB),116.3,FMI (WEO)
,AUS,2020,Dette publique (% du PIB),56.9,FMI (WEO)
,AUT,2020,Dette publique (% du PIB),83.2,FMI (WEO)
,AZE,2020,Dette publique (% du PIB),21.3,FMI (WEO)
,BHR,2020,Dette publique (% du PIB),125.7,FMI (WEO)
,BGD,2020,Dette publique (% du PIB),34.5,FMI (WEO)
,BRB,2020,Dette publique (% du PIB),129.6,FMI (WEO)
,BLR,2020,Dette publique (% du PIB),47.5,FMI (WEO)
,BEL,2020,Dette publique (% du PIB),111.2,FMI (WEO)
,BLZ,2020,Dette publique (% du PIB),103.0,FMI (WEO)
,BTN,2020,Dette publique (% du PIB),116.0,FMI (WEO)
,BOL,2020,Dette publique (% du PIB),67.5,FMI (WEO)
,BIH,2020,Dette publique (% du PIB),37.2,FMI (WEO)
,BWA,2020,Dette publique (% du PIB),23.5,FMI (WEO)
,BRA,2020,Dette publique (% du PIB),96.0,FMI (WEO)
,BRN,2020,Dette publique (% du PIB),2.2,FMI (WEO)
,BGR,2020,Dette publique (% du PIB),22.7,FMI (WEO)
,BDI,2020,Dette publique (% du PIB),65.9,FMI (WEO)
,CPV,2020,Dette publique (% du PIB),149.1,FMI (WEO)
,KHM,2020,Dette publique (% du PIB),25.5,FMI (WEO)
,CMR,2020,Dette publique (% du PIB),44.9,FMI (WEO)
,CAN,2020,Dette publique (% du PIB),118.1,FMI (WEO)
,CAF,2020,Dette publique (% du PIB),42.4,FMI (WEO)
,TCD,2020,Dette publique (% du PIB),41.6,FMI (WEO)
,CHL,2020,Dette publique (% du PIB),32.4,FMI (WEO)
,CHN,2020,Dette publique (% du PIB),70.1,FMI (WEO)
,COL,2020,Dette publique (% du PIB),65.3,FMI (WEO)
,COM,2020,Dette publique (% du PIB),25.5,FMI (WEO)
,COD,2020,Dette publique (% du PIB),11.6,FMI (WEO)
,CRI,2020,Dette publique (% du PIB),66.5,FMI (WEO)
,HRV,2020,Dette publique (% du PIB),86.5,FMI (WEO)
,CYP,2020,Dette publique (% du PIB),113.6,FMI (WEO)
,CZE,2020,Dette publique (% du PIB),36.9,FMI (WEO)
,TLS,2020,Dette publique (% du PIB),10.1,FMI (WEO)
,DNK,2020,Dette publique (% du PIB),45.2,FMI (WEO)
,DJI,2020,Dette publique (% du PIB),42.1,FMI (WEO)
,DMA,2020,Dette publique (% du PIB),118.4,FMI (WEO)
,DOM,2020,Dette publique (% du PIB),71.8,FMI (WEO)
,ECU,2020,Dette publique (% du PIB),63.6,FMI (WEO)
,EGY,2020,Dette publique (% du PIB),86.2,FMI (WEO)
,SLV,2020,Dette publique (% du PIB),95.4,FMI (WEO)
,GNQ,2020,Dette publique (% du PIB),49.4,FMI (WEO)
,EST,2020,Dette publique (% du PIB),19.1,FMI (WEO)
,SWZ,2020,Dette publique (% du PIB),37.7,FMI (WEO)
,ETH,2020,Dette publique (% du PIB),53.2,FMI (WEO)
,FJI,2020,Dette publique (% du PIB),65.8,FMI (WEO)
,FIN,2020,Dette publique (% du PIB),75.3,FMI (WEO)
,FRA,2020,Dette publique (% du PIB),114.9,FMI (WEO)
,GAB,2020,Dette publique (% du PIB),83.0,FMI (WEO)
,GEO,2020,Dette publique (% du PIB),59.6,FMI (WEO)
,DEU,2020,Dette publique (% du PIB),68.0,FMI (WEO)
,GHA,2020,Dette publique (% du PIB),79.1,FMI (WEO)
,GRC,2020,Dette publique (% du PIB),209.9,FMI (WEO)
,GRD,2020,Dette publique (% du PIB),89.5,FMI (WEO)
,GTM,2020,Dette publique (% du PIB),31.5,FMI (WEO)
,GIN,2020,Dette publique (% du PIB),45.3,FMI (WEO)
,GUY,2020,Dette publique (% du PIB),47.4,FMI (WEO)
,HTI,2020,Dette publique (% du PIB),22.3,FMI (WEO)
,HND,2020,Dette publique (% du PIB),53.5,FMI (WEO)
,HKG,2020,Dette publique (% du PIB),1.0,FMI (WEO)
,HUN,2020,Dette publique (% du PIB),78.7,FMI (WEO)
,ISL,2020,Dette publique (% du PIB),76.1,FMI (WEO)
,IND,2020,Dette publique (% du PIB),90.6,FMI (WEO)
,IDN,2020,Dette publique (% du PIB),39.7,FMI (WEO)
,IRN,2020,Dette publique (% du PIB),47.1,FMI (WEO)
,IRQ,2020,Dette publique (% du PIB),72.5,FMI (WEO)
,IRL,2020,Dette publique (% du PIB),56.9,FMI (WEO)
,ISR,2020,Dette publique (% du PIB),71.1,FMI (WEO)
,ITA,2020,Dette publique (% du PIB),154.4,FMI (WEO)
,JAM,2020,Dette publique (% du PIB),101.3,FMI (WEO)
,JPN,2020,Dette publique (% du PIB),228.8,FMI (WEO)
,JOR,2020,Dette publique (% du PIB),77.9,FMI (WEO)
,KAZ,2020,Dette publique (% du PIB),26.4,FMI (WEO)
,KEN,2020,Dette publique (% du PIB),68.0,FMI (WEO)
,KIR,2020,Dette publique (% du PIB),21.0,FMI (WEO)
,KOR,2020,Dette publique (% du PIB),45.9,FMI (WEO)
,UVK,2020,Dette publique (% du PIB),24.3,FMI (WEO)
,KWT,2020,Dette publique (% du PIB),10.2,FMI (WEO)
,KGZ,2020,Dette publique (% du PIB),63.6,FMI (WEO)
,LAO,2020,Dette publique (% du PIB),75.4,FMI (WEO)
,LVA,2020,Dette publique (% du PIB),44.0,FMI (WEO)
,LBN,2020,Dette publique (% du PIB),157.2,FMI (WEO)
,LSO,2020,Dette publique (% du PIB),54.7,FMI (WEO)
,LBR,2020,Dette publique (% du PIB),58.5,FMI (WEO)
,LTU,2020,Dette publique (% du PIB),45.9,FMI (WEO)
,LUX,2020,Dette publique (% du PIB),24.5,FMI (WEO)
,MAC,2020,Dette publique (% du PIB),0.0,FMI (WEO)
,MDG,2020,Dette publique (% du PIB),52.9,FMI (WEO)
,MWI,2020,Dette publique (% du PIB),53.9,FMI (WEO)
,MYS,2020,Dette publique (% du PIB),67.7,FMI (WEO)
,MDV,2020,Dette publique (% du PIB),155.7,FMI (WEO)
,MLT,2020,Dette publique (% du PIB),48.6,FMI (WEO)
,MHL,2020,Dette publique (% du PIB),21.7,FMI (WEO)
,MRT,2020,Dette publique (% du PIB),56.5,FMI (WEO)
,MUS,2020,Dette publique (% du PIB),91.9,FMI (WEO)
,MEX,2020,Dette publique (% du PIB),58.5,FMI (WEO)
,FSM,2020,Dette publique (% du PIB),21.5,FMI (WEO)
,MDA,2020,Dette publique (% du PIB),36.6,FMI (WEO)
,MNG,2020,Dette publique (% du PIB),83.4,FMI (WEO)
,MNE,2020,Dette publique (% du PIB),108.4,FMI (WEO)
,MAR,2020,Dette publique (% du PIB),72.2,FMI (WEO)
,MOZ,2020,Dette publique (% du PIB),120.0,FMI (WEO)
,MMR,2020,Dette publique (% du PIB),49.1,FMI (WEO)
,NAM,2020,Dette publique (% du PIB),64.3,FMI (WEO)
,NRU,2020,Dette publique (% du PIB),56.3,FMI (WEO)
,NPL,2020,Dette publique (% du PIB),43.3,FMI (WEO)
,NLD,2020,Dette publique (% du PIB),53.4,FMI (WEO)
,NZL,2020,Dette publique (% du PIB),43.2,FMI (WEO)
,NIC,2020,Dette publique (% du PIB),49.2,FMI (WEO)
,NGA,2020,Dette publique (% du PIB),25.7,FMI (WEO)
,MKD,2020,Dette publique (% du PIB),50.8,FMI (WEO)
,NOR,2020,Dette publique (% du PIB),44.3,FMI (WEO)
,OMN,2020,Dette publique (% du PIB),67.9,FMI (WEO)
,PAK,2020,Dette publique (% du PIB),80.8,FMI (WEO)
,PLW,2020,Dette publique (% du PIB),52.1,FMI (WEO)
,PAN,2020,Dette publique (% du PIB),62.4,FMI (WEO)
,PNG,2020,Dette publique (% du PIB),48.7,FMI (WEO)
,PRY,2020,Dette publique (% du PIB),36.9,FMI (WEO)
,PER,2020,Dette publique (% du PIB),34.3,FMI (WEO)
,PHL,2020,Dette publique (% du PIB),51.6,FMI (WEO)
,POL,2020,Dette publique (% du PIB),56.6,FMI (WEO)
,PRT,2020,Dette publique (% du PIB),134.1,FMI (WEO)
,PRI,2020,Dette publique (% du PIB),50.2,FMI (WEO)
,QAT,2020,Dette publique (% du PIB),72.6,FMI (WEO)
,COG,2020,Dette publique (% du PIB),102.5,FMI (WEO)
,ROU,2020,Dette publique (% du PIB),49.5,FMI (WEO)
,RUS,2020,Dette publique (% du PIB),19.2,FMI (WEO)
,RWA,2020,Dette publique (% du PIB),66.7,FMI (WEO)
,WSM,2020,Dette publique (% du PIB),43.2,FMI (WEO)
,SMR,2020,Dette publique (% du PIB),69.8,FMI (WEO)
,STP,2020,Dette publique (% du PIB),91.0,FMI (WEO)
,SAU,2020,Dette publique (% du PIB),29.7,FMI (WEO)
,SRB,2020,Dette publique (% du PIB),54.3,FMI (WEO)
,SYC,2020,Dette publique (% du PIB),77.4,FMI (WEO)
,SLE,2020,Dette publique (% du PIB),46.4,FMI (WEO)
,SGP,2020,Dette publique (% du PIB),147.1,FMI (WEO)
,SVK,2020,Dette publique (% du PIB),58.4,FMI (WEO)
,SVN,2020,Dette publique (% du PIB),80.2,FMI (WEO)
,SLB,2020,Dette publique (% du PIB),9.1,FMI (WEO)
,ZAF,2020,Dette publique (% du PIB),68.9,FMI (WEO)
,SSD,2020,Dette publique (% du PIB),48.3,FMI (WEO)
,ESP,2020,Dette publique (% du PIB),119.2,FMI (WEO)
,LKA,2020,Dette publique (% du PIB),96.9,FMI (WEO)
,KNA,2020,Dette publique (% du PIB),71.7,FMI (WEO)
,LCA,2020,Dette publique (% du PIB),94.4,FMI (WEO)
,VCT,2020,Dette publique (% du PIB),81.7,FMI (WEO)
,SUR,2020,Dette publique (% du PIB),146.4,FMI (WEO)
,SWE,2020,Dette publique (% du PIB),40.4,FMI (WEO)
,CHE,2020,Dette publique (% du PIB),42.4,FMI (WEO)
,TWN,2020,Dette publique (% du PIB),32.0,FMI (WEO)
,TJK,2020,Dette publique (% du PIB),50.9,FMI (WEO)
,TZA,2020,Dette publique (% du PIB),41.3,FMI (WEO)
,THA,2020,Dette publique (% du PIB),49.4,FMI (WEO)
,BHS,2020,Dette publique (% du PIB),71.9,FMI (WEO)
,GMB,2020,Dette publique (% du PIB),85.9,FMI (WEO)
,TON,2020,Dette publique (% du PIB),41.7,FMI (WEO)
,TTO,2020,Dette publique (% du PIB),81.6,FMI (WEO)
,TUN,2020,Dette publique (% du PIB),77.7,FMI (WEO)
,TUR,2020,Dette publique (% du PIB),38.3,FMI (WEO)
,TKM,2020,Dette publique (% du PIB),15.4,FMI (WEO)
,TUV,2020,Dette publique (% du PIB),12.1,FMI (WEO)
,UGA,2020,Dette publique (% du PIB),46.8,FMI (WEO)
,UKR,2020,Dette publique (% du PIB),60.5,FMI (WEO)
,ARE,2020,Dette publique (% du PIB),30.1,FMI (WEO)
,GBR,2020,Dette publique (% du PIB),104.8,FMI (WEO)
,USA,2020,Dette publique (% du PIB),132.6,FMI (WEO)
,URY,2020,Dette publique (% du PIB),68.2,FMI (WEO)
,UZB,2020,Dette publique (% du PIB),31.9,FMI (WEO)
,VUT,2020,Dette publique (% du PIB),42.9,FMI (WEO)
,VEN,2020,Dette publique (% du PIB),336.5,FMI (WEO)
,VNM,2020,Dette publique (% du PIB),41.3,FMI (WEO)
,WBG,2020,Dette publique (% du PIB),47.1,FMI (WEO)
,ZMB,2020,Dette publique (% du PIB),140.0,FMI (WEO)
,ZWE,2020,Dette publique (% du PIB),56.8,FMI (WEO)
,LIE,2020,Dette publique (% du PIB),0.5,FMI (WEO)
,ADVEC,2020,Dette publique (% du PIB),119.3,FMI (WEO)
,AFQ,2020,Dette publique (% du PIB),60.7,FMI (WEO)
,SSQ,2020,Dette publique (% du PIB),55.8,FMI (WEO)
,AS5,2020,Dette publique (% du PIB),61.5,FMI (WEO)
,APQ,2020,Dette publique (% du PIB),91.0,FMI (WEO)
,AZQ,2020,Dette publique (% du PIB),55.1,FMI (WEO)
,CBQ,2020,Dette publique (% du PIB),78.9,FMI (WEO)
,CMQ,2020,Dette publique (% du PIB),59.5,FMI (WEO)
,CAQ,2020,Dette publique (% du PIB),34.9,FMI (WEO)
,EAQ,2020,Dette publique (% du PIB),101.8,FMI (WEO)
,EEQ,2020,Dette publique (% du PIB),39.3,FMI (WEO)
,DA,2020,Dette publique (% du PIB),69.0,FMI (WEO)
,EDE,2020,Dette publique (% du PIB),37.6,FMI (WEO)
,OEMDC,2020,Dette publique (% du PIB),64.2,FMI (WEO)
,EURO,2020,Dette publique (% du PIB),96.1,FMI (WEO)
,EUQ,2020,Dette publique (% du PIB),84.8,FMI (WEO)
,EU,2020,Dette publique (% du PIB),91.3,FMI (WEO)
,WE,2020,Dette publique (% du PIB),76.1,FMI (WEO)
,MAE,2020,Dette publique (% du PIB),136.1,FMI (WEO)
,MEQ,2020,Dette publique (% du PIB),48.4,FMI (WEO)
,MECA,2020,Dette publique (% du PIB),53.9,FMI (WEO)
,NAQ,2020,Dette publique (% du PIB),74.0,FMI (WEO)
,NMQ,2020,Dette publique (% du PIB),127.8,FMI (WEO)
,OAE,2020,Dette publique (% du PIB),49.5,FMI (WEO)
,PIQ,2020,Dette publique (% du PIB),48.6,FMI (WEO)
,SMQ,2020,Dette publique (% du PIB),84.8,FMI (WEO)
,SAQ,2020,Dette publique (% du PIB),83.3,FMI (WEO)
,SEQ,2020,Dette publique (% du PIB),58.4,FMI (WEO)
,SSA,2020,Dette publique (% du PIB),51.6,FMI (WEO)
,WEQ,2020,Dette publique (% du PIB),93.8,FMI (WEO)
,WHQ,2020,Dette publique (% du PIB),122.3,FMI (WEO)
,WEOWORLD,2020,Dette publique (% du PIB),97.4,FMI (WEO)
,SDN,2021,Dette publique (% du PIB),191.3,FMI (WEO)
,AFG,2021,Dette publique (% du PIB),11.1,FMI (WEO)
,ALB,2021,Dette publique (% du PIB),74.8,FMI (WEO)
,DZA,2021,Dette publique (% du PIB),55.1,FMI (WEO)
,AND,2021,Dette publique (% du PIB),48.6,FMI (WEO)
,AGO,2021,Dette publique (% du PIB),75.5,FMI (WEO)
,ATG,2021,Dette publique (% du PIB),93.0,FMI (WEO)
,ARG,2021,Dette publique (% du PIB),81.0,FMI (WEO)
,ARM,2021,Dette publique (% du PIB),63.4,FMI (WEO)
,ABW,2021,Dette publique (% du PIB),109.7,FMI (WEO)
,AUS,2021,Dette publique (% du PIB),55.4,FMI (WEO)
,AUT,2021,Dette publique (% du PIB),82.4,FMI (WEO)
,AZE,2021,Dette publique (% du PIB),26.3,FMI (WEO)
,BHR,2021,Dette publique (% du PIB),122.3,FMI (WEO)
,BGD,2021,Dette publique (% du PIB),35.6,FMI (WEO)
,BRB,2021,Dette publique (% du PIB),108.6,FMI (WEO)
,BLR,2021,Dette publique (% du PIB),41.2,FMI (WEO)
,BEL,2021,Dette publique (% du PIB),108.5,FMI (WEO)
,BLZ,2021,Dette publique (% du PIB),82.2,FMI (WEO)
,BTN,2021,Dette publique (% du PIB),124.5,FMI (WEO)
,BOL,2021,Dette publique (% du PIB),68.7,FMI (WEO)
,BIH,2021,Dette publique (% du PIB),35.8,FMI (WEO)
,BWA,2021,Dette publique (% du PIB),22.3,FMI (WEO)
,BRA,2021,Dette publique (% du PIB),88.9,FMI (WEO)
,BRN,2021,Dette publique (% du PIB),1.4,FMI (WEO)
,BGR,2021,Dette publique (% du PIB),23.9,FMI (WEO)
,BDI,2021,Dette publique (% du PIB),63.6,FMI (WEO)
,CPV,2021,Dette publique (% du PIB),149.5,FMI (WEO)
,KHM,2021,Dette publique (% du PIB),26.4,FMI (WEO)
,CMR,2021,Dette publique (% du PIB),47.2,FMI (WEO)
,CAN,2021,Dette publique (% du PIB),112.6,FMI (WEO)
,CAF,2021,Dette publique (% du PIB),46.3,FMI (WEO)
,TCD,2021,Dette publique (% du PIB),41.7,FMI (WEO)
,CHL,2021,Dette publique (% du PIB),36.4,FMI (WEO)
,CHN,2021,Dette publique (% du PIB),72.1,FMI (WEO)
,COL,2021,Dette publique (% du PIB),64.4,FMI (WEO)
,COM,2021,Dette publique (% du PIB),27.9,FMI (WEO)
,COD,2021,Dette publique (% du PIB),14.0,FMI (WEO)
,CRI,2021,Dette publique (% du PIB),67.0,FMI (WEO)
,HRV,2021,Dette publique (% du PIB),78.2,FMI (WEO)
,CYP,2021,Dette publique (% du PIB),96.5,FMI (WEO)
,CZE,2021,Dette publique (% du PIB),40.7,FMI (WEO)
,TLS,2021,Dette publique (% du PIB),6.5,FMI (WEO)
,DNK,2021,Dette publique (% du PIB),39.6,FMI (WEO)
,DJI,2021,Dette publique (% du PIB),40.3,FMI (WEO)
,DMA,2021,Dette publique (% du PIB),116.3,FMI (WEO)
,DOM,2021,Dette publique (% du PIB),62.8,FMI (WEO)
,ECU,2021,Dette publique (% du PIB),61.8,FMI (WEO)
,EGY,2021,Dette publique (% du PIB),89.9,FMI (WEO)
,SLV,2021,Dette publique (% du PIB),88.0,FMI (WEO)
,GNQ,2021,Dette publique (% du PIB),42.3,FMI (WEO)
,EST,2021,Dette publique (% du PIB),18.4,FMI (WEO)
,SWZ,2021,Dette publique (% du PIB),37.3,FMI (WEO)
,ETH,2021,Dette publique (% du PIB),53.8,FMI (WEO)
,FJI,2021,Dette publique (% du PIB),86.7,FMI (WEO)
,FIN,2021,Dette publique (% du PIB),73.1,FMI (WEO)
,FRA,2021,Dette publique (% du PIB),112.8,FMI (WEO)
,GAB,2021,Dette publique (% du PIB),72.9,FMI (WEO)
,GEO,2021,Dette publique (% du PIB),49.1,FMI (WEO)
,DEU,2021,Dette publique (% du PIB),67.9,FMI (WEO)
,GHA,2021,Dette publique (% du PIB),86.9,FMI (WEO)
,GRC,2021,Dette publique (% du PIB),197.8,FMI (WEO)
,GRD,2021,Dette publique (% du PIB),86.6,FMI (WEO)
,GTM,2021,Dette publique (% du PIB),30.6,FMI (WEO)
,GIN,2021,Dette publique (% du PIB),40.6,FMI (WEO)
,GUY,2021,Dette publique (% du PIB),38.9,FMI (WEO)
,HTI,2021,Dette publique (% du PIB),28.4,FMI (WEO)
,HND,2021,Dette publique (% du PIB),52.7,FMI (WEO)
,HKG,2021,Dette publique (% du PIB),1.9,FMI (WEO)
,HUN,2021,Dette publique (% du PIB),76.2,FMI (WEO)
,ISL,2021,Dette publique (% du PIB),73.6,FMI (WEO)
,IND,2021,Dette publique (% du PIB),85.7,FMI (WEO)
,IDN,2021,Dette publique (% du PIB),41.1,FMI (WEO)
,IRN,2021,Dette publique (% du PIB),39.9,FMI (WEO)
,IRQ,2021,Dette publique (% du PIB),54.7,FMI (WEO)
,IRL,2021,Dette publique (% du PIB),52.4,FMI (WEO)
,ISR,2021,Dette publique (% du PIB),67.7,FMI (WEO)
,ITA,2021,Dette publique (% du PIB),145.8,FMI (WEO)
,JAM,2021,Dette publique (% du PIB),86.3,FMI (WEO)
,JPN,2021,Dette publique (% du PIB),222.7,FMI (WEO)
,JOR,2021,Dette publique (% du PIB),79.9,FMI (WEO)
,KAZ,2021,Dette publique (% du PIB),25.1,FMI (WEO)
,KEN,2021,Dette publique (% du PIB),68.2,FMI (WEO)
,KIR,2021,Dette publique (% du PIB),17.3,FMI (WEO)
,KOR,2021,Dette publique (% du PIB),48.0,FMI (WEO)
,UVK,2021,Dette publique (% du PIB),23.1,FMI (WEO)
,KWT,2021,Dette publique (% du PIB),7.2,FMI (WEO)
,KGZ,2021,Dette publique (% du PIB),56.2,FMI (WEO)
,LAO,2021,Dette publique (% du PIB),92.2,FMI (WEO)
,LVA,2021,Dette publique (% du PIB),45.9,FMI (WEO)
,LBN,2021,Dette publique (% du PIB),345.5,FMI (WEO)
,LSO,2021,Dette publique (% du PIB),58.0,FMI (WEO)
,LBR,2021,Dette publique (% du PIB),53.5,FMI (WEO)
,LTU,2021,Dette publique (% du PIB),43.3,FMI (WEO)
,LUX,2021,Dette publique (% du PIB),24.2,FMI (WEO)
,MAC,2021,Dette publique (% du PIB),0.0,FMI (WEO)
,MDG,2021,Dette publique (% du PIB),49.4,FMI (WEO)
,MWI,2021,Dette publique (% du PIB),66.5,FMI (WEO)
,MYS,2021,Dette publique (% du PIB),69.2,FMI (WEO)
,MDV,2021,Dette publique (% du PIB),123.4,FMI (WEO)
,MLT,2021,Dette publique (% du PIB),49.6,FMI (WEO)
,MHL,2021,Dette publique (% du PIB),19.9,FMI (WEO)
,MRT,2021,Dette publique (% du PIB),54.5,FMI (WEO)
,MUS,2021,Dette publique (% du PIB),86.1,FMI (WEO)
,MEX,2021,Dette publique (% du PIB),56.7,FMI (WEO)
,FSM,2021,Dette publique (% du PIB),17.0,FMI (WEO)
,MDA,2021,Dette publique (% du PIB),33.6,FMI (WEO)
,MNG,2021,Dette publique (% du PIB),67.3,FMI (WEO)
,MNE,2021,Dette publique (% du PIB),86.2,FMI (WEO)
,MAR,2021,Dette publique (% du PIB),69.4,FMI (WEO)
,MOZ,2021,Dette publique (% du PIB),104.3,FMI (WEO)
,MMR,2021,Dette publique (% du PIB),63.4,FMI (WEO)
,NAM,2021,Dette publique (% du PIB),69.6,FMI (WEO)
,NRU,2021,Dette publique (% du PIB),24.2,FMI (WEO)
,NPL,2021,Dette publique (% du PIB),43.3,FMI (WEO)
,NLD,2021,Dette publique (% du PIB),50.5,FMI (WEO)
,NZL,2021,Dette publique (% du PIB),47.5,FMI (WEO)
,NIC,2021,Dette publique (% du PIB),48.4,FMI (WEO)
,NGA,2021,Dette publique (% du PIB),26.6,FMI (WEO)
,MKD,2021,Dette publique (% du PIB),52.7,FMI (WEO)
,NOR,2021,Dette publique (% du PIB),40.1,FMI (WEO)
,OMN,2021,Dette publique (% du PIB),61.9,FMI (WEO)
,PAK,2021,Dette publique (% du PIB),74.7,FMI (WEO)
,PLW,2021,Dette publique (% du PIB),69.9,FMI (WEO)
,PAN,2021,Dette publique (% du PIB),58.0,FMI (WEO)
,PNG,2021,Dette publique (% du PIB),52.6,FMI (WEO)
,PRY,2021,Dette publique (% du PIB),37.5,FMI (WEO)
,PER,2021,Dette publique (% du PIB),35.5,FMI (WEO)
,PHL,2021,Dette publique (% du PIB),57.0,FMI (WEO)
,POL,2021,Dette publique (% du PIB),53.0,FMI (WEO)
,PRT,2021,Dette publique (% du PIB),123.9,FMI (WEO)
,PRI,2021,Dette publique (% du PIB),48.9,FMI (WEO)
,QAT,2021,Dette publique (% du PIB),58.4,FMI (WEO)
,COG,2021,Dette publique (% du PIB),97.8,FMI (WEO)
,ROU,2021,Dette publique (% du PIB),51.8,FMI (WEO)
,RUS,2021,Dette publique (% du PIB),16.5,FMI (WEO)
,RWA,2021,Dette publique (% du PIB),66.2,FMI (WEO)
,WSM,2021,Dette publique (% du PIB),45.4,FMI (WEO)
,SMR,2021,Dette publique (% du PIB),77.2,FMI (WEO)
,STP,2021,Dette publique (% du PIB),85.1,FMI (WEO)
,SAU,2021,Dette publique (% du PIB),25.5,FMI (WEO)
,SRB,2021,Dette publique (% du PIB),53.6,FMI (WEO)
,SYC,2021,Dette publique (% du PIB),71.0,FMI (WEO)
,SLE,2021,Dette publique (% du PIB),47.1,FMI (WEO)
,SGP,2021,Dette publique (% du PIB),139.9,FMI (WEO)
,SVK,2021,Dette publique (% du PIB),60.2,FMI (WEO)
,SVN,2021,Dette publique (% du PIB),74.8,FMI (WEO)
,SLB,2021,Dette publique (% du PIB),16.1,FMI (WEO)
,ZAF,2021,Dette publique (% du PIB),68.8,FMI (WEO)
,SSD,2021,Dette publique (% du PIB),56.4,FMI (WEO)
,ESP,2021,Dette publique (% du PIB),115.6,FMI (WEO)
,LKA,2021,Dette publique (% du PIB),102.7,FMI (WEO)
,KNA,2021,Dette publique (% du PIB),73.0,FMI (WEO)
,LCA,2021,Dette publique (% du PIB),81.9,FMI (WEO)
,VCT,2021,Dette publique (% du PIB),88.3,FMI (WEO)
,SUR,2021,Dette publique (% du PIB),115.8,FMI (WEO)
,SWE,2021,Dette publique (% du PIB),37.3,FMI (WEO)
,CHE,2021,Dette publique (% du PIB),39.7,FMI (WEO)
,TWN,2021,Dette publique (% du PIB),30.1,FMI (WEO)
,TJK,2021,Dette publique (% du PIB),42.0,FMI (WEO)
,TZA,2021,Dette publique (% du PIB),43.4,FMI (WEO)
,THA,2021,Dette publique (% du PIB),58.4,FMI (WEO)
,BHS,2021,Dette publique (% du PIB),90.7,FMI (WEO)
,GMB,2021,Dette publique (% du PIB),83.1,FMI (WEO)
,TON,2021,Dette publique (% du PIB),43.0,FMI (WEO)
,TTO,2021,Dette publique (% du PIB),80.2,FMI (WEO)
,TUN,2021,Dette publique (% du PIB),79.7,FMI (WEO)
,TUR,2021,Dette publique (% du PIB),38.9,FMI (WEO)
,TKM,2021,Dette publique (% du PIB),12.3,FMI (WEO)
,TUV,2021,Dette publique (% du PIB),11.3,FMI (WEO)
,UGA,2021,Dette publique (% du PIB),50.3,FMI (WEO)
,UKR,2021,Dette publique (% du PIB),48.9,FMI (WEO)
,ARE,2021,Dette publique (% du PIB),35.7,FMI (WEO)
,GBR,2021,Dette publique (% du PIB),103.4,FMI (WEO)
,USA,2021,Dette publique (% du PIB),125.0,FMI (WEO)
,URY,2021,Dette publique (% du PIB),64.1,FMI (WEO)
,UZB,2021,Dette publique (% du PIB),30.2,FMI (WEO)
,VUT,2021,Dette publique (% du PIB),42.2,FMI (WEO)
,VEN,2021,Dette publique (% du PIB),254.2,FMI (WEO)
,VNM,2021,Dette publique (% du PIB),39.2,FMI (WEO)
,WBG,2021,Dette publique (% du PIB),50.2,FMI (WEO)
,ZMB,2021,Dette publique (% du PIB),111.0,FMI (WEO)
,ZWE,2021,Dette publique (% du PIB),39.9,FMI (WEO)
,LIE,2021,Dette publique (% du PIB),0.5,FMI (WEO)
,ADVEC,2021,Dette publique (% du PIB),112.9,FMI (WEO)
,AFQ,2021,Dette publique (% du PIB),60.3,FMI (WEO)
,SSQ,2021,Dette publique (% du PIB),53.8,FMI (WEO)
,AS5,2021,Dette publique (% du PIB),65.6,FMI (WEO)
,APQ,2021,Dette publique (% du PIB),88.1,FMI (WEO)
,AZQ,2021,Dette publique (% du PIB),54.3,FMI (WEO)
,CBQ,2021,Dette publique (% du PIB),72.7,FMI (WEO)
,CMQ,2021,Dette publique (% du PIB),56.1,FMI (WEO)
,CAQ,2021,Dette publique (% du PIB),34.9,FMI (WEO)
,EAQ,2021,Dette publique (% du PIB),97.8,FMI (WEO)
,EEQ,2021,Dette publique (% du PIB),36.5,FMI (WEO)
,DA,2021,Dette publique (% du PIB),70.6,FMI (WEO)
,EDE,2021,Dette publique (% du PIB),35.0,FMI (WEO)
,OEMDC,2021,Dette publique (% du PIB),63.8,FMI (WEO)
,EURO,2021,Dette publique (% du PIB),93.4,FMI (WEO)
,EUQ,2021,Dette publique (% du PIB),81.5,FMI (WEO)
,EU,2021,Dette publique (% du PIB),88.4,FMI (WEO)
,WE,2021,Dette publique (% du PIB),70.4,FMI (WEO)
,MAE,2021,Dette publique (% du PIB),129.1,FMI (WEO)
,MEQ,2021,Dette publique (% du PIB),44.3,FMI (WEO)
,MECA,2021,Dette publique (% du PIB),50.0,FMI (WEO)
,NAQ,2021,Dette publique (% du PIB),77.6,FMI (WEO)
,NMQ,2021,Dette publique (% du PIB),120.5,FMI (WEO)
,OAE,2021,Dette publique (% du PIB),49.0,FMI (WEO)
,PIQ,2021,Dette publique (% du PIB),54.2,FMI (WEO)
,SMQ,2021,Dette publique (% du PIB),77.4,FMI (WEO)
,SAQ,2021,Dette publique (% du PIB),79.6,FMI (WEO)
,SEQ,2021,Dette publique (% du PIB),62.1,FMI (WEO)
,SSA,2021,Dette publique (% du PIB),51.5,FMI (WEO)
,WEQ,2021,Dette publique (% du PIB),90.8,FMI (WEO)
,WHQ,2021,Dette publique (% du PIB),114.9,FMI (WEO)
,WEOWORLD,2021,Dette publique (% du PIB),92.8,FMI (WEO)
,SDN,2022,Dette publique (% du PIB),189.0,FMI (WEO)
,AFG,2022,Dette publique (% du PIB),10.6,FMI (WEO)
,ALB,2022,Dette publique (% du PIB),64.7,FMI (WEO)
,DZA,2022,Dette publique (% du PIB),48.1,FMI (WEO)
,AND,2022,Dette publique (% du PIB),38.9,FMI (WEO)
,AGO,2022,Dette publique (% du PIB),57.4,FMI (WEO)
,ATG,2022,Dette publique (% du PIB),82.4,FMI (WEO)
,ARG,2022,Dette publique (% du PIB),84.3,FMI (WEO)
,ARM,2022,Dette publique (% du PIB),49.2,FMI (WEO)
,ABW,2022,Dette publique (% du PIB),96.1,FMI (WEO)
,AUS,2022,Dette publique (% du PIB),50.0,FMI (WEO)
,AUT,2022,Dette publique (% du PIB),78.1,FMI (WEO)
,AZE,2022,Dette publique (% du PIB),17.3,FMI (WEO)
,BHR,2022,Dette publique (% du PIB),111.6,FMI (WEO)
,BGD,2022,Dette publique (% du PIB),37.9,FMI (WEO)
,BRB,2022,Dette publique (% du PIB),104.0,FMI (WEO)
,BLR,2022,Dette publique (% du PIB),40.8,FMI (WEO)
,BEL,2022,Dette publique (% du PIB),103.1,FMI (WEO)
,BLZ,2022,Dette publique (% du PIB),66.8,FMI (WEO)
,BTN,2022,Dette publique (% du PIB),119.9,FMI (WEO)
,BOL,2022,Dette publique (% du PIB),69.2,FMI (WEO)
,BIH,2022,Dette publique (% du PIB),31.2,FMI (WEO)
,BWA,2022,Dette publique (% du PIB),21.0,FMI (WEO)
,BRA,2022,Dette publique (% du PIB),83.9,FMI (WEO)
,BRN,2022,Dette publique (% du PIB),1.3,FMI (WEO)
,BGR,2022,Dette publique (% du PIB),22.5,FMI (WEO)
,BDI,2022,Dette publique (% du PIB),69.8,FMI (WEO)
,CPV,2022,Dette publique (% du PIB),127.6,FMI (WEO)
,KHM,2022,Dette publique (% du PIB),25.3,FMI (WEO)
,CMR,2022,Dette publique (% du PIB),45.6,FMI (WEO)
,CAN,2022,Dette publique (% du PIB),103.5,FMI (WEO)
,CAF,2022,Dette publique (% du PIB),48.9,FMI (WEO)
,TCD,2022,Dette publique (% du PIB),32.1,FMI (WEO)
,CHL,2022,Dette publique (% du PIB),37.9,FMI (WEO)
,CHN,2022,Dette publique (% du PIB),77.3,FMI (WEO)
,COL,2022,Dette publique (% du PIB),61.3,FMI (WEO)
,COM,2022,Dette publique (% du PIB),30.2,FMI (WEO)
,COD,2022,Dette publique (% du PIB),14.7,FMI (WEO)
,CRI,2022,Dette publique (% du PIB),61.4,FMI (WEO)
,HRV,2022,Dette publique (% du PIB),68.5,FMI (WEO)
,CYP,2022,Dette publique (% du PIB),80.3,FMI (WEO)
,CZE,2022,Dette publique (% du PIB),42.5,FMI (WEO)
,TLS,2022,Dette publique (% du PIB),7.9,FMI (WEO)
,DNK,2022,Dette publique (% du PIB),33.3,FMI (WEO)
,DJI,2022,Dette publique (% du PIB),38.3,FMI (WEO)
,DMA,2022,Dette publique (% du PIB),110.0,FMI (WEO)
,DOM,2022,Dette publique (% du PIB),59.6,FMI (WEO)
,ECU,2022,Dette publique (% du PIB),57.2,FMI (WEO)
,EGY,2022,Dette publique (% du PIB),88.5,FMI (WEO)
,SLV,2022,Dette publique (% du PIB),83.7,FMI (WEO)
,GNQ,2022,Dette publique (% du PIB),29.8,FMI (WEO)
,EST,2022,Dette publique (% du PIB),19.2,FMI (WEO)
,SWZ,2022,Dette publique (% du PIB),39.5,FMI (WEO)
,ETH,2022,Dette publique (% du PIB),46.9,FMI (WEO)
,FJI,2022,Dette publique (% du PIB),91.5,FMI (WEO)
,FIN,2022,Dette publique (% du PIB),74.0,FMI (WEO)
,FRA,2022,Dette publique (% du PIB),111.4,FMI (WEO)
,GAB,2022,Dette publique (% du PIB),65.6,FMI (WEO)
,GEO,2022,Dette publique (% du PIB),39.2,FMI (WEO)
,DEU,2022,Dette publique (% du PIB),64.4,FMI (WEO)
,GHA,2022,Dette publique (% du PIB),92.7,FMI (WEO)
,GRC,2022,Dette publique (% du PIB),179.2,FMI (WEO)
,GRD,2022,Dette publique (% du PIB),79.3,FMI (WEO)
,GTM,2022,Dette publique (% du PIB),29.0,FMI (WEO)
,GIN,2022,Dette publique (% du PIB),37.2,FMI (WEO)
,GUY,2022,Dette publique (% du PIB),24.8,FMI (WEO)
,HTI,2022,Dette publique (% du PIB),29.2,FMI (WEO)
,HND,2022,Dette publique (% du PIB),46.9,FMI (WEO)
,HKG,2022,Dette publique (% du PIB),4.3,FMI (WEO)
,HUN,2022,Dette publique (% du PIB),74.1,FMI (WEO)
,ISL,2022,Dette publique (% du PIB),66.4,FMI (WEO)
,IND,2022,Dette publique (% du PIB),84.6,FMI (WEO)
,IDN,2022,Dette publique (% du PIB),40.1,FMI (WEO)
,IRN,2022,Dette publique (% du PIB),34.5,FMI (WEO)
,IRQ,2022,Dette publique (% du PIB),39.0,FMI (WEO)
,IRL,2022,Dette publique (% du PIB),42.9,FMI (WEO)
,ISR,2022,Dette publique (% du PIB),60.3,FMI (WEO)
,ITA,2022,Dette publique (% du PIB),138.4,FMI (WEO)
,JAM,2022,Dette publique (% du PIB),70.2,FMI (WEO)
,JPN,2022,Dette publique (% du PIB),227.8,FMI (WEO)
,JOR,2022,Dette publique (% du PIB),80.7,FMI (WEO)
,KAZ,2022,Dette publique (% du PIB),23.5,FMI (WEO)
,KEN,2022,Dette publique (% du PIB),67.8,FMI (WEO)
,KIR,2022,Dette publique (% du PIB),16.2,FMI (WEO)
,KOR,2022,Dette publique (% du PIB),49.8,FMI (WEO)
,UVK,2022,Dette publique (% du PIB),21.4,FMI (WEO)
,KWT,2022,Dette publique (% du PIB),3.0,FMI (WEO)
,KGZ,2022,Dette publique (% du PIB),46.8,FMI (WEO)
,LAO,2022,Dette publique (% du PIB),115.7,FMI (WEO)
,LVA,2022,Dette publique (% du PIB),44.4,FMI (WEO)
,LBN,2022,Dette publique (% du PIB),235.9,FMI (WEO)
,LSO,2022,Dette publique (% du PIB),64.4,FMI (WEO)
,LBR,2022,Dette publique (% du PIB),54.4,FMI (WEO)
,LTU,2022,Dette publique (% du PIB),38.3,FMI (WEO)
,LUX,2022,Dette publique (% du PIB),24.9,FMI (WEO)
,MAC,2022,Dette publique (% du PIB),0.0,FMI (WEO)
,MDG,2022,Dette publique (% du PIB),49.8,FMI (WEO)
,MWI,2022,Dette publique (% du PIB),75.7,FMI (WEO)
,MYS,2022,Dette publique (% du PIB),65.5,FMI (WEO)
,MDV,2022,Dette publique (% du PIB),111.6,FMI (WEO)
,MLT,2022,Dette publique (% du PIB),50.1,FMI (WEO)
,MHL,2022,Dette publique (% du PIB),19.6,FMI (WEO)
,MRT,2022,Dette publique (% du PIB),50.3,FMI (WEO)
,MUS,2022,Dette publique (% du PIB),81.8,FMI (WEO)
,MEX,2022,Dette publique (% du PIB),53.8,FMI (WEO)
,FSM,2022,Dette publique (% du PIB),15.1,FMI (WEO)
,MDA,2022,Dette publique (% du PIB),35.0,FMI (WEO)
,MNG,2022,Dette publique (% du PIB),64.5,FMI (WEO)
,MNE,2022,Dette publique (% du PIB),70.3,FMI (WEO)
,MAR,2022,Dette publique (% du PIB),71.4,FMI (WEO)
,MOZ,2022,Dette publique (% du PIB),100.4,FMI (WEO)
,MMR,2022,Dette publique (% du PIB),56.0,FMI (WEO)
,NAM,2022,Dette publique (% du PIB),70.1,FMI (WEO)
,NRU,2022,Dette publique (% du PIB),18.9,FMI (WEO)
,NPL,2022,Dette publique (% du PIB),42.7,FMI (WEO)
,NLD,2022,Dette publique (% du PIB),48.4,FMI (WEO)
,NZL,2022,Dette publique (% du PIB),46.9,FMI (WEO)
,NIC,2022,Dette publique (% du PIB),45.9,FMI (WEO)
,NGA,2022,Dette publique (% du PIB),29.8,FMI (WEO)
,MKD,2022,Dette publique (% du PIB),50.4,FMI (WEO)
,NOR,2022,Dette publique (% du PIB),34.8,FMI (WEO)
,OMN,2022,Dette publique (% du PIB),41.7,FMI (WEO)
,PAK,2022,Dette publique (% du PIB),77.3,FMI (WEO)
,PLW,2022,Dette publique (% du PIB),68.9,FMI (WEO)
,PAN,2022,Dette publique (% du PIB),56.2,FMI (WEO)
,PNG,2022,Dette publique (% du PIB),48.2,FMI (WEO)
,PRY,2022,Dette publique (% du PIB),40.6,FMI (WEO)
,PER,2022,Dette publique (% du PIB),33.5,FMI (WEO)
,PHL,2022,Dette publique (% du PIB),57.4,FMI (WEO)
,POL,2022,Dette publique (% du PIB),48.8,FMI (WEO)
,PRT,2022,Dette publique (% du PIB),111.2,FMI (WEO)
,PRI,2022,Dette publique (% du PIB),16.7,FMI (WEO)
,QAT,2022,Dette publique (% du PIB),42.6,FMI (WEO)
,COG,2022,Dette publique (% du PIB),93.5,FMI (WEO)
,ROU,2022,Dette publique (% du PIB),51.9,FMI (WEO)
,RUS,2022,Dette publique (% du PIB),15.1,FMI (WEO)
,RWA,2022,Dette publique (% du PIB),59.0,FMI (WEO)
,WSM,2022,Dette publique (% du PIB),41.0,FMI (WEO)
,SMR,2022,Dette publique (% du PIB),70.6,FMI (WEO)
,STP,2022,Dette publique (% du PIB),86.8,FMI (WEO)
,SAU,2022,Dette publique (% du PIB),21.3,FMI (WEO)
,SRB,2022,Dette publique (% du PIB),50.9,FMI (WEO)
,SYC,2022,Dette publique (% du PIB),60.6,FMI (WEO)
,SLE,2022,Dette publique (% du PIB),54.0,FMI (WEO)
,SGP,2022,Dette publique (% du PIB),153.3,FMI (WEO)
,SVK,2022,Dette publique (% du PIB),57.8,FMI (WEO)
,SVN,2022,Dette publique (% du PIB),72.8,FMI (WEO)
,SLB,2022,Dette publique (% du PIB),16.5,FMI (WEO)
,ZAF,2022,Dette publique (% du PIB),70.7,FMI (WEO)
,SSD,2022,Dette publique (% du PIB),42.1,FMI (WEO)
,ESP,2022,Dette publique (% du PIB),109.2,FMI (WEO)
,LKA,2022,Dette publique (% du PIB),115.9,FMI (WEO)
,KNA,2022,Dette publique (% du PIB),64.5,FMI (WEO)
,LCA,2022,Dette publique (% du PIB),73.9,FMI (WEO)
,VCT,2022,Dette publique (% du PIB),88.6,FMI (WEO)
,SUR,2022,Dette publique (% du PIB),111.7,FMI (WEO)
,SWE,2022,Dette publique (% du PIB),34.2,FMI (WEO)
,CHE,2022,Dette publique (% du PIB),35.9,FMI (WEO)
,TWN,2022,Dette publique (% du PIB),29.5,FMI (WEO)
,TJK,2022,Dette publique (% du PIB),31.8,FMI (WEO)
,TZA,2022,Dette publique (% du PIB),44.9,FMI (WEO)
,THA,2022,Dette publique (% du PIB),60.5,FMI (WEO)
,BHS,2022,Dette publique (% du PIB),84.7,FMI (WEO)
,GMB,2022,Dette publique (% du PIB),83.9,FMI (WEO)
,TON,2022,Dette publique (% du PIB),40.2,FMI (WEO)
,TTO,2022,Dette publique (% du PIB),69.9,FMI (WEO)
,TUN,2022,Dette publique (% du PIB),83.0,FMI (WEO)
,TUR,2022,Dette publique (% du PIB),29.4,FMI (WEO)
,TKM,2022,Dette publique (% du PIB),7.1,FMI (WEO)
,TUV,2022,Dette publique (% du PIB),6.3,FMI (WEO)
,UGA,2022,Dette publique (% du PIB),49.9,FMI (WEO)
,UKR,2022,Dette publique (% du PIB),77.7,FMI (WEO)
,ARE,2022,Dette publique (% du PIB),31.5,FMI (WEO)
,GBR,2022,Dette publique (% du PIB),97.5,FMI (WEO)
,USA,2022,Dette publique (% du PIB),119.1,FMI (WEO)
,URY,2022,Dette publique (% du PIB),59.4,FMI (WEO)
,UZB,2022,Dette publique (% du PIB),29.2,FMI (WEO)
,VUT,2022,Dette publique (% du PIB),39.2,FMI (WEO)
,VEN,2022,Dette publique (% du PIB),164.4,FMI (WEO)
,VNM,2022,Dette publique (% du PIB),34.9,FMI (WEO)
,WBG,2022,Dette publique (% du PIB),47.1,FMI (WEO)
,ZMB,2022,Dette publique (% du PIB),99.5,FMI (WEO)
,ZWE,2022,Dette publique (% du PIB),66.8,FMI (WEO)
,LIE,2022,Dette publique (% du PIB),0.5,FMI (WEO)
,ADVEC,2022,Dette publique (% du PIB),107.9,FMI (WEO)
,AFQ,2022,Dette publique (% du PIB),60.0,FMI (WEO)
,SSQ,2022,Dette publique (% du PIB),54.1,FMI (WEO)
,AS5,2022,Dette publique (% du PIB),67.3,FMI (WEO)
,APQ,2022,Dette publique (% du PIB),87.6,FMI (WEO)
,AZQ,2022,Dette publique (% du PIB),49.7,FMI (WEO)
,CBQ,2022,Dette publique (% du PIB),63.9,FMI (WEO)
,CMQ,2022,Dette publique (% du PIB),52.9,FMI (WEO)
,CAQ,2022,Dette publique (% du PIB),27.4,FMI (WEO)
,EAQ,2022,Dette publique (% du PIB),98.9,FMI (WEO)
,EEQ,2022,Dette publique (% du PIB),33.6,FMI (WEO)
,DA,2022,Dette publique (% du PIB),73.9,FMI (WEO)
,EDE,2022,Dette publique (% du PIB),30.8,FMI (WEO)
,OEMDC,2022,Dette publique (% du PIB),63.7,FMI (WEO)
,EURO,2022,Dette publique (% du PIB),88.9,FMI (WEO)
,EUQ,2022,Dette publique (% du PIB),75.9,FMI (WEO)
,EU,2022,Dette publique (% du PIB),83.9,FMI (WEO)
,WE,2022,Dette publique (% du PIB),67.9,FMI (WEO)
,MAE,2022,Dette publique (% du PIB),122.9,FMI (WEO)
,MEQ,2022,Dette publique (% du PIB),36.0,FMI (WEO)
,MECA,2022,Dette publique (% du PIB),43.2,FMI (WEO)
,NAQ,2022,Dette publique (% du PIB),75.3,FMI (WEO)
,NMQ,2022,Dette publique (% du PIB),114.4,FMI (WEO)
,OAE,2022,Dette publique (% du PIB),47.8,FMI (WEO)
,PIQ,2022,Dette publique (% du PIB),51.2,FMI (WEO)
,SMQ,2022,Dette publique (% du PIB),75.0,FMI (WEO)
,SAQ,2022,Dette publique (% du PIB),79.0,FMI (WEO)
,SEQ,2022,Dette publique (% du PIB),62.9,FMI (WEO)
,SSA,2022,Dette publique (% du PIB),52.1,FMI (WEO)
,WEQ,2022,Dette publique (% du PIB),85.7,FMI (WEO)
,WHQ,2022,Dette publique (% du PIB),109.0,FMI (WEO)
,WEOWORLD,2022,Dette publique (% du PIB),89.2,FMI (WEO)
,SDN,2023,Dette publique (% du PIB),261.2,FMI (WEO)
,AFG,2023,Dette publique (% du PIB),8.3,FMI (WEO)
,ALB,2023,Dette publique (% du PIB),58.0,FMI (WEO)
,DZA,2023,Dette publique (% du PIB),47.7,FMI (WEO)
,AND,2023,Dette publique (% du PIB),35.4,FMI (WEO)
,AGO,2023,Dette publique (% du PIB),75.7,FMI (WEO)
,ATG,2023,Dette publique (% du PIB),74.5,FMI (WEO)
,ARG,2023,Dette publique (% du PIB),154.6,FMI (WEO)
,ARM,2023,Dette publique (% du PIB),50.5,FMI (WEO)
,ABW,2023,Dette publique (% du PIB),80.3,FMI (WEO)
,AUS,2023,Dette publique (% du PIB),49.4,FMI (WEO)
,AUT,2023,Dette publique (% du PIB),77.8,FMI (WEO)
,AZE,2023,Dette publique (% du PIB),21.8,FMI (WEO)
,BHR,2023,Dette publique (% du PIB),123.0,FMI (WEO)
,BGD,2023,Dette publique (% du PIB),39.7,FMI (WEO)
,BRB,2023,Dette publique (% du PIB),104.1,FMI (WEO)
,BLR,2023,Dette publique (% du PIB),40.7,FMI (WEO)
,BEL,2023,Dette publique (% du PIB),102.2,FMI (WEO)
,BLZ,2023,Dette publique (% du PIB),67.5,FMI (WEO)
,BTN,2023,Dette publique (% du PIB),117.2,FMI (WEO)
,BOL,2023,Dette publique (% du PIB),78.3,FMI (WEO)
,BIH,2023,Dette publique (% du PIB),29.0,FMI (WEO)
,BWA,2023,Dette publique (% du PIB),22.5,FMI (WEO)
,BRA,2023,Dette publique (% du PIB),84.0,FMI (WEO)
,BRN,2023,Dette publique (% du PIB),1.7,FMI (WEO)
,BGR,2023,Dette publique (% du PIB),22.9,FMI (WEO)
,BDI,2023,Dette publique (% du PIB),59.9,FMI (WEO)
,CPV,2023,Dette publique (% du PIB),117.5,FMI (WEO)
,KHM,2023,Dette publique (% du PIB),26.3,FMI (WEO)
,CMR,2023,Dette publique (% du PIB),43.6,FMI (WEO)
,CAN,2023,Dette publique (% du PIB),105.1,FMI (WEO)
,CAF,2023,Dette publique (% du PIB),55.6,FMI (WEO)
,TCD,2023,Dette publique (% du PIB),32.2,FMI (WEO)
,CHL,2023,Dette publique (% du PIB),39.4,FMI (WEO)
,CHN,2023,Dette publique (% du PIB),84.1,FMI (WEO)
,COL,2023,Dette publique (% du PIB),55.4,FMI (WEO)
,COM,2023,Dette publique (% du PIB),31.5,FMI (WEO)
,COD,2023,Dette publique (% du PIB),15.7,FMI (WEO)
,CRI,2023,Dette publique (% du PIB),60.4,FMI (WEO)
,HRV,2023,Dette publique (% du PIB),60.9,FMI (WEO)
,CYP,2023,Dette publique (% du PIB),71.1,FMI (WEO)
,CZE,2023,Dette publique (% du PIB),42.2,FMI (WEO)
,TLS,2023,Dette publique (% du PIB),12.4,FMI (WEO)
,DNK,2023,Dette publique (% du PIB),33.0,FMI (WEO)
,DJI,2023,Dette publique (% du PIB),35.6,FMI (WEO)
,DMA,2023,Dette publique (% du PIB),101.3,FMI (WEO)
,DOM,2023,Dette publique (% du PIB),60.5,FMI (WEO)
,ECU,2023,Dette publique (% du PIB),54.5,FMI (WEO)
,EGY,2023,Dette publique (% du PIB),95.9,FMI (WEO)
,SLV,2023,Dette publique (% du PIB),85.0,FMI (WEO)
,GNQ,2023,Dette publique (% du PIB),39.1,FMI (WEO)
,EST,2023,Dette publique (% du PIB),20.2,FMI (WEO)
,SWZ,2023,Dette publique (% du PIB),39.4,FMI (WEO)
,ETH,2023,Dette publique (% du PIB),38.7,FMI (WEO)
,FJI,2023,Dette publique (% du PIB),82.9,FMI (WEO)
,FIN,2023,Dette publique (% du PIB),77.0,FMI (WEO)
,FRA,2023,Dette publique (% du PIB),109.6,FMI (WEO)
,GAB,2023,Dette publique (% du PIB),70.6,FMI (WEO)
,GEO,2023,Dette publique (% du PIB),38.9,FMI (WEO)
,DEU,2023,Dette publique (% du PIB),62.3,FMI (WEO)
,GHA,2023,Dette publique (% du PIB),79.1,FMI (WEO)
,GRC,2023,Dette publique (% du PIB),165.5,FMI (WEO)
,GRD,2023,Dette publique (% du PIB),74.5,FMI (WEO)
,GTM,2023,Dette publique (% du PIB),27.2,FMI (WEO)
,GIN,2023,Dette publique (% du PIB),39.8,FMI (WEO)
,GUY,2023,Dette publique (% du PIB),26.7,FMI (WEO)
,HTI,2023,Dette publique (% du PIB),27.8,FMI (WEO)
,HND,2023,Dette publique (% du PIB),41.7,FMI (WEO)
,HKG,2023,Dette publique (% du PIB),6.3,FMI (WEO)
,HUN,2023,Dette publique (% du PIB),73.2,FMI (WEO)
,ISL,2023,Dette publique (% du PIB),61.5,FMI (WEO)
,IND,2023,Dette publique (% du PIB),85.0,FMI (WEO)
,IDN,2023,Dette publique (% du PIB),39.6,FMI (WEO)
,IRN,2023,Dette publique (% du PIB),29.6,FMI (WEO)
,IRQ,2023,Dette publique (% du PIB),42.1,FMI (WEO)
,IRL,2023,Dette publique (% du PIB),41.8,FMI (WEO)
,ISR,2023,Dette publique (% du PIB),61.3,FMI (WEO)
,ITA,2023,Dette publique (% du PIB),133.9,FMI (WEO)
,JAM,2023,Dette publique (% du PIB),66.5,FMI (WEO)
,JPN,2023,Dette publique (% du PIB),220.3,FMI (WEO)
,JOR,2023,Dette publique (% du PIB),81.0,FMI (WEO)
,KAZ,2023,Dette publique (% du PIB),23.0,FMI (WEO)
,KEN,2023,Dette publique (% du PIB),73.4,FMI (WEO)
,KIR,2023,Dette publique (% du PIB),11.3,FMI (WEO)
,KOR,2023,Dette publique (% du PIB),50.5,FMI (WEO)
,UVK,2023,Dette publique (% du PIB),18.6,FMI (WEO)
,KWT,2023,Dette publique (% du PIB),3.1,FMI (WEO)
,KGZ,2023,Dette publique (% du PIB),42.0,FMI (WEO)
,LAO,2023,Dette publique (% du PIB),108.9,FMI (WEO)
,LVA,2023,Dette publique (% du PIB),44.4,FMI (WEO)
,LBN,2023,Dette publique (% du PIB),185.8,FMI (WEO)
,LSO,2023,Dette publique (% du PIB),61.1,FMI (WEO)
,LBR,2023,Dette publique (% du PIB),57.2,FMI (WEO)
,LTU,2023,Dette publique (% du PIB),37.1,FMI (WEO)
,LUX,2023,Dette publique (% du PIB),24.7,FMI (WEO)
,MAC,2023,Dette publique (% du PIB),0.0,FMI (WEO)
,MDG,2023,Dette publique (% du PIB),52.1,FMI (WEO)
,MWI,2023,Dette publique (% du PIB),86.7,FMI (WEO)
,MYS,2023,Dette publique (% du PIB),69.7,FMI (WEO)
,MDV,2023,Dette publique (% du PIB),122.4,FMI (WEO)
,MLT,2023,Dette publique (% du PIB),46.8,FMI (WEO)
,MHL,2023,Dette publique (% du PIB),18.2,FMI (WEO)
,MRT,2023,Dette publique (% du PIB),48.6,FMI (WEO)
,MUS,2023,Dette publique (% du PIB),81.5,FMI (WEO)
,MEX,2023,Dette publique (% du PIB),52.8,FMI (WEO)
,FSM,2023,Dette publique (% du PIB),12.8,FMI (WEO)
,MDA,2023,Dette publique (% du PIB),34.9,FMI (WEO)
,MNG,2023,Dette publique (% du PIB),46.7,FMI (WEO)
,MNE,2023,Dette publique (% du PIB),59.6,FMI (WEO)
,MAR,2023,Dette publique (% du PIB),68.7,FMI (WEO)
,MOZ,2023,Dette publique (% du PIB),90.8,FMI (WEO)
,MMR,2023,Dette publique (% du PIB),53.2,FMI (WEO)
,NAM,2023,Dette publique (% du PIB),67.9,FMI (WEO)
,NRU,2023,Dette publique (% du PIB),19.2,FMI (WEO)
,NPL,2023,Dette publique (% du PIB),47.0,FMI (WEO)
,NLD,2023,Dette publique (% du PIB),45.8,FMI (WEO)
,NZL,2023,Dette publique (% du PIB),47.3,FMI (WEO)
,NIC,2023,Dette publique (% du PIB),42.4,FMI (WEO)
,NGA,2023,Dette publique (% du PIB),36.3,FMI (WEO)
,MKD,2023,Dette publique (% du PIB),50.5,FMI (WEO)
,NOR,2023,Dette publique (% du PIB),42.4,FMI (WEO)
,OMN,2023,Dette publique (% du PIB),37.4,FMI (WEO)
,PAK,2023,Dette publique (% du PIB),78.5,FMI (WEO)
,PLW,2023,Dette publique (% du PIB),76.4,FMI (WEO)
,PAN,2023,Dette publique (% du PIB),54.4,FMI (WEO)
,PNG,2023,Dette publique (% du PIB),53.9,FMI (WEO)
,PRY,2023,Dette publique (% du PIB),41.0,FMI (WEO)
,PER,2023,Dette publique (% du PIB),32.4,FMI (WEO)
,PHL,2023,Dette publique (% du PIB),56.5,FMI (WEO)
,POL,2023,Dette publique (% du PIB),49.5,FMI (WEO)
,PRT,2023,Dette publique (% du PIB),96.9,FMI (WEO)
,PRI,2023,Dette publique (% du PIB),16.6,FMI (WEO)
,QAT,2023,Dette publique (% du PIB),42.8,FMI (WEO)
,COG,2023,Dette publique (% du PIB),102.9,FMI (WEO)
,ROU,2023,Dette publique (% du PIB),52.6,FMI (WEO)
,RUS,2023,Dette publique (% du PIB),15.2,FMI (WEO)
,RWA,2023,Dette publique (% du PIB),61.4,FMI (WEO)
,WSM,2023,Dette publique (% du PIB),31.8,FMI (WEO)
,SMR,2023,Dette publique (% du PIB),68.3,FMI (WEO)
,STP,2023,Dette publique (% du PIB),73.2,FMI (WEO)
,SAU,2023,Dette publique (% du PIB),23.0,FMI (WEO)
,SRB,2023,Dette publique (% du PIB),45.7,FMI (WEO)
,SYC,2023,Dette publique (% du PIB),55.1,FMI (WEO)
,SLE,2023,Dette publique (% du PIB),49.4,FMI (WEO)
,SGP,2023,Dette publique (% du PIB),170.4,FMI (WEO)
,SVK,2023,Dette publique (% du PIB),55.8,FMI (WEO)
,SVN,2023,Dette publique (% du PIB),68.3,FMI (WEO)
,SLB,2023,Dette publique (% du PIB),22.3,FMI (WEO)
,ZAF,2023,Dette publique (% du PIB),73.2,FMI (WEO)
,SSD,2023,Dette publique (% du PIB),62.0,FMI (WEO)
,ESP,2023,Dette publique (% du PIB),105.1,FMI (WEO)
,LKA,2023,Dette publique (% du PIB),110.4,FMI (WEO)
,KNA,2023,Dette publique (% du PIB),60.0,FMI (WEO)
,LCA,2023,Dette publique (% du PIB),75.2,FMI (WEO)
,VCT,2023,Dette publique (% du PIB),91.3,FMI (WEO)
,SUR,2023,Dette publique (% du PIB),97.7,FMI (WEO)
,SWE,2023,Dette publique (% du PIB),32.1,FMI (WEO)
,CHE,2023,Dette publique (% du PIB),37.3,FMI (WEO)
,TWN,2023,Dette publique (% du PIB),29.0,FMI (WEO)
,TJK,2023,Dette publique (% du PIB),29.9,FMI (WEO)
,TZA,2023,Dette publique (% du PIB),47.8,FMI (WEO)
,THA,2023,Dette publique (% du PIB),62.2,FMI (WEO)
,BHS,2023,Dette publique (% du PIB),78.3,FMI (WEO)
,GMB,2023,Dette publique (% du PIB),77.4,FMI (WEO)
,TON,2023,Dette publique (% du PIB),37.2,FMI (WEO)
,TTO,2023,Dette publique (% du PIB),78.2,FMI (WEO)
,TUN,2023,Dette publique (% du PIB),84.0,FMI (WEO)
,TUR,2023,Dette publique (% du PIB),28.2,FMI (WEO)
,TKM,2023,Dette publique (% du PIB),5.5,FMI (WEO)
,TUV,2023,Dette publique (% du PIB),6.7,FMI (WEO)
,UGA,2023,Dette publique (% du PIB),50.4,FMI (WEO)
,UKR,2023,Dette publique (% du PIB),81.2,FMI (WEO)
,ARE,2023,Dette publique (% du PIB),31.9,FMI (WEO)
,GBR,2023,Dette publique (% du PIB),98.9,FMI (WEO)
,USA,2023,Dette publique (% du PIB),120.0,FMI (WEO)
,URY,2023,Dette publique (% du PIB),63.0,FMI (WEO)
,UZB,2023,Dette publique (% du PIB),30.7,FMI (WEO)
,VUT,2023,Dette publique (% du PIB),39.2,FMI (WEO)
,VEN,2023,Dette publique (% du PIB),138.5,FMI (WEO)
,VNM,2023,Dette publique (% du PIB),34.3,FMI (WEO)
,WBG,2023,Dette publique (% du PIB),46.5,FMI (WEO)
,ZMB,2023,Dette publique (% du PIB),129.1,FMI (WEO)
,ZWE,2023,Dette publique (% du PIB),76.1,FMI (WEO)
,LIE,2023,Dette publique (% du PIB),0.5,FMI (WEO)
,ADVEC,2023,Dette publique (% du PIB),107.0,FMI (WEO)
,AFQ,2023,Dette publique (% du PIB),64.7,FMI (WEO)
,SSQ,2023,Dette publique (% du PIB),60.3,FMI (WEO)
,AS5,2023,Dette publique (% du PIB),70.2,FMI (WEO)
,APQ,2023,Dette publique (% du PIB),89.4,FMI (WEO)
,AZQ,2023,Dette publique (% du PIB),49.1,FMI (WEO)
,CBQ,2023,Dette publique (% du PIB),63.1,FMI (WEO)
,CMQ,2023,Dette publique (% du PIB),51.9,FMI (WEO)
,CAQ,2023,Dette publique (% du PIB),27.0,FMI (WEO)
,EAQ,2023,Dette publique (% du PIB),102.0,FMI (WEO)
,EEQ,2023,Dette publique (% du PIB),36.0,FMI (WEO)
,DA,2023,Dette publique (% du PIB),78.9,FMI (WEO)
,EDE,2023,Dette publique (% du PIB),32.7,FMI (WEO)
,OEMDC,2023,Dette publique (% du PIB),67.9,FMI (WEO)
,EURO,2023,Dette publique (% du PIB),86.5,FMI (WEO)
,EUQ,2023,Dette publique (% du PIB),76.0,FMI (WEO)
,EU,2023,Dette publique (% du PIB),81.8,FMI (WEO)
,WE,2023,Dette publique (% du PIB),73.5,FMI (WEO)
,MAE,2023,Dette publique (% du PIB),121.5,FMI (WEO)
,MEQ,2023,Dette publique (% du PIB),36.2,FMI (WEO)
,MECA,2023,Dette publique (% du PIB),43.6,FMI (WEO)
,NAQ,2023,Dette publique (% du PIB),76.2,FMI (WEO)
,NMQ,2023,Dette publique (% du PIB),114.8,FMI (WEO)
,OAE,2023,Dette publique (% du PIB),49.2,FMI (WEO)
,PIQ,2023,Dette publique (% du PIB),54.9,FMI (WEO)
,SMQ,2023,Dette publique (% du PIB),85.1,FMI (WEO)
,SAQ,2023,Dette publique (% du PIB),80.1,FMI (WEO)
,SEQ,2023,Dette publique (% du PIB),65.2,FMI (WEO)
,SSA,2023,Dette publique (% du PIB),56.8,FMI (WEO)
,WEQ,2023,Dette publique (% du PIB),84.9,FMI (WEO)
,WHQ,2023,Dette publique (% du PIB),110.4,FMI (WEO)
,WEOWORLD,2023,Dette publique (% du PIB),90.8,FMI (WEO)
,SDN,2024,Dette publique (% du PIB),262.6,FMI (WEO)
,AFG,2024,Dette publique (% du PIB),8.9,FMI (WEO)
,ALB,2024,Dette publique (% du PIB),54.5,FMI (WEO)
,DZA,2024,Dette publique (% du PIB),48.1,FMI (WEO)
,AND,2024,Dette publique (% du PIB),32.9,FMI (WEO)
,AGO,2024,Dette publique (% du PIB),57.1,FMI (WEO)
,ATG,2024,Dette publique (% du PIB),71.8,FMI (WEO)
,ARG,2024,Dette publique (% du PIB),84.7,FMI (WEO)
,ARM,2024,Dette publique (% du PIB),50.0,FMI (WEO)
,ABW,2024,Dette publique (% du PIB),68.6,FMI (WEO)
,AUS,2024,Dette publique (% du PIB),50.6,FMI (WEO)
,AUT,2024,Dette publique (% du PIB),79.2,FMI (WEO)
,AZE,2024,Dette publique (% du PIB),21.6,FMI (WEO)
,BHR,2024,Dette publique (% du PIB),133.7,FMI (WEO)
,BGD,2024,Dette publique (% du PIB),41.0,FMI (WEO)
,BRB,2024,Dette publique (% du PIB),98.9,FMI (WEO)
,BLR,2024,Dette publique (% du PIB),38.7,FMI (WEO)
,BEL,2024,Dette publique (% du PIB),103.9,FMI (WEO)
,BLZ,2024,Dette publique (% du PIB),65.4,FMI (WEO)
,BTN,2024,Dette publique (% du PIB),108.7,FMI (WEO)
,BOL,2024,Dette publique (% du PIB),83.2,FMI (WEO)
,BIH,2024,Dette publique (% du PIB),29.4,FMI (WEO)
,BWA,2024,Dette publique (% du PIB),33.2,FMI (WEO)
,BRA,2024,Dette publique (% du PIB),87.0,FMI (WEO)
,BRN,2024,Dette publique (% du PIB),1.6,FMI (WEO)
,BGR,2024,Dette publique (% du PIB),23.8,FMI (WEO)
,BDI,2024,Dette publique (% du PIB),53.1,FMI (WEO)
,CPV,2024,Dette publique (% du PIB),112.8,FMI (WEO)
,KHM,2024,Dette publique (% du PIB),26.1,FMI (WEO)
,CMR,2024,Dette publique (% du PIB),43.4,FMI (WEO)
,CAN,2024,Dette publique (% du PIB),110.0,FMI (WEO)
,CAF,2024,Dette publique (% du PIB),59.9,FMI (WEO)
,TCD,2024,Dette publique (% du PIB),31.4,FMI (WEO)
,CHL,2024,Dette publique (% du PIB),41.7,FMI (WEO)
,CHN,2024,Dette publique (% du PIB),90.4,FMI (WEO)
,COL,2024,Dette publique (% du PIB),61.0,FMI (WEO)
,COM,2024,Dette publique (% du PIB),30.0,FMI (WEO)
,COD,2024,Dette publique (% du PIB),15.8,FMI (WEO)
,CRI,2024,Dette publique (% du PIB),58.9,FMI (WEO)
,HRV,2024,Dette publique (% du PIB),57.4,FMI (WEO)
,CYP,2024,Dette publique (% du PIB),62.8,FMI (WEO)
,CZE,2024,Dette publique (% du PIB),43.3,FMI (WEO)
,TLS,2024,Dette publique (% du PIB),14.4,FMI (WEO)
,DNK,2024,Dette publique (% du PIB),30.5,FMI (WEO)
,DJI,2024,Dette publique (% du PIB),34.0,FMI (WEO)
,DMA,2024,Dette publique (% du PIB),108.2,FMI (WEO)
,DOM,2024,Dette publique (% du PIB),58.8,FMI (WEO)
,ECU,2024,Dette publique (% du PIB),54.1,FMI (WEO)
,EGY,2024,Dette publique (% du PIB),90.9,FMI (WEO)
,SLV,2024,Dette publique (% du PIB),87.4,FMI (WEO)
,GNQ,2024,Dette publique (% du PIB),36.4,FMI (WEO)
,EST,2024,Dette publique (% du PIB),23.5,FMI (WEO)
,SWZ,2024,Dette publique (% du PIB),40.1,FMI (WEO)
,ETH,2024,Dette publique (% du PIB),33.4,FMI (WEO)
,FJI,2024,Dette publique (% du PIB),79.1,FMI (WEO)
,FIN,2024,Dette publique (% du PIB),82.4,FMI (WEO)
,FRA,2024,Dette publique (% du PIB),113.2,FMI (WEO)
,GAB,2024,Dette publique (% du PIB),70.9,FMI (WEO)
,GEO,2024,Dette publique (% du PIB),35.7,FMI (WEO)
,DEU,2024,Dette publique (% du PIB),62.2,FMI (WEO)
,GHA,2024,Dette publique (% du PIB),70.3,FMI (WEO)
,GRC,2024,Dette publique (% du PIB),155.4,FMI (WEO)
,GRD,2024,Dette publique (% du PIB),75.1,FMI (WEO)
,GTM,2024,Dette publique (% du PIB),26.3,FMI (WEO)
,GIN,2024,Dette publique (% du PIB),48.3,FMI (WEO)
,GUY,2024,Dette publique (% du PIB),24.3,FMI (WEO)
,HTI,2024,Dette publique (% du PIB),15.5,FMI (WEO)
,HND,2024,Dette publique (% du PIB),41.5,FMI (WEO)
,HKG,2024,Dette publique (% du PIB),9.2,FMI (WEO)
,HUN,2024,Dette publique (% du PIB),73.5,FMI (WEO)
,ISL,2024,Dette publique (% du PIB),60.4,FMI (WEO)
,IND,2024,Dette publique (% du PIB),84.8,FMI (WEO)
,IDN,2024,Dette publique (% du PIB),40.2,FMI (WEO)
,IRN,2024,Dette publique (% du PIB),31.2,FMI (WEO)
,IRQ,2024,Dette publique (% du PIB),45.2,FMI (WEO)
,IRL,2024,Dette publique (% du PIB),38.3,FMI (WEO)
,ISR,2024,Dette publique (% du PIB),67.7,FMI (WEO)
,ITA,2024,Dette publique (% du PIB),134.7,FMI (WEO)
,JAM,2024,Dette publique (% du PIB),62.5,FMI (WEO)
,JPN,2024,Dette publique (% du PIB),214.5,FMI (WEO)
,JOR,2024,Dette publique (% du PIB),82.1,FMI (WEO)
,KAZ,2024,Dette publique (% du PIB),24.4,FMI (WEO)
,KEN,2024,Dette publique (% du PIB),67.3,FMI (WEO)
,KIR,2024,Dette publique (% du PIB),8.9,FMI (WEO)
,KOR,2024,Dette publique (% du PIB),49.7,FMI (WEO)
,UVK,2024,Dette publique (% du PIB),17.9,FMI (WEO)
,KWT,2024,Dette publique (% du PIB),2.9,FMI (WEO)
,KGZ,2024,Dette publique (% du PIB),36.2,FMI (WEO)
,LAO,2024,Dette publique (% du PIB),94.7,FMI (WEO)
,LVA,2024,Dette publique (% du PIB),46.2,FMI (WEO)
,LBN,2024,Dette publique (% du PIB),157.9,FMI (WEO)
,LSO,2024,Dette publique (% du PIB),52.8,FMI (WEO)
,LBR,2024,Dette publique (% du PIB),56.4,FMI (WEO)
,LTU,2024,Dette publique (% du PIB),38.0,FMI (WEO)
,LUX,2024,Dette publique (% du PIB),26.3,FMI (WEO)
,MAC,2024,Dette publique (% du PIB),0.0,FMI (WEO)
,MDG,2024,Dette publique (% du PIB),49.8,FMI (WEO)
,MWI,2024,Dette publique (% du PIB),87.6,FMI (WEO)
,MYS,2024,Dette publique (% du PIB),69.8,FMI (WEO)
,MDV,2024,Dette publique (% du PIB),133.3,FMI (WEO)
,MLT,2024,Dette publique (% du PIB),46.0,FMI (WEO)
,MHL,2024,Dette publique (% du PIB),14.2,FMI (WEO)
,MRT,2024,Dette publique (% du PIB),45.1,FMI (WEO)
,MUS,2024,Dette publique (% du PIB),86.1,FMI (WEO)
,MEX,2024,Dette publique (% du PIB),59.1,FMI (WEO)
,FSM,2024,Dette publique (% du PIB),10.4,FMI (WEO)
,MDA,2024,Dette publique (% du PIB),38.8,FMI (WEO)
,MNG,2024,Dette publique (% du PIB),44.1,FMI (WEO)
,MNE,2024,Dette publique (% du PIB),60.8,FMI (WEO)
,MAR,2024,Dette publique (% du PIB),67.7,FMI (WEO)
,MOZ,2024,Dette publique (% du PIB),91.4,FMI (WEO)
,MMR,2024,Dette publique (% du PIB),50.6,FMI (WEO)
,NAM,2024,Dette publique (% du PIB),69.8,FMI (WEO)
,NRU,2024,Dette publique (% du PIB),16.9,FMI (WEO)
,NPL,2024,Dette publique (% du PIB),48.3,FMI (WEO)
,NLD,2024,Dette publique (% du PIB),43.7,FMI (WEO)
,NZL,2024,Dette publique (% du PIB),51.4,FMI (WEO)
,NIC,2024,Dette publique (% du PIB),37.9,FMI (WEO)
,NGA,2024,Dette publique (% du PIB),39.3,FMI (WEO)
,MKD,2024,Dette publique (% du PIB),52.9,FMI (WEO)
,NOR,2024,Dette publique (% du PIB),52.8,FMI (WEO)
,OMN,2024,Dette publique (% du PIB),35.5,FMI (WEO)
,PAK,2024,Dette publique (% du PIB),70.2,FMI (WEO)
,PLW,2024,Dette publique (% du PIB),66.3,FMI (WEO)
,PAN,2024,Dette publique (% du PIB),57.8,FMI (WEO)
,PNG,2024,Dette publique (% du PIB),53.3,FMI (WEO)
,PRY,2024,Dette publique (% du PIB),44.6,FMI (WEO)
,PER,2024,Dette publique (% du PIB),32.1,FMI (WEO)
,PHL,2024,Dette publique (% du PIB),56.6,FMI (WEO)
,POL,2024,Dette publique (% du PIB),55.1,FMI (WEO)
,PRT,2024,Dette publique (% du PIB),93.5,FMI (WEO)
,PRI,2024,Dette publique (% du PIB),16.9,FMI (WEO)
,QAT,2024,Dette publique (% du PIB),41.3,FMI (WEO)
,COG,2024,Dette publique (% du PIB),98.0,FMI (WEO)
,ROU,2024,Dette publique (% du PIB),57.5,FMI (WEO)
,RUS,2024,Dette publique (% du PIB),14.8,FMI (WEO)
,RWA,2024,Dette publique (% du PIB),63.4,FMI (WEO)
,WSM,2024,Dette publique (% du PIB),25.2,FMI (WEO)
,SMR,2024,Dette publique (% du PIB),62.9,FMI (WEO)
,STP,2024,Dette publique (% du PIB),65.2,FMI (WEO)
,SAU,2024,Dette publique (% du PIB),25.9,FMI (WEO)
,SRB,2024,Dette publique (% du PIB),44.1,FMI (WEO)
,SYC,2024,Dette publique (% du PIB),56.1,FMI (WEO)
,SLE,2024,Dette publique (% du PIB),46.7,FMI (WEO)
,SGP,2024,Dette publique (% du PIB),166.0,FMI (WEO)
,SVK,2024,Dette publique (% du PIB),59.7,FMI (WEO)
,SVN,2024,Dette publique (% du PIB),66.6,FMI (WEO)
,SLB,2024,Dette publique (% du PIB),26.1,FMI (WEO)
,ZAF,2024,Dette publique (% du PIB),76.0,FMI (WEO)
,SSD,2024,Dette publique (% du PIB),53.4,FMI (WEO)
,ESP,2024,Dette publique (% du PIB),101.6,FMI (WEO)
,LKA,2024,Dette publique (% du PIB),100.8,FMI (WEO)
,KNA,2024,Dette publique (% du PIB),58.1,FMI (WEO)
,LCA,2024,Dette publique (% du PIB),76.7,FMI (WEO)
,VCT,2024,Dette publique (% du PIB),102.8,FMI (WEO)
,SUR,2024,Dette publique (% du PIB),88.0,FMI (WEO)
,SWE,2024,Dette publique (% du PIB),33.9,FMI (WEO)
,CHE,2024,Dette publique (% du PIB),40.5,FMI (WEO)
,TWN,2024,Dette publique (% du PIB),26.8,FMI (WEO)
,TJK,2024,Dette publique (% du PIB),24.9,FMI (WEO)
,TZA,2024,Dette publique (% du PIB),49.9,FMI (WEO)
,THA,2024,Dette publique (% du PIB),62.9,FMI (WEO)
,BHS,2024,Dette publique (% du PIB),73.8,FMI (WEO)
,GMB,2024,Dette publique (% du PIB),78.5,FMI (WEO)
,TON,2024,Dette publique (% du PIB),31.9,FMI (WEO)
,TTO,2024,Dette publique (% du PIB),81.8,FMI (WEO)
,TUN,2024,Dette publique (% du PIB),85.7,FMI (WEO)
,TUR,2024,Dette publique (% du PIB),23.6,FMI (WEO)
,TKM,2024,Dette publique (% du PIB),4.1,FMI (WEO)
,TUV,2024,Dette publique (% du PIB),7.0,FMI (WEO)
,UGA,2024,Dette publique (% du PIB),51.8,FMI (WEO)
,UKR,2024,Dette publique (% du PIB),89.7,FMI (WEO)
,ARE,2024,Dette publique (% du PIB),34.9,FMI (WEO)
,GBR,2024,Dette publique (% du PIB),99.9,FMI (WEO)
,USA,2024,Dette publique (% du PIB),122.3,FMI (WEO)
,URY,2024,Dette publique (% du PIB),67.6,FMI (WEO)
,UZB,2024,Dette publique (% du PIB),30.9,FMI (WEO)
,VUT,2024,Dette publique (% du PIB),39.1,FMI (WEO)
,VEN,2024,Dette publique (% du PIB),169.1,FMI (WEO)
,VNM,2024,Dette publique (% du PIB),31.2,FMI (WEO)
,WBG,2024,Dette publique (% du PIB),56.1,FMI (WEO)
,ZMB,2024,Dette publique (% du PIB),125.2,FMI (WEO)
,ZWE,2024,Dette publique (% du PIB),70.4,FMI (WEO)
,LIE,2024,Dette publique (% du PIB),0.5,FMI (WEO)
,ADVEC,2024,Dette publique (% du PIB),107.6,FMI (WEO)
,AFQ,2024,Dette publique (% du PIB),65.1,FMI (WEO)
,SSQ,2024,Dette publique (% du PIB),61.6,FMI (WEO)
,AS5,2024,Dette publique (% du PIB),71.2,FMI (WEO)
,APQ,2024,Dette publique (% du PIB),90.1,FMI (WEO)
,AZQ,2024,Dette publique (% du PIB),50.7,FMI (WEO)
,CBQ,2024,Dette publique (% du PIB),56.3,FMI (WEO)
,CMQ,2024,Dette publique (% du PIB),51.4,FMI (WEO)
,CAQ,2024,Dette publique (% du PIB),24.0,FMI (WEO)
,EAQ,2024,Dette publique (% du PIB),104.0,FMI (WEO)
,EEQ,2024,Dette publique (% du PIB),37.7,FMI (WEO)
,DA,2024,Dette publique (% du PIB),83.3,FMI (WEO)
,EDE,2024,Dette publique (% du PIB),32.9,FMI (WEO)
,OEMDC,2024,Dette publique (% du PIB),69.9,FMI (WEO)
,EURO,2024,Dette publique (% du PIB),86.6,FMI (WEO)
,EUQ,2024,Dette publique (% du PIB),76.6,FMI (WEO)
,EU,2024,Dette publique (% du PIB),82.0,FMI (WEO)
,WE,2024,Dette publique (% du PIB),70.0,FMI (WEO)
,MAE,2024,Dette publique (% du PIB),122.2,FMI (WEO)
,MEQ,2024,Dette publique (% du PIB),39.1,FMI (WEO)
,MECA,2024,Dette publique (% du PIB),43.5,FMI (WEO)
,NAQ,2024,Dette publique (% du PIB),73.0,FMI (WEO)
,NMQ,2024,Dette publique (% du PIB),117.6,FMI (WEO)
,OAE,2024,Dette publique (% du PIB),50.8,FMI (WEO)
,PIQ,2024,Dette publique (% du PIB),53.9,FMI (WEO)
,SMQ,2024,Dette publique (% du PIB),77.4,FMI (WEO)
,SAQ,2024,Dette publique (% du PIB),79.6,FMI (WEO)
,SEQ,2024,Dette publique (% du PIB),65.5,FMI (WEO)
,SSA,2024,Dette publique (% du PIB),58.7,FMI (WEO)
,WEQ,2024,Dette publique (% du PIB),85.6,FMI (WEO)
,WHQ,2024,Dette publique (% du PIB),112.0,FMI (WEO)
,WEOWORLD,2024,Dette publique (% du PIB),92.0,FMI (WEO)
,SDN,2025,Dette publique (% du PIB),187.6,FMI (WEO)
,AFG,2025,Dette publique (% du PIB),8.0,FMI (WEO)
,ALB,2025,Dette publique (% du PIB),52.6,FMI (WEO)
,DZA,2025,Dette publique (% du PIB),54.1,FMI (WEO)
,AND,2025,Dette publique (% du PIB),30.3,FMI (WEO)
,AGO,2025,Dette publique (% du PIB),51.3,FMI (WEO)
,ATG,2025,Dette publique (% du PIB),69.7,FMI (WEO)
,ARG,2025,Dette publique (% du PIB),80.3,FMI (WEO)
,ARM,2025,Dette publique (% du PIB),49.0,FMI (WEO)
,ABW,2025,Dette publique (% du PIB),63.6,FMI (WEO)
,AUS,2025,Dette publique (% du PIB),51.0,FMI (WEO)
,AUT,2025,Dette publique (% du PIB),80.5,FMI (WEO)
,AZE,2025,Dette publique (% du PIB),20.1,FMI (WEO)
,BHR,2025,Dette publique (% du PIB),147.6,FMI (WEO)
,BGD,2025,Dette publique (% du PIB),42.0,FMI (WEO)
,BRB,2025,Dette publique (% du PIB),94.2,FMI (WEO)
,BLR,2025,Dette publique (% du PIB),33.1,FMI (WEO)
,BEL,2025,Dette publique (% du PIB),106.3,FMI (WEO)
,BLZ,2025,Dette publique (% du PIB),67.9,FMI (WEO)
,BTN,2025,Dette publique (% du PIB),103.6,FMI (WEO)
,BOL,2025,Dette publique (% du PIB),84.8,FMI (WEO)
,BIH,2025,Dette publique (% du PIB),29.9,FMI (WEO)
,BWA,2025,Dette publique (% du PIB),38.6,FMI (WEO)
,BRA,2025,Dette publique (% du PIB),93.3,FMI (WEO)
,BRN,2025,Dette publique (% du PIB),1.5,FMI (WEO)
,BGR,2025,Dette publique (% du PIB),27.1,FMI (WEO)
,BDI,2025,Dette publique (% du PIB),41.2,FMI (WEO)
,CPV,2025,Dette publique (% du PIB),101.0,FMI (WEO)
,KHM,2025,Dette publique (% du PIB),26.5,FMI (WEO)
,CMR,2025,Dette publique (% du PIB),40.4,FMI (WEO)
,CAN,2025,Dette publique (% du PIB),113.5,FMI (WEO)
,CAF,2025,Dette publique (% du PIB),61.8,FMI (WEO)
,TCD,2025,Dette publique (% du PIB),30.4,FMI (WEO)
,CHL,2025,Dette publique (% du PIB),41.8,FMI (WEO)
,CHN,2025,Dette publique (% du PIB),99.2,FMI (WEO)
,COL,2025,Dette publique (% du PIB),59.9,FMI (WEO)
,COM,2025,Dette publique (% du PIB),29.5,FMI (WEO)
,COD,2025,Dette publique (% du PIB),20.2,FMI (WEO)
,CRI,2025,Dette publique (% du PIB),60.4,FMI (WEO)
,HRV,2025,Dette publique (% du PIB),55.9,FMI (WEO)
,CYP,2025,Dette publique (% du PIB),55.3,FMI (WEO)
,CZE,2025,Dette publique (% du PIB),44.6,FMI (WEO)
,TLS,2025,Dette publique (% du PIB),14.3,FMI (WEO)
,DNK,2025,Dette publique (% du PIB),27.5,FMI (WEO)
,DJI,2025,Dette publique (% du PIB),32.1,FMI (WEO)
,DMA,2025,Dette publique (% du PIB),102.6,FMI (WEO)
,DOM,2025,Dette publique (% du PIB),59.0,FMI (WEO)
,ECU,2025,Dette publique (% du PIB),54.4,FMI (WEO)
,EGY,2025,Dette publique (% du PIB),86.8,FMI (WEO)
,SLV,2025,Dette publique (% du PIB),87.2,FMI (WEO)
,GNQ,2025,Dette publique (% du PIB),40.6,FMI (WEO)
,EST,2025,Dette publique (% du PIB),24.2,FMI (WEO)
,SWZ,2025,Dette publique (% du PIB),44.9,FMI (WEO)
,ETH,2025,Dette publique (% du PIB),43.1,FMI (WEO)
,FJI,2025,Dette publique (% du PIB),78.7,FMI (WEO)
,FIN,2025,Dette publique (% du PIB),89.3,FMI (WEO)
,FRA,2025,Dette publique (% du PIB),116.0,FMI (WEO)
,GAB,2025,Dette publique (% du PIB),78.9,FMI (WEO)
,GEO,2025,Dette publique (% du PIB),34.3,FMI (WEO)
,DEU,2025,Dette publique (% du PIB),62.9,FMI (WEO)
,GHA,2025,Dette publique (% du PIB),48.8,FMI (WEO)
,GRC,2025,Dette publique (% du PIB),145.7,FMI (WEO)
,GRD,2025,Dette publique (% du PIB),71.6,FMI (WEO)
,GTM,2025,Dette publique (% du PIB),27.2,FMI (WEO)
,GIN,2025,Dette publique (% du PIB),48.1,FMI (WEO)
,GUY,2025,Dette publique (% du PIB),28.6,FMI (WEO)
,HTI,2025,Dette publique (% du PIB),12.3,FMI (WEO)
,HND,2025,Dette publique (% du PIB),41.2,FMI (WEO)
,HKG,2025,Dette publique (% du PIB),11.9,FMI (WEO)
,HUN,2025,Dette publique (% du PIB),75.2,FMI (WEO)
,ISL,2025,Dette publique (% du PIB),56.1,FMI (WEO)
,IND,2025,Dette publique (% du PIB),84.1,FMI (WEO)
,IDN,2025,Dette publique (% du PIB),41.0,FMI (WEO)
,IRN,2025,Dette publique (% du PIB),37.3,FMI (WEO)
,IRQ,2025,Dette publique (% du PIB),53.9,FMI (WEO)
,IRL,2025,Dette publique (% du PIB),32.9,FMI (WEO)
,ISR,2025,Dette publique (% du PIB),68.5,FMI (WEO)
,ITA,2025,Dette publique (% du PIB),137.1,FMI (WEO)
,JAM,2025,Dette publique (% du PIB),67.7,FMI (WEO)
,JPN,2025,Dette publique (% du PIB),206.5,FMI (WEO)
,JOR,2025,Dette publique (% du PIB),82.8,FMI (WEO)
,KAZ,2025,Dette publique (% du PIB),24.6,FMI (WEO)
,KEN,2025,Dette publique (% du PIB),69.3,FMI (WEO)
,KIR,2025,Dette publique (% du PIB),8.0,FMI (WEO)
,KOR,2025,Dette publique (% du PIB),52.3,FMI (WEO)
,UVK,2025,Dette publique (% du PIB),17.5,FMI (WEO)
,KWT,2025,Dette publique (% du PIB),14.6,FMI (WEO)
,KGZ,2025,Dette publique (% du PIB),36.0,FMI (WEO)
,LAO,2025,Dette publique (% du PIB),80.6,FMI (WEO)
,LVA,2025,Dette publique (% du PIB),46.9,FMI (WEO)
,LBN,2025,Dette publique (% du PIB),139.4,FMI (WEO)
,LSO,2025,Dette publique (% du PIB),49.1,FMI (WEO)
,LBR,2025,Dette publique (% du PIB),54.9,FMI (WEO)
,LTU,2025,Dette publique (% du PIB),39.8,FMI (WEO)
,LUX,2025,Dette publique (% du PIB),27.0,FMI (WEO)
,MAC,2025,Dette publique (% du PIB),0.0,FMI (WEO)
,MDG,2025,Dette publique (% du PIB),48.7,FMI (WEO)
,MWI,2025,Dette publique (% du PIB),78.4,FMI (WEO)
,MYS,2025,Dette publique (% du PIB),70.7,FMI (WEO)
,MDV,2025,Dette publique (% du PIB),125.4,FMI (WEO)
,MLT,2025,Dette publique (% du PIB),46.8,FMI (WEO)
,MHL,2025,Dette publique (% du PIB),11.8,FMI (WEO)
,MRT,2025,Dette publique (% du PIB),40.1,FMI (WEO)
,MUS,2025,Dette publique (% du PIB),86.5,FMI (WEO)
,MEX,2025,Dette publique (% du PIB),61.8,FMI (WEO)
,FSM,2025,Dette publique (% du PIB),8.9,FMI (WEO)
,MDA,2025,Dette publique (% du PIB),36.6,FMI (WEO)
,MNG,2025,Dette publique (% du PIB),45.1,FMI (WEO)
,MNE,2025,Dette publique (% du PIB),67.1,FMI (WEO)
,MAR,2025,Dette publique (% du PIB),67.1,FMI (WEO)
,MOZ,2025,Dette publique (% du PIB),102.5,FMI (WEO)
,MMR,2025,Dette publique (% du PIB),51.9,FMI (WEO)
,NAM,2025,Dette publique (% du PIB),70.2,FMI (WEO)
,NRU,2025,Dette publique (% du PIB),14.6,FMI (WEO)
,NPL,2025,Dette publique (% du PIB),48.1,FMI (WEO)
,NLD,2025,Dette publique (% du PIB),43.3,FMI (WEO)
,NZL,2025,Dette publique (% du PIB),54.7,FMI (WEO)
,NIC,2025,Dette publique (% du PIB),34.8,FMI (WEO)
,NGA,2025,Dette publique (% du PIB),35.5,FMI (WEO)
,MKD,2025,Dette publique (% du PIB),52.5,FMI (WEO)
,NOR,2025,Dette publique (% du PIB),45.0,FMI (WEO)
,OMN,2025,Dette publique (% du PIB),35.8,FMI (WEO)
,PAK,2025,Dette publique (% du PIB),72.8,FMI (WEO)
,PLW,2025,Dette publique (% du PIB),62.3,FMI (WEO)
,PAN,2025,Dette publique (% du PIB),56.6,FMI (WEO)
,PNG,2025,Dette publique (% du PIB),52.1,FMI (WEO)
,PRY,2025,Dette publique (% du PIB),38.1,FMI (WEO)
,PER,2025,Dette publique (% du PIB),30.2,FMI (WEO)
,PHL,2025,Dette publique (% du PIB),59.4,FMI (WEO)
,POL,2025,Dette publique (% du PIB),58.8,FMI (WEO)
,PRT,2025,Dette publique (% du PIB),89.9,FMI (WEO)
,PRI,2025,Dette publique (% du PIB),18.0,FMI (WEO)
,QAT,2025,Dette publique (% du PIB),41.4,FMI (WEO)
,COG,2025,Dette publique (% du PIB),96.8,FMI (WEO)
,ROU,2025,Dette publique (% du PIB),60.6,FMI (WEO)
,RUS,2025,Dette publique (% du PIB),17.2,FMI (WEO)
,RWA,2025,Dette publique (% du PIB),64.6,FMI (WEO)
,WSM,2025,Dette publique (% du PIB),21.2,FMI (WEO)
,SMR,2025,Dette publique (% du PIB),60.6,FMI (WEO)
,STP,2025,Dette publique (% du PIB),55.7,FMI (WEO)
,SAU,2025,Dette publique (% du PIB),31.7,FMI (WEO)
,SRB,2025,Dette publique (% du PIB),42.4,FMI (WEO)
,SYC,2025,Dette publique (% du PIB),51.5,FMI (WEO)
,SLE,2025,Dette publique (% du PIB),45.2,FMI (WEO)
,SGP,2025,Dette publique (% du PIB),171.3,FMI (WEO)
,SVK,2025,Dette publique (% du PIB),61.6,FMI (WEO)
,SVN,2025,Dette publique (% du PIB),65.9,FMI (WEO)
,SLB,2025,Dette publique (% du PIB),28.7,FMI (WEO)
,ZAF,2025,Dette publique (% du PIB),78.6,FMI (WEO)
,SSD,2025,Dette publique (% du PIB),62.1,FMI (WEO)
,ESP,2025,Dette publique (% du PIB),100.4,FMI (WEO)
,KNA,2025,Dette publique (% du PIB),58.4,FMI (WEO)
,LCA,2025,Dette publique (% du PIB),77.1,FMI (WEO)
,VCT,2025,Dette publique (% du PIB),113.4,FMI (WEO)
,SUR,2025,Dette publique (% du PIB),105.8,FMI (WEO)
,SWE,2025,Dette publique (% du PIB),34.9,FMI (WEO)
,CHE,2025,Dette publique (% du PIB),39.4,FMI (WEO)
,TWN,2025,Dette publique (% du PIB),22.4,FMI (WEO)
,TJK,2025,Dette publique (% du PIB),21.6,FMI (WEO)
,TZA,2025,Dette publique (% du PIB),49.7,FMI (WEO)
,THA,2025,Dette publique (% du PIB),64.7,FMI (WEO)
,BHS,2025,Dette publique (% du PIB),73.8,FMI (WEO)
,GMB,2025,Dette publique (% du PIB),73.9,FMI (WEO)
,TON,2025,Dette publique (% du PIB),27.4,FMI (WEO)
,TTO,2025,Dette publique (% du PIB),84.2,FMI (WEO)
,TUN,2025,Dette publique (% du PIB),81.3,FMI (WEO)
,TUR,2025,Dette publique (% du PIB),23.5,FMI (WEO)
,TKM,2025,Dette publique (% du PIB),3.8,FMI (WEO)
,TUV,2025,Dette publique (% du PIB),3.6,FMI (WEO)
,UGA,2025,Dette publique (% du PIB),54.2,FMI (WEO)
,UKR,2025,Dette publique (% du PIB),108.7,FMI (WEO)
,ARE,2025,Dette publique (% du PIB),34.3,FMI (WEO)
,GBR,2025,Dette publique (% du PIB),102.3,FMI (WEO)
,USA,2025,Dette publique (% du PIB),123.9,FMI (WEO)
,URY,2025,Dette publique (% du PIB),65.7,FMI (WEO)
,UZB,2025,Dette publique (% du PIB),28.6,FMI (WEO)
,VUT,2025,Dette publique (% du PIB),40.9,FMI (WEO)
,VEN,2025,Dette publique (% du PIB),308.7,FMI (WEO)
,VNM,2025,Dette publique (% du PIB),30.3,FMI (WEO)
,ZMB,2025,Dette publique (% du PIB),86.0,FMI (WEO)
,ZWE,2025,Dette publique (% du PIB),43.8,FMI (WEO)
,LIE,2025,Dette publique (% du PIB),0.5,FMI (WEO)
,ADVEC,2025,Dette publique (% du PIB),108.0,FMI (WEO)
,AFQ,2025,Dette publique (% du PIB),62.9,FMI (WEO)
,SSQ,2025,Dette publique (% du PIB),59.2,FMI (WEO)
,AS5,2025,Dette publique (% du PIB),73.5,FMI (WEO)
,APQ,2025,Dette publique (% du PIB),93.5,FMI (WEO)
,AZQ,2025,Dette publique (% du PIB),51.5,FMI (WEO)
,CBQ,2025,Dette publique (% du PIB),55.8,FMI (WEO)
,CMQ,2025,Dette publique (% du PIB),51.4,FMI (WEO)
,CAQ,2025,Dette publique (% du PIB),23.6,FMI (WEO)
,EAQ,2025,Dette publique (% du PIB),109.4,FMI (WEO)
,EEQ,2025,Dette publique (% du PIB),39.9,FMI (WEO)
,DA,2025,Dette publique (% du PIB),89.5,FMI (WEO)
,EDE,2025,Dette publique (% du PIB),34.7,FMI (WEO)
,OEMDC,2025,Dette publique (% du PIB),73.9,FMI (WEO)
,EURO,2025,Dette publique (% du PIB),87.1,FMI (WEO)
,EUQ,2025,Dette publique (% du PIB),77.0,FMI (WEO)
,EU,2025,Dette publique (% du PIB),82.5,FMI (WEO)
,WE,2025,Dette publique (% du PIB),73.6,FMI (WEO)
,MAE,2025,Dette publique (% du PIB),123.0,FMI (WEO)
,MEQ,2025,Dette publique (% du PIB),43.6,FMI (WEO)
,MECA,2025,Dette publique (% du PIB),46.2,FMI (WEO)
,NAQ,2025,Dette publique (% du PIB),71.9,FMI (WEO)
,NMQ,2025,Dette publique (% du PIB),119.6,FMI (WEO)
,OAE,2025,Dette publique (% du PIB),50.9,FMI (WEO)
,PIQ,2025,Dette publique (% du PIB),52.9,FMI (WEO)
,SMQ,2025,Dette publique (% du PIB),81.6,FMI (WEO)
,SAQ,2025,Dette publique (% du PIB),79.3,FMI (WEO)
,SEQ,2025,Dette publique (% du PIB),67.3,FMI (WEO)
,SSA,2025,Dette publique (% du PIB),57.0,FMI (WEO)
,WEQ,2025,Dette publique (% du PIB),86.1,FMI (WEO)
,WHQ,2025,Dette publique (% du PIB),114.1,FMI (WEO)
,WEOWORLD,2025,Dette publique (% du PIB),93.9,FMI (WEO)
Burkina Faso,BFA,2000,Inflation (%),-0.3,Banque mondiale (WDI)
Burkina Faso,BFA,2001,Inflation (%),5.01,Banque mondiale (WDI)
Burkina Faso,BFA,2002,Inflation (%),2.18,Banque mondiale (WDI)
Burkina Faso,BFA,2003,Inflation (%),2.03,Banque mondiale (WDI)
Burkina Faso,BFA,2004,Inflation (%),-0.4,Banque mondiale (WDI)
Burkina Faso,BFA,2005,Inflation (%),6.42,Banque mondiale (WDI)
Burkina Faso,BFA,2006,Inflation (%),2.33,Banque mondiale (WDI)
Burkina Faso,BFA,2007,Inflation (%),-0.23,Banque mondiale (WDI)
Burkina Faso,BFA,2008,Inflation (%),10.66,Banque mondiale (WDI)
Burkina Faso,BFA,2009,Inflation (%),2.61,Banque mondiale (WDI)
Burkina Faso,BFA,2010,Inflation (%),-0.76,Banque mondiale (WDI)
Burkina Faso,BFA,2011,Inflation (%),2.76,Banque mondiale (WDI)
Burkina Faso,BFA,2012,Inflation (%),3.82,Banque mondiale (WDI)
Burkina Faso,BFA,2013,Inflation (%),0.53,Banque mondiale (WDI)
Burkina Faso,BFA,2014,Inflation (%),-0.26,Banque mondiale (WDI)
Burkina Faso,BFA,2015,Inflation (%),0.72,Banque mondiale (WDI)
Burkina Faso,BFA,2016,Inflation (%),0.44,Banque mondiale (WDI)
Burkina Faso,BFA,2017,Inflation (%),1.48,Banque mondiale (WDI)
Burkina Faso,BFA,2018,Inflation (%),1.96,Banque mondiale (WDI)
Burkina Faso,BFA,2019,Inflation (%),-3.23,Banque mondiale (WDI)
Burkina Faso,BFA,2020,Inflation (%),1.88,Banque mondiale (WDI)
Burkina Faso,BFA,2021,Inflation (%),3.65,Banque mondiale (WDI)
Burkina Faso,BFA,2022,Inflation (%),14.29,Banque mondiale (WDI)
Burkina Faso,BFA,2023,Inflation (%),0.74,Banque mondiale (WDI)
Burkina Faso,BFA,2024,Inflation (%),4.19,Banque mondiale (WDI)
Burkina Faso,BFA,2025,Inflation (%),-0.59,Banque mondiale (WDI)
Bénin,BEN,2000,Inflation (%),4.17,Banque mondiale (WDI)
Bénin,BEN,2001,Inflation (%),3.98,Banque mondiale (WDI)
Bénin,BEN,2002,Inflation (%),2.49,Banque mondiale (WDI)
Bénin,BEN,2003,Inflation (%),1.49,Banque mondiale (WDI)
Bénin,BEN,2004,Inflation (%),0.87,Banque mondiale (WDI)
Bénin,BEN,2005,Inflation (%),5.36,Banque mondiale (WDI)
Bénin,BEN,2006,Inflation (%),3.78,Banque mondiale (WDI)
Bénin,BEN,2007,Inflation (%),1.3,Banque mondiale (WDI)
Bénin,BEN,2008,Inflation (%),7.95,Banque mondiale (WDI)
Bénin,BEN,2009,Inflation (%),0.9,Banque mondiale (WDI)
Bénin,BEN,2010,Inflation (%),2.21,Banque mondiale (WDI)
Bénin,BEN,2011,Inflation (%),2.7,Banque mondiale (WDI)
Bénin,BEN,2012,Inflation (%),6.74,Banque mondiale (WDI)
Bénin,BEN,2013,Inflation (%),0.43,Banque mondiale (WDI)
Bénin,BEN,2014,Inflation (%),-0.55,Banque mondiale (WDI)
Bénin,BEN,2015,Inflation (%),0.22,Banque mondiale (WDI)
Bénin,BEN,2016,Inflation (%),-0.79,Banque mondiale (WDI)
Bénin,BEN,2017,Inflation (%),0.04,Banque mondiale (WDI)
Bénin,BEN,2018,Inflation (%),0.92,Banque mondiale (WDI)
Bénin,BEN,2019,Inflation (%),0.73,Banque mondiale (WDI)
Bénin,BEN,2020,Inflation (%),3.02,Banque mondiale (WDI)
Bénin,BEN,2021,Inflation (%),1.73,Banque mondiale (WDI)
Bénin,BEN,2022,Inflation (%),1.35,Banque mondiale (WDI)
Bénin,BEN,2023,Inflation (%),2.74,Banque mondiale (WDI)
Bénin,BEN,2024,Inflation (%),1.16,Banque mondiale (WDI)
Bénin,BEN,2025,Inflation (%),1.1,Banque mondiale (WDI)
Côte d'Ivoire,CIV,2000,Inflation (%),2.53,Banque mondiale (WDI)
Côte d'Ivoire,CIV,2001,Inflation (%),4.36,Banque mondiale (WDI)
Côte d'Ivoire,CIV,2002,Inflation (%),3.08,Banque mondiale (WDI)
Côte d'Ivoire,CIV,2003,Inflation (%),3.3,Banque mondiale (WDI)
Côte d'Ivoire,CIV,2004,Inflation (%),1.46,Banque mondiale (WDI)
Côte d'Ivoire,CIV,2005,Inflation (%),3.89,Banque mondiale (WDI)
Côte d'Ivoire,CIV,2006,Inflation (%),2.47,Banque mondiale (WDI)
Côte d'Ivoire,CIV,2007,Inflation (%),1.89,Banque mondiale (WDI)
Côte d'Ivoire,CIV,2008,Inflation (%),6.31,Banque mondiale (WDI)
Côte d'Ivoire,CIV,2009,Inflation (%),1.02,Banque mondiale (WDI)
Côte d'Ivoire,CIV,2010,Inflation (%),1.23,Banque mondiale (WDI)
Côte d'Ivoire,CIV,2011,Inflation (%),4.91,Banque mondiale (WDI)
Côte d'Ivoire,CIV,2012,Inflation (%),1.3,Banque mondiale (WDI)
Côte d'Ivoire,CIV,2013,Inflation (%),2.58,Banque mondiale (WDI)
Côte d'Ivoire,CIV,2014,Inflation (%),0.45,Banque mondiale (WDI)
Côte d'Ivoire,CIV,2015,Inflation (%),1.25,Banque mondiale (WDI)
Côte d'Ivoire,CIV,2016,Inflation (%),0.72,Banque mondiale (WDI)
Côte d'Ivoire,CIV,2017,Inflation (%),0.69,Banque mondiale (WDI)
Côte d'Ivoire,CIV,2018,Inflation (%),0.4,Banque mondiale (WDI)
Côte d'Ivoire,CIV,2019,Inflation (%),0.79,Banque mondiale (WDI)
Côte d'Ivoire,CIV,2020,Inflation (%),2.41,Banque mondiale (WDI)
Côte d'Ivoire,CIV,2021,Inflation (%),4.16,Banque mondiale (WDI)
Côte d'Ivoire,CIV,2022,Inflation (%),5.23,Banque mondiale (WDI)
Côte d'Ivoire,CIV,2023,Inflation (%),4.37,Banque mondiale (WDI)
Côte d'Ivoire,CIV,2024,Inflation (%),3.45,Banque mondiale (WDI)
Côte d'Ivoire,CIV,2025,Inflation (%),0.13,Banque mondiale (WDI)
Guinée-Bissau,GNB,2000,Inflation (%),8.64,Banque mondiale (WDI)
Guinée-Bissau,GNB,2001,Inflation (%),3.35,Banque mondiale (WDI)
Guinée-Bissau,GNB,2002,Inflation (%),3.3,Banque mondiale (WDI)
Guinée-Bissau,GNB,2003,Inflation (%),-3.5,Banque mondiale (WDI)
Guinée-Bissau,GNB,2004,Inflation (%),0.88,Banque mondiale (WDI)
Guinée-Bissau,GNB,2005,Inflation (%),3.33,Banque mondiale (WDI)
Guinée-Bissau,GNB,2006,Inflation (%),1.95,Banque mondiale (WDI)
Guinée-Bissau,GNB,2007,Inflation (%),4.62,Banque mondiale (WDI)
Guinée-Bissau,GNB,2008,Inflation (%),10.46,Banque mondiale (WDI)
Guinée-Bissau,GNB,2009,Inflation (%),-1.65,Banque mondiale (WDI)
Guinée-Bissau,GNB,2010,Inflation (%),2.52,Banque mondiale (WDI)
Guinée-Bissau,GNB,2011,Inflation (%),5.05,Banque mondiale (WDI)
Guinée-Bissau,GNB,2012,Inflation (%),2.13,Banque mondiale (WDI)
Guinée-Bissau,GNB,2013,Inflation (%),1.21,Banque mondiale (WDI)
Guinée-Bissau,GNB,2014,Inflation (%),-1.51,Banque mondiale (WDI)
Guinée-Bissau,GNB,2015,Inflation (%),1.48,Banque mondiale (WDI)
Guinée-Bissau,GNB,2016,Inflation (%),1.5,Banque mondiale (WDI)
Guinée-Bissau,GNB,2017,Inflation (%),1.69,Banque mondiale (WDI)
Guinée-Bissau,GNB,2018,Inflation (%),0.38,Banque mondiale (WDI)
Guinée-Bissau,GNB,2019,Inflation (%),0.25,Banque mondiale (WDI)
Guinée-Bissau,GNB,2020,Inflation (%),1.14,Banque mondiale (WDI)
Guinée-Bissau,GNB,2021,Inflation (%),2.24,Banque mondiale (WDI)
Guinée-Bissau,GNB,2022,Inflation (%),9.39,Banque mondiale (WDI)
Guinée-Bissau,GNB,2023,Inflation (%),7.1,Banque mondiale (WDI)
Guinée-Bissau,GNB,2024,Inflation (%),3.77,Banque mondiale (WDI)
Guinée-Bissau,GNB,2025,Inflation (%),0.87,Banque mondiale (WDI)
Mali,MLI,2000,Inflation (%),-0.68,Banque mondiale (WDI)
Mali,MLI,2001,Inflation (%),5.19,Banque mondiale (WDI)
Mali,MLI,2002,Inflation (%),5.03,Banque mondiale (WDI)
Mali,MLI,2003,Inflation (%),-1.35,Banque mondiale (WDI)
Mali,MLI,2004,Inflation (%),-3.1,Banque mondiale (WDI)
Mali,MLI,2005,Inflation (%),6.4,Banque mondiale (WDI)
Mali,MLI,2006,Inflation (%),1.54,Banque mondiale (WDI)
Mali,MLI,2007,Inflation (%),1.41,Banque mondiale (WDI)
Mali,MLI,2008,Inflation (%),9.17,Banque mondiale (WDI)
Mali,MLI,2009,Inflation (%),2.46,Banque mondiale (WDI)
Mali,MLI,2010,Inflation (%),1.11,Banque mondiale (WDI)
Mali,MLI,2011,Inflation (%),2.96,Banque mondiale (WDI)
Mali,MLI,2012,Inflation (%),5.32,Banque mondiale (WDI)
Mali,MLI,2013,Inflation (%),-0.61,Banque mondiale (WDI)
Mali,MLI,2014,Inflation (%),0.88,Banque mondiale (WDI)
Mali,MLI,2015,Inflation (%),1.45,Banque mondiale (WDI)
Mali,MLI,2016,Inflation (%),-1.8,Banque mondiale (WDI)
Mali,MLI,2017,Inflation (%),1.76,Banque mondiale (WDI)
Mali,MLI,2018,Inflation (%),0.3,Banque mondiale (WDI)
Mali,MLI,2019,Inflation (%),-1.66,Banque mondiale (WDI)
Mali,MLI,2020,Inflation (%),0.44,Banque mondiale (WDI)
Mali,MLI,2021,Inflation (%),3.93,Banque mondiale (WDI)
Mali,MLI,2022,Inflation (%),9.62,Banque mondiale (WDI)
Mali,MLI,2023,Inflation (%),2.06,Banque mondiale (WDI)
Mali,MLI,2024,Inflation (%),3.21,Banque mondiale (WDI)
Mali,MLI,2025,Inflation (%),3.28,Banque mondiale (WDI)
Niger,NER,2000,Inflation (%),2.9,Banque mondiale (WDI)
Niger,NER,2001,Inflation (%),4.01,Banque mondiale (WDI)
Niger,NER,2002,Inflation (%),2.63,Banque mondiale (WDI)
Niger,NER,2003,Inflation (%),-1.61,Banque mondiale (WDI)
Niger,NER,2004,Inflation (%),0.26,Banque mondiale (WDI)
Niger,NER,2005,Inflation (%),7.8,Banque mondiale (WDI)
Niger,NER,2006,Inflation (%),0.04,Banque mondiale (WDI)
Niger,NER,2007,Inflation (%),0.05,Banque mondiale (WDI)
Niger,NER,2008,Inflation (%),11.31,Banque mondiale (WDI)
Niger,NER,2009,Inflation (%),0.58,Banque mondiale (WDI)
Niger,NER,2010,Inflation (%),0.8,Banque mondiale (WDI)
Niger,NER,2011,Inflation (%),2.94,Banque mondiale (WDI)
Niger,NER,2012,Inflation (%),0.46,Banque mondiale (WDI)
Niger,NER,2013,Inflation (%),2.3,Banque mondiale (WDI)
Niger,NER,2014,Inflation (%),-0.93,Banque mondiale (WDI)
Niger,NER,2015,Inflation (%),-0.58,Banque mondiale (WDI)
Niger,NER,2016,Inflation (%),1.65,Banque mondiale (WDI)
Niger,NER,2017,Inflation (%),2.8,Banque mondiale (WDI)
Niger,NER,2018,Inflation (%),2.97,Banque mondiale (WDI)
Niger,NER,2019,Inflation (%),-2.49,Banque mondiale (WDI)
Niger,NER,2020,Inflation (%),2.9,Banque mondiale (WDI)
Niger,NER,2021,Inflation (%),3.84,Banque mondiale (WDI)
Niger,NER,2022,Inflation (%),4.23,Banque mondiale (WDI)
Niger,NER,2023,Inflation (%),3.7,Banque mondiale (WDI)
Niger,NER,2024,Inflation (%),9.07,Banque mondiale (WDI)
Niger,NER,2025,Inflation (%),-4.45,Banque mondiale (WDI)
Sénégal,SEN,2000,Inflation (%),0.73,Banque mondiale (WDI)
Sénégal,SEN,2001,Inflation (%),2.97,Banque mondiale (WDI)
Sénégal,SEN,2002,Inflation (%),2.34,Banque mondiale (WDI)
Sénégal,SEN,2003,Inflation (%),-0.05,Banque mondiale (WDI)
Sénégal,SEN,2004,Inflation (%),0.51,Banque mondiale (WDI)
Sénégal,SEN,2005,Inflation (%),1.71,Banque mondiale (WDI)
Sénégal,SEN,2006,Inflation (%),2.11,Banque mondiale (WDI)
Sénégal,SEN,2007,Inflation (%),5.85,Banque mondiale (WDI)
Sénégal,SEN,2008,Inflation (%),7.35,Banque mondiale (WDI)
Sénégal,SEN,2009,Inflation (%),-2.25,Banque mondiale (WDI)
Sénégal,SEN,2010,Inflation (%),1.23,Banque mondiale (WDI)
Sénégal,SEN,2011,Inflation (%),3.4,Banque mondiale (WDI)
Sénégal,SEN,2012,Inflation (%),1.42,Banque mondiale (WDI)
Sénégal,SEN,2013,Inflation (%),0.71,Banque mondiale (WDI)
Sénégal,SEN,2014,Inflation (%),-1.09,Banque mondiale (WDI)
Sénégal,SEN,2015,Inflation (%),0.14,Banque mondiale (WDI)
Sénégal,SEN,2016,Inflation (%),0.84,Banque mondiale (WDI)
Sénégal,SEN,2017,Inflation (%),1.32,Banque mondiale (WDI)
Sénégal,SEN,2018,Inflation (%),0.46,Banque mondiale (WDI)
Sénégal,SEN,2019,Inflation (%),1.76,Banque mondiale (WDI)
Sénégal,SEN,2020,Inflation (%),2.54,Banque mondiale (WDI)
Sénégal,SEN,2021,Inflation (%),2.18,Banque mondiale (WDI)
Sénégal,SEN,2022,Inflation (%),9.7,Banque mondiale (WDI)
Sénégal,SEN,2023,Inflation (%),5.94,Banque mondiale (WDI)
Sénégal,SEN,2024,Inflation (%),0.8,Banque mondiale (WDI)
Sénégal,SEN,2025,Inflation (%),1.46,Banque mondiale (WDI)
Togo,TGO,2000,Inflation (%),1.86,Banque mondiale (WDI)
Togo,TGO,2001,Inflation (%),3.92,Banque mondiale (WDI)
Togo,TGO,2002,Inflation (%),3.06,Banque mondiale (WDI)
Togo,TGO,2003,Inflation (%),-0.93,Banque mondiale (WDI)
Togo,TGO,2004,Inflation (%),0.39,Banque mondiale (WDI)
Togo,TGO,2005,Inflation (%),6.78,Banque mondiale (WDI)
Togo,TGO,2006,Inflation (%),2.23,Banque mondiale (WDI)
Togo,TGO,2007,Inflation (%),0.95,Banque mondiale (WDI)
Togo,TGO,2008,Inflation (%),8.69,Banque mondiale (WDI)
Togo,TGO,2009,Inflation (%),3.71,Banque mondiale (WDI)
Togo,TGO,2010,Inflation (%),1.45,Banque mondiale (WDI)
Togo,TGO,2011,Inflation (%),3.56,Banque mondiale (WDI)
Togo,TGO,2012,Inflation (%),2.58,Banque mondiale (WDI)
Togo,TGO,2013,Inflation (%),1.83,Banque mondiale (WDI)
Togo,TGO,2014,Inflation (%),0.19,Banque mondiale (WDI)
Togo,TGO,2015,Inflation (%),2.59,Banque mondiale (WDI)
Togo,TGO,2016,Inflation (%),1.29,Banque mondiale (WDI)
Togo,TGO,2017,Inflation (%),-0.98,Banque mondiale (WDI)
Togo,TGO,2018,Inflation (%),0.93,Banque mondiale (WDI)
Togo,TGO,2019,Inflation (%),0.67,Banque mondiale (WDI)
Togo,TGO,2020,Inflation (%),1.7,Banque mondiale (WDI)
Togo,TGO,2021,Inflation (%),4.19,Banque mondiale (WDI)
Togo,TGO,2022,Inflation (%),7.97,Banque mondiale (WDI)
Togo,TGO,2023,Inflation (%),5.49,Banque mondiale (WDI)
Togo,TGO,2024,Inflation (%),2.86,Banque mondiale (WDI)
Togo,TGO,2025,Inflation (%),0.43,Banque mondiale (WDI)
Burkina Faso,BFA,2002,Recettes fiscales (% du PIB),9.66,Banque mondiale (WDI)
Burkina Faso,BFA,2003,Recettes fiscales (% du PIB),9.86,Banque mondiale (WDI)
Burkina Faso,BFA,2004,Recettes fiscales (% du PIB),11.29,Banque mondiale (WDI)
Burkina Faso,BFA,2005,Recettes fiscales (% du PIB),10.45,Banque mondiale (WDI)
Burkina Faso,BFA,2006,Recettes fiscales (% du PIB),10.78,Banque mondiale (WDI)
Burkina Faso,BFA,2007,Recettes fiscales (% du PIB),11.28,Banque mondiale (WDI)
Burkina Faso,BFA,2008,Recettes fiscales (% du PIB),10.55,Banque mondiale (WDI)
Burkina Faso,BFA,2009,Recettes fiscales (% du PIB),11.13,Banque mondiale (WDI)
Burkina Faso,BFA,2010,Recettes fiscales (% du PIB),11.31,Banque mondiale (WDI)
Burkina Faso,BFA,2011,Recettes fiscales (% du PIB),12.22,Banque mondiale (WDI)
Burkina Faso,BFA,2012,Recettes fiscales (% du PIB),13.89,Banque mondiale (WDI)
Burkina Faso,BFA,2013,Recettes fiscales (% du PIB),14.95,Banque mondiale (WDI)
Burkina Faso,BFA,2014,Recettes fiscales (% du PIB),13.66,Banque mondiale (WDI)
Burkina Faso,BFA,2015,Recettes fiscales (% du PIB),13.28,Banque mondiale (WDI)
Burkina Faso,BFA,2016,Recettes fiscales (% du PIB),14.14,Banque mondiale (WDI)
Burkina Faso,BFA,2017,Recettes fiscales (% du PIB),15.26,Banque mondiale (WDI)
Burkina Faso,BFA,2018,Recettes fiscales (% du PIB),15.29,Banque mondiale (WDI)
Burkina Faso,BFA,2019,Recettes fiscales (% du PIB),15.64,Banque mondiale (WDI)
Burkina Faso,BFA,2020,Recettes fiscales (% du PIB),13.74,Banque mondiale (WDI)
Burkina Faso,BFA,2021,Recettes fiscales (% du PIB),16.02,Banque mondiale (WDI)
Burkina Faso,BFA,2022,Recettes fiscales (% du PIB),17.86,Banque mondiale (WDI)
Burkina Faso,BFA,2023,Recettes fiscales (% du PIB),18.56,Banque mondiale (WDI)
Burkina Faso,BFA,2024,Recettes fiscales (% du PIB),18.68,Banque mondiale (WDI)
Côte d'Ivoire,CIV,2001,Recettes fiscales (% du PIB),9.54,Banque mondiale (WDI)
Côte d'Ivoire,CIV,2002,Recettes fiscales (% du PIB),10.05,Banque mondiale (WDI)
Côte d'Ivoire,CIV,2003,Recettes fiscales (% du PIB),9.66,Banque mondiale (WDI)
Côte d'Ivoire,CIV,2004,Recettes fiscales (% du PIB),10.01,Banque mondiale (WDI)
Côte d'Ivoire,CIV,2005,Recettes fiscales (% du PIB),9.87,Banque mondiale (WDI)
Côte d'Ivoire,CIV,2006,Recettes fiscales (% du PIB),10.33,Banque mondiale (WDI)
Côte d'Ivoire,CIV,2007,Recettes fiscales (% du PIB),10.67,Banque mondiale (WDI)
Côte d'Ivoire,CIV,2008,Recettes fiscales (% du PIB),10.74,Banque mondiale (WDI)
Côte d'Ivoire,CIV,2009,Recettes fiscales (% du PIB),10.5,Banque mondiale (WDI)
Côte d'Ivoire,CIV,2010,Recettes fiscales (% du PIB),10.21,Banque mondiale (WDI)
Côte d'Ivoire,CIV,2011,Recettes fiscales (% du PIB),7.57,Banque mondiale (WDI)
Côte d'Ivoire,CIV,2012,Recettes fiscales (% du PIB),10.62,Banque mondiale (WDI)
Côte d'Ivoire,CIV,2013,Recettes fiscales (% du PIB),10.64,Banque mondiale (WDI)
Côte d'Ivoire,CIV,2014,Recettes fiscales (% du PIB),10.12,Banque mondiale (WDI)
Côte d'Ivoire,CIV,2015,Recettes fiscales (% du PIB),11.18,Banque mondiale (WDI)
Côte d'Ivoire,CIV,2016,Recettes fiscales (% du PIB),11.46,Banque mondiale (WDI)
Côte d'Ivoire,CIV,2017,Recettes fiscales (% du PIB),11.76,Banque mondiale (WDI)
Côte d'Ivoire,CIV,2018,Recettes fiscales (% du PIB),11.67,Banque mondiale (WDI)
Côte d'Ivoire,CIV,2019,Recettes fiscales (% du PIB),11.67,Banque mondiale (WDI)
Côte d'Ivoire,CIV,2020,Recettes fiscales (% du PIB),11.79,Banque mondiale (WDI)
Côte d'Ivoire,CIV,2021,Recettes fiscales (% du PIB),12.39,Banque mondiale (WDI)
Côte d'Ivoire,CIV,2022,Recettes fiscales (% du PIB),11.82,Banque mondiale (WDI)
Côte d'Ivoire,CIV,2023,Recettes fiscales (% du PIB),13.04,Banque mondiale (WDI)
Guinée-Bissau,GNB,2017,Recettes fiscales (% du PIB),9.48,Banque mondiale (WDI)
Guinée-Bissau,GNB,2018,Recettes fiscales (% du PIB),8.86,Banque mondiale (WDI)
Guinée-Bissau,GNB,2019,Recettes fiscales (% du PIB),8.53,Banque mondiale (WDI)
Guinée-Bissau,GNB,2020,Recettes fiscales (% du PIB),6.95,Banque mondiale (WDI)
Guinée-Bissau,GNB,2021,Recettes fiscales (% du PIB),8.79,Banque mondiale (WDI)
Guinée-Bissau,GNB,2022,Recettes fiscales (% du PIB),8.71,Banque mondiale (WDI)
Guinée-Bissau,GNB,2023,Recettes fiscales (% du PIB),8.85,Banque mondiale (WDI)
Guinée-Bissau,GNB,2024,Recettes fiscales (% du PIB),8.3,Banque mondiale (WDI)
Mali,MLI,2000,Recettes fiscales (% du PIB),9.07,Banque mondiale (WDI)
Mali,MLI,2001,Recettes fiscales (% du PIB),8.9,Banque mondiale (WDI)
Mali,MLI,2002,Recettes fiscales (% du PIB),9.4,Banque mondiale (WDI)
Mali,MLI,2003,Recettes fiscales (% du PIB),10.74,Banque mondiale (WDI)
Mali,MLI,2004,Recettes fiscales (% du PIB),11.51,Banque mondiale (WDI)
Mali,MLI,2005,Recettes fiscales (% du PIB),11.18,Banque mondiale (WDI)
Mali,MLI,2006,Recettes fiscales (% du PIB),11.2,Banque mondiale (WDI)
Mali,MLI,2007,Recettes fiscales (% du PIB),10.98,Banque mondiale (WDI)
Mali,MLI,2008,Recettes fiscales (% du PIB),10.16,Banque mondiale (WDI)
Mali,MLI,2009,Recettes fiscales (% du PIB),10.92,Banque mondiale (WDI)
Mali,MLI,2010,Recettes fiscales (% du PIB),10.84,Banque mondiale (WDI)
Mali,MLI,2011,Recettes fiscales (% du PIB),10.55,Banque mondiale (WDI)
Mali,MLI,2012,Recettes fiscales (% du PIB),10.93,Banque mondiale (WDI)
Mali,MLI,2013,Recettes fiscales (% du PIB),10.96,Banque mondiale (WDI)
Mali,MLI,2014,Recettes fiscales (% du PIB),10.64,Banque mondiale (WDI)
Mali,MLI,2015,Recettes fiscales (% du PIB),11.85,Banque mondiale (WDI)
Mali,MLI,2016,Recettes fiscales (% du PIB),12.9,Banque mondiale (WDI)
Mali,MLI,2017,Recettes fiscales (% du PIB),13.33,Banque mondiale (WDI)
Mali,MLI,2018,Recettes fiscales (% du PIB),9.78,Banque mondiale (WDI)
Mali,MLI,2019,Recettes fiscales (% du PIB),12.24,Banque mondiale (WDI)
Mali,MLI,2020,Recettes fiscales (% du PIB),11.95,Banque mondiale (WDI)
Sénégal,SEN,2015,Recettes fiscales (% du PIB),15.77,Banque mondiale (WDI)
Sénégal,SEN,2016,Recettes fiscales (% du PIB),16.37,Banque mondiale (WDI)
Sénégal,SEN,2017,Recettes fiscales (% du PIB),15.93,Banque mondiale (WDI)
Sénégal,SEN,2018,Recettes fiscales (% du PIB),16.38,Banque mondiale (WDI)
Sénégal,SEN,2019,Recettes fiscales (% du PIB),18.42,Banque mondiale (WDI)
Sénégal,SEN,2020,Recettes fiscales (% du PIB),17.45,Banque mondiale (WDI)
Sénégal,SEN,2021,Recettes fiscales (% du PIB),17.55,Banque mondiale (WDI)
Sénégal,SEN,2022,Recettes fiscales (% du PIB),18.59,Banque mondiale (WDI)
Sénégal,SEN,2023,Recettes fiscales (% du PIB),19.54,Banque mondiale (WDI)
Togo,TGO,2004,Recettes fiscales (% du PIB),9.31,Banque mondiale (WDI)
Togo,TGO,2005,Recettes fiscales (% du PIB),9.12,Banque mondiale (WDI)
Togo,TGO,2006,Recettes fiscales (% du PIB),9.83,Banque mondiale (WDI)
Togo,TGO,2007,Recettes fiscales (% du PIB),10.88,Banque mondiale (WDI)
Togo,TGO,2008,Recettes fiscales (% du PIB),10.34,Banque mondiale (WDI)
Togo,TGO,2009,Recettes fiscales (% du PIB),10.32,Banque mondiale (WDI)
Togo,TGO,2010,Recettes fiscales (% du PIB),10.51,Banque mondiale (WDI)
Togo,TGO,2011,Recettes fiscales (% du PIB),11.41,Banque mondiale (WDI)
Togo,TGO,2012,Recettes fiscales (% du PIB),11.36,Banque mondiale (WDI)
Togo,TGO,2013,Recettes fiscales (% du PIB),12.1,Banque mondiale (WDI)
Togo,TGO,2014,Recettes fiscales (% du PIB),13.17,Banque mondiale (WDI)
Togo,TGO,2015,Recettes fiscales (% du PIB),13.77,Banque mondiale (WDI)
Togo,TGO,2016,Recettes fiscales (% du PIB),13.87,Banque mondiale (WDI)
Togo,TGO,2017,Recettes fiscales (% du PIB),13.06,Banque mondiale (WDI)
Togo,TGO,2018,Recettes fiscales (% du PIB),12.86,Banque mondiale (WDI)
Togo,TGO,2019,Recettes fiscales (% du PIB),13.58,Banque mondiale (WDI)
Togo,TGO,2020,Recettes fiscales (% du PIB),12.72,Banque mondiale (WDI)
Togo,TGO,2021,Recettes fiscales (% du PIB),13.87,Banque mondiale (WDI)
Togo,TGO,2022,Recettes fiscales (% du PIB),13.4,Banque mondiale (WDI)
Togo,TGO,2023,Recettes fiscales (% du PIB),13.92,Banque mondiale (WDI)
